timestamp,bid_p1,bid_v1,bid_p2,bid_v2,bid_p3,bid_v3,bid_p4,bid_v4,bid_p5,bid_v5,bid_p6,bid_v6,bid_p7,bid_v7,bid_p8,bid_v8,bid_p9,bid_v9,bid_p10,bid_v10,ask_p1,ask_v1,ask_p2,ask_v2,ask_p3,ask_v3,ask_p4,ask_v4,ask_p5,ask_v5,ask_p6,ask_v6,ask_p7,ask_v7,ask_p8,ask_v8,ask_p9,ask_v9,ask_p10,ask_v10,mid_price,spread,spread_bps,imbalance_l1,total_bid_vol,total_ask_vol,imbalance_all,mid_return
2026-05-28 15:19:42.906061,72784.19,3.61152,72784.18,0.00086,72784.17,0.00014,72784.01,0.00016,72784.0,0.02456,72783.62,0.004,72783.44,8e-05,72783.31,0.00016,72783.3,2.55269,72783.29,1.87423,72784.2,1.28544,72784.21,0.00102,72784.22,0.00014,72785.12,0.00014,72785.5,0.00024,72785.51,0.22549,72785.52,0.00016,72785.53,0.08769,72785.96,7e-05,72786.0,0.00024,72784.195,0.00999999999476131,0.001373924654213914,0.47500490099980397,8.0684,1.60063,0.6689161167149135,
2026-05-28 15:19:43.155540,72784.19,3.61105,72784.18,0.00086,72784.17,0.00014,72784.01,0.00016,72784.0,0.02456,72783.62,0.004,72783.44,8e-05,72783.31,0.00016,72783.3,2.55269,72783.29,1.87423,72784.2,1.28413,72784.21,0.0011,72784.22,0.00014,72785.11,0.00016,72785.12,0.09081,72785.5,0.00024,72785.51,0.22549,72785.52,0.00016,72785.53,0.08769,72785.96,7e-05,72784.195,0.00999999999476131,0.001373924654213914,0.4753492210705225,8.06793,1.68999,0.6536167543902799,0.0
2026-05-28 15:19:43.590931,72784.19,2.16703,72784.18,0.00094,72784.17,0.00014,72784.01,0.00016,72784.0,0.02456,72783.44,8e-05,72783.29,0.0004,72783.28,6.00123,72783.2,8e-05,72782.17,7e-05,72784.2,3.20688,72784.21,0.00118,72784.22,0.00014,72784.68,0.00777,72785.11,0.00016,72785.12,0.09081,72785.38,8e-05,72785.44,0.004,72785.5,0.00024,72785.51,0.22549,72784.195,0.00999999999476131,0.001373924654213914,-0.19349970505646724,8.19469,3.53675,0.39704759177049026,0.0
2026-05-28 15:19:44.105630,72783.28,5.23452,72783.27,0.00086,72783.26,0.00014,72783.2,8e-05,72782.17,7e-05,72782.0,0.00856,72781.14,8e-05,72781.01,0.00206,72780.93,0.00026,72780.5,0.00536,72783.29,5.66063,72783.3,0.00038,72783.31,0.00014,72783.62,0.004,72784.0,0.00016,72784.01,0.17957,72784.14,7e-05,72784.18,0.00024,72784.19,0.39873,72784.2,0.39553,72783.285,0.00999999999476131,0.0013739418322161895,-0.039110062734335954,5.251989999999999,6.639449999999999,-0.11667720646111825,-1.250271435992989e-05
2026-05-28 15:19:44.599193,72783.28,5.23452,72783.27,0.00086,72783.26,0.00014,72783.2,8e-05,72782.17,7e-05,72782.0,0.00856,72781.74,8e-05,72781.01,0.00206,72780.93,0.00026,72780.5,0.00536,72783.29,5.7007,72783.3,0.00038,72783.31,0.00014,72783.62,0.004,72784.0,0.00016,72784.01,0.18257,72784.14,7e-05,72784.18,0.00024,72784.19,0.39873,72784.2,0.39543,72783.285,0.00999999999476131,0.0013739418322161895,-0.04263105817715605,5.251989999999999,6.68242,-0.11985762178440328,0.0
2026-05-28 15:19:45.103303,72783.28,5.23452,72783.27,0.00086,72783.26,0.00014,72783.2,8e-05,72782.17,7e-05,72782.0,0.00856,72781.74,8e-05,72781.01,0.00206,72780.93,0.00026,72780.5,0.00536,72783.29,5.70043,72783.3,0.00038,72783.31,0.00014,72783.62,0.004,72784.0,0.00113,72784.01,0.18257,72784.14,7e-05,72784.18,0.00024,72784.19,0.39873,72784.2,0.39543,72783.285,0.00999999999476131,0.0013739418322161895,-0.04260741932976374,5.251989999999999,6.683119999999999,-0.11990924256248998,0.0
2026-05-28 15:19:45.591461,72779.52,0.00563,72779.51,0.00072,72778.56,8e-05,72778.49,0.00042,72778.07,0.00011,72778.0,0.00856,72777.99,7e-05,72777.7,0.00616,72777.22,7e-05,72777.21,0.00024,72779.53,4.30751,72779.54,0.00022,72779.55,0.00014,72779.69,6.78351,72779.75,0.13413,72779.86,0.03407,72780.4,7e-05,72781.39,0.0915,72781.55,0.0915,72781.74,0.04032,72779.525,0.00999999999476131,0.001374012814010714,-0.9973893729394362,0.02206,11.482969999999998,-0.9961651555884687,-5.166021291846956e-05
2026-05-28 15:19:46.226674,72762.74,3.50479,72762.73,0.00064,72762.44,8e-05,72762.0,0.00856,72761.84,0.00016,72761.83,0.09456,72761.82,0.09144,72761.78,0.004,72761.72,8e-05,72761.7,0.00445,72762.75,2.19655,72762.76,0.00038,72762.77,0.00014,72763.26,0.00024,72763.27,0.00023,72764.38,0.00016,72764.39,0.0167,72764.59,0.00023,72765.44,7e-05,72765.51,0.09167,72762.745,0.00999999999476131,0.0013743296785685192,0.22946184581168638,3.7087600000000003,2.3063700000000003,0.23314375582905103,-0.00023055935031179864
2026-05-28 15:19:46.600434,72762.74,3.46487,72762.73,0.00064,72762.0,0.00856,72761.86,0.00016,72761.85,0.83216,72761.84,2.46185,72761.82,0.0916,72761.78,0.004,72761.7,0.00445,72761.69,0.002,72762.75,2.20516,72762.76,0.00038,72762.77,0.00014,72763.26,8e-05,72763.27,7e-05,72764.38,0.00016,72764.39,0.01686,72764.59,7e-05,72765.07,8e-05,72765.44,7e-05,72762.745,0.00999999999476131,0.0013743296785685192,0.22216990033562437,6.87029,2.22307,0.5110564191893865,0.0
2026-05-28 15:19:47.176737,72762.74,3.47133,72762.73,0.00064,72762.0,0.00856,72761.86,0.00016,72761.85,0.83216,72761.84,2.46201,72761.82,0.0916,72761.78,0.004,72761.7,0.00445,72761.69,0.002,72762.75,2.20461,72762.76,0.00038,72762.77,0.00014,72763.27,7e-05,72763.48,8e-05,72763.58,0.00016,72763.59,0.01393,72764.38,0.00024,72764.39,0.01686,72764.59,7e-05,72762.745,0.00999999999476131,0.0013743296785685192,0.22317360648632645,6.87691,2.23654,0.5091781926712714,0.0
2026-05-28 15:19:47.579326,72762.74,3.47419,72762.73,0.00078,72762.72,0.00014,72762.0,0.00856,72761.86,0.00016,72761.85,0.83216,72761.84,2.46201,72761.82,0.0916,72761.78,0.004,72761.7,0.00445,72762.75,2.20461,72762.76,0.00038,72762.77,0.00014,72762.89,0.00206,72763.27,7e-05,72763.48,8e-05,72763.58,0.00016,72763.59,0.01393,72764.01,0.003,72764.02,0.01855,72762.745,0.00999999999476131,0.0013743296785685192,0.22356483764175525,6.87805,2.2429800000000006,0.5081739671944943,0.0
2026-05-28 15:19:48.114761,72762.74,3.49344,72762.73,0.00078,72762.72,0.00014,72762.24,0.00206,72762.0,0.00856,72761.86,0.00016,72761.85,0.83216,72761.84,2.46201,72761.82,0.0916,72761.78,0.004,72762.75,1.97592,72762.76,0.00038,72762.77,0.00014,72762.89,0.00206,72763.27,7e-05,72763.48,8e-05,72763.58,0.00024,72763.59,0.01393,72764.01,0.00324,72764.02,0.01871,72762.745,0.00999999999476131,0.0013743296785685192,0.2774584229233402,6.894909999999999,2.01477,0.5477345987734688,0.0
2026-05-28 15:19:48.581430,72762.74,3.23006,72762.73,0.0007,72762.72,0.00014,72762.24,0.00206,72762.0,0.00856,72761.85,8e-05,72761.7,0.00445,72761.69,0.002,72761.6,0.00158,72761.55,0.00063,72762.75,2.6756,72762.76,0.00038,72762.77,0.00014,72762.89,0.00206,72763.27,7e-05,72763.48,8e-05,72763.58,0.00024,72763.59,0.01393,72763.65,0.00016,72763.66,0.13399,72762.745,0.00999999999476131,0.0013743296785685192,0.09388620408218552,3.2502600000000004,2.8266500000000003,0.06970812468836958,0.0
2026-05-28 15:19:49.094768,72762.74,3.62328,72762.73,0.0007,72762.72,0.00014,72762.24,0.00206,72762.0,0.00856,72761.84,0.00016,72761.83,0.09374,72761.82,0.08541,72761.78,0.004,72761.7,0.00445,72762.75,1.64889,72762.76,0.00094,72762.77,0.00014,72762.89,0.00206,72763.27,7e-05,72763.48,8e-05,72763.58,0.00024,72763.59,0.01393,72763.65,0.00024,72763.66,0.13415,72762.745,0.00999999999476131,0.0013743296785685192,0.37449285588287173,3.8225000000000002,1.80074,0.35953649497442763,0.0
2026-05-28 15:19:49.598836,72762.74,3.87629,72762.73,0.0007,72762.72,0.00014,72762.24,0.00206,72762.0,0.00856,72761.84,0.00024,72761.83,0.09374,72761.82,0.08541,72761.78,0.004,72761.7,0.00445,72762.75,1.50956,72762.76,0.0011,72762.77,0.00014,72762.89,0.00206,72763.27,7e-05,72763.48,8e-05,72763.58,8e-05,72763.65,0.00024,72763.66,0.11162,72763.67,0.09086,72762.745,0.00999999999476131,0.0013743296785685192,0.43943481530306266,4.07559,1.7158100000000003,0.40746278965362426,0.0
2026-05-28 15:19:50.104858,72762.74,3.87629,72762.73,0.0007,72762.72,0.00014,72762.24,0.00206,72762.0,0.00856,72761.84,0.00024,72761.83,0.09374,72761.82,0.08541,72761.78,0.004,72761.7,0.00445,72762.75,1.50972,72762.76,0.00126,72762.77,0.00014,72762.89,0.00206,72763.27,7e-05,72763.48,8e-05,72763.65,0.00024,72763.66,0.11162,72763.67,0.09086,72764.01,0.00732,72762.745,0.00999999999476131,0.0013743296785685192,0.4393920546007156,4.07559,1.72337,0.40562790569343465,0.0
2026-05-28 15:19:50.593034,72762.74,3.90836,72762.73,0.0003,72762.72,0.00014,72762.24,0.00206,72762.0,0.00856,72761.84,8e-05,72761.83,0.09358,72761.82,0.08548,72761.78,0.004,72761.71,0.00013,72762.75,0.19633,72762.76,0.00118,72762.77,0.00014,72762.89,0.00206,72763.27,7e-05,72763.48,8e-05,72763.65,8e-05,72764.01,0.00732,72764.02,0.01871,72764.21,8e-05,72762.745,0.00999999999476131,0.0013743296785685192,0.9043386954922297,4.102690000000001,0.22604999999999997,0.8955585228034024,0.0
2026-05-28 15:19:51.106370,72762.74,5.37657,72762.73,0.0003,72762.72,0.00014,72762.24,0.00206,72762.0,0.00856,72761.84,8e-05,72761.83,0.09358,72761.82,0.08548,72761.78,0.004,72761.71,0.00013,72762.75,0.19594,72762.76,0.00094,72762.77,0.00014,72762.89,0.00206,72763.27,7e-05,72763.48,8e-05,72764.01,0.0074,72764.02,0.01871,72764.21,8e-05,72764.59,7e-05,72762.745,0.00999999999476131,0.0013743296785685192,0.9296762141297188,5.5709,0.22548999999999997,0.9221964015533807,0.0
2026-05-28 15:19:51.599437,72762.74,5.37682,72762.73,0.0003,72762.72,0.00014,72762.24,0.00206,72762.0,0.00856,72761.84,8e-05,72761.83,0.13112,72761.82,0.08548,72761.78,0.004,72761.71,0.00013,72762.75,0.07777,72762.76,0.00094,72762.77,0.00014,72762.89,0.00206,72763.27,7e-05,72763.48,8e-05,72764.01,0.0074,72764.02,0.01871,72764.21,8e-05,72764.59,7e-05,72762.745,0.00999999999476131,0.0013743296785685192,0.971484566209376,5.608690000000001,0.10732000000000001,0.9624493309143967,0.0
2026-05-28 15:19:52.088196,72762.74,5.45177,72762.73,0.0003,72762.72,0.00014,72762.24,0.00206,72762.0,0.00856,72761.84,8e-05,72761.83,0.86945,72761.82,0.08555,72761.78,0.004,72761.71,0.00013,72762.75,0.07769,72762.76,0.00094,72762.77,0.00014,72762.89,0.00206,72763.27,7e-05,72763.48,8e-05,72764.01,0.0074,72764.02,0.01871,72764.21,8e-05,72764.59,7e-05,72762.745,0.00999999999476131,0.0013743296785685192,0.9718996068332171,6.422039999999999,0.10724,0.9671510488139581,0.0
2026-05-28 15:19:52.633640,72762.74,3.89987,72762.73,0.0003,72762.72,0.00014,72762.24,0.00206,72762.0,0.00856,72761.84,0.00024,72761.83,0.84535,72761.82,0.08562,72761.78,0.004,72761.71,0.00013,72762.75,0.19062,72762.76,0.00102,72762.77,0.00014,72762.89,0.00206,72763.27,7e-05,72763.48,8e-05,72764.01,0.0074,72764.02,0.01871,72764.21,8e-05,72764.59,7e-05,72762.745,0.00999999999476131,0.0013743296785685192,0.9067984520191957,4.84627,0.22024999999999997,0.9130566937463979,0.0
2026-05-28 15:19:53.471766,72762.74,3.42512,72762.73,0.0007,72762.72,0.00014,72762.24,0.00206,72762.0,0.00856,72761.86,0.00016,72761.85,0.87102,72761.84,2.46209,72761.82,0.08555,72761.78,0.004,72762.75,1.88178,72762.76,0.00134,72762.77,0.00014,72762.89,0.00206,72763.27,7e-05,72763.48,8e-05,72763.66,0.00016,72763.67,0.10984,72763.68,0.09169,72764.01,0.0074,72762.745,0.00999999999476131,0.0013743296785685192,0.2908176148033692,6.8594,2.09456,0.5321489039486439,0.0
2026-05-28 15:19:53.640754,72762.74,3.42527,72762.73,0.0007,72762.72,0.00014,72762.24,0.00206,72762.0,0.00856,72761.87,0.00016,72761.86,0.09162,72761.85,0.8711,72761.84,2.46201,72761.82,0.00014,72762.75,2.13796,72762.76,0.00134,72762.77,0.00014,72762.89,0.00206,72763.27,7e-05,72763.48,8e-05,72763.66,0.00016,72763.67,0.10984,72763.68,0.09169,72764.01,0.0074,72762.745,0.00999999999476131,0.0013743296785685192,0.23139614935927505,6.86176,2.3507400000000005,0.4896629579375848,0.0
2026-05-28 15:19:54.936321,72762.74,3.53836,72762.73,0.0007,72762.72,0.00014,72762.24,0.00206,72762.0,0.00856,72761.87,0.00016,72761.86,0.09178,72761.85,0.8711,72761.84,2.46201,72761.82,0.00014,72762.75,1.95477,72762.76,0.00134,72762.77,0.00014,72762.89,0.00206,72763.27,7e-05,72763.48,8e-05,72763.66,0.00024,72763.67,0.10966,72763.68,0.09169,72764.01,0.00732,72762.745,0.00999999999476131,0.0013743296785685192,0.2882855494044379,6.975010000000001,2.1673699999999996,0.5258630684788863,0.0
2026-05-28 15:19:55.113907,72762.74,3.53836,72762.73,0.0007,72762.72,0.00014,72762.24,0.00206,72762.0,0.00856,72761.87,0.00016,72761.86,0.09178,72761.85,0.8711,72761.84,2.46201,72761.82,0.00014,72762.75,2.11615,72762.76,0.00134,72762.77,0.00014,72762.89,0.00206,72763.27,7e-05,72763.48,8e-05,72763.66,0.00024,72763.67,0.10966,72763.68,0.09169,72764.01,0.00732,72762.745,0.00999999999476131,0.0013743296785685192,0.25151781498308423,6.975010000000001,2.32875,0.4993959431455671,0.0
2026-05-28 15:19:55.276384,72762.74,3.5382,72762.73,0.0007,72762.72,0.00014,72762.24,0.00206,72762.0,0.00856,72761.87,0.00016,72761.86,0.09178,72761.85,0.8711,72761.84,2.46201,72761.82,0.00014,72762.75,2.11607,72762.76,0.00134,72762.77,0.00014,72762.89,0.00206,72763.27,7e-05,72763.48,8e-05,72763.66,0.00024,72763.67,0.10966,72763.68,0.09169,72764.01,0.00732,72762.745,0.00999999999476131,0.0013743296785685192,0.2515143422581517,6.97485,2.32867,0.4994002270108519,0.0
2026-05-28 15:19:55.603549,72767.32,7.60878,72767.31,0.13488,72767.3,0.00014,72766.97,0.00023,72766.81,0.00024,72766.8,0.20706,72766.79,0.00023,72766.43,7e-05,72766.42,0.00023,72765.5,0.00016,72767.33,3.10253,72767.34,0.00072,72767.35,0.00023,72767.5,0.00737,72767.77,0.00616,72768.0,0.0014,72768.01,0.00716,72768.25,0.09077,72768.26,0.09154,72768.27,0.00037,72767.32500000001,0.00999999999476131,0.0013742431777946087,0.42070017579549096,7.952020000000001,3.3082499999999997,0.4124030773684824,6.294429931164025e-05
2026-05-28 15:19:56.222650,72767.32,4.66738,72767.31,0.13488,72767.3,0.00014,72766.81,8e-05,72766.8,7e-05,72766.43,7e-05,72766.41,8e-05,72765.49,7e-05,72765.44,7e-05,72765.08,8e-05,72767.33,2.91865,72767.34,0.00072,72767.35,7e-05,72767.77,0.00616,72768.0,0.0014,72768.01,0.00716,72768.24,0.00016,72768.25,0.06352,72768.26,0.0917,72768.27,0.00014,72767.32500000001,0.00999999999476131,0.0013742431777946087,0.23051978439315424,4.8029199999999985,3.0896799999999995,0.2170691533841826,0.0
2026-05-28 15:19:56.576521,72767.32,4.664,72767.31,0.13496,72767.3,0.00014,72766.81,8e-05,72766.8,7e-05,72766.43,7e-05,72766.0,0.003,72765.68,8e-05,72765.49,7e-05,72765.44,7e-05,72767.33,3.36636,72767.34,0.00072,72767.35,7e-05,72767.77,0.00616,72768.0,0.0014,72768.01,0.00716,72768.24,0.00016,72768.25,0.06352,72768.26,0.0917,72768.27,0.00014,72767.32500000001,0.00999999999476131,0.0013742431777946087,0.16159175927355685,4.80254,3.5373899999999994,0.15169791592975004,0.0
2026-05-28 15:19:57.272206,72767.32,4.46736,72767.31,0.13504,72767.3,0.00014,72766.8,7e-05,72766.43,7e-05,72766.0,0.003,72765.68,8e-05,72765.49,7e-05,72765.44,7e-05,72764.6,7e-05,72767.33,2.91286,72767.34,0.00083,72767.35,7e-05,72767.77,0.00616,72768.0,0.0014,72768.01,0.00716,72768.24,0.00016,72768.25,0.06352,72768.26,0.0917,72768.27,0.00014,72767.32500000001,0.00999999999476131,0.0013742431777946087,0.2106305774082616,4.60597,3.0839999999999996,0.1979162467473866,0.0
2026-05-28 15:19:57.615557,72767.32,4.42052,72767.31,0.00085,72767.3,0.00014,72766.8,7e-05,72766.43,7e-05,72766.0,0.00716,72765.68,8e-05,72765.49,7e-05,72765.44,7e-05,72764.6,7e-05,72767.33,3.3782,72767.34,0.00094,72767.35,0.00021,72767.77,0.00616,72768.0,0.00166,72768.01,0.00716,72768.24,0.00016,72768.25,0.09166,72768.26,0.0917,72768.27,0.00014,72767.32500000001,0.00999999999476131,0.0013742431777946087,0.13365270198186366,4.429099999999999,3.5779900000000002,0.10629454645820129,0.0
2026-05-28 15:19:58.095677,72767.32,3.62812,72767.31,0.00085,72767.3,0.00014,72766.8,7e-05,72766.43,7e-05,72766.0,0.00716,72765.68,8e-05,72765.49,7e-05,72765.44,7e-05,72764.6,7e-05,72767.33,3.37829,72767.34,0.00102,72767.35,0.00021,72767.77,0.00616,72768.0,0.00182,72768.01,0.00716,72768.24,0.00016,72768.25,0.09166,72768.26,0.0917,72768.27,0.00014,72767.32500000001,0.00999999999476131,0.0013742431777946087,0.035657348056993554,3.6367,3.5783199999999997,0.008091453661944126,0.0
2026-05-28 15:19:58.652088,72767.32,1.48716,72767.31,0.00101,72767.3,0.00014,72766.8,7e-05,72766.43,7e-05,72766.0,0.00716,72765.68,8e-05,72765.49,7e-05,72765.44,7e-05,72764.6,7e-05,72767.33,3.41825,72767.34,0.00094,72767.35,0.00021,72767.77,0.00616,72767.86,0.00812,72768.0,0.0014,72768.01,0.00716,72768.17,0.00016,72768.18,0.03423,72768.24,0.00016,72767.32500000001,0.00999999999476131,0.0013742431777946087,-0.3936653613051712,1.4959000000000002,3.47679,-0.39835380850203805,0.0
2026-05-28 15:19:59.108844,72767.32,1.43425,72767.31,0.00101,72767.3,0.00014,72766.8,7e-05,72766.43,7e-05,72766.0,0.00716,72765.68,8e-05,72765.49,7e-05,72765.44,7e-05,72764.6,7e-05,72767.33,3.41825,72767.34,0.00094,72767.35,0.00021,72767.77,0.00616,72767.86,0.00812,72768.0,0.0014,72768.01,0.00716,72768.17,0.00016,72768.18,0.03423,72768.24,0.00016,72767.32500000001,0.00999999999476131,0.0013742431777946087,-0.4088614116434827,1.4429900000000002,3.47679,-0.41339246876892854,0.0
2026-05-28 15:19:59.603317,72762.74,0.01773,72762.73,0.00064,72762.67,0.002,72762.37,7e-05,72762.24,0.00206,72762.0,0.00856,72761.84,0.00013,72761.82,0.00014,72761.71,0.00013,72761.7,0.00445,72762.75,6.49127,72762.76,0.00038,72762.77,0.00014,72763.19,0.03423,72763.6,0.004,72763.69,0.09275,72764.44,0.13759,72764.63,0.09268,72765.41,0.00704,72765.42,0.004,72762.745,0.00999999999476131,0.0013743296785685192,-0.9945521585497004,0.03591,6.864079999999999,-0.989591289262738,-6.294033757614503e-05
2026-05-28 15:20:00.187363,72762.74,0.02373,72762.73,0.00064,72762.67,0.002,72762.37,7e-05,72762.24,0.00206,72762.0,0.00856,72761.84,0.00013,72761.82,0.00014,72761.71,0.00013,72761.7,0.00445,72762.75,6.36055,72762.76,0.00038,72762.77,0.00014,72763.19,0.03423,72763.6,0.004,72763.68,0.17438,72763.69,0.09386,72764.44,0.13759,72764.63,0.09268,72765.41,0.00704,72762.745,0.00999999999476131,0.0013743296785685192,-0.9925661155212492,0.04191,6.90485,-0.9879339433059442,0.0
2026-05-28 15:20:00.592360,72762.74,0.05832,72762.73,0.00078,72762.72,0.00014,72762.67,0.002,72762.37,7e-05,72762.24,0.00206,72762.0,0.00856,72761.84,0.00013,72761.82,0.00014,72761.71,0.00013,72762.75,5.83261,72762.76,0.00038,72762.77,0.00014,72763.19,0.03423,72763.6,0.004,72763.67,8e-05,72763.68,0.17438,72763.69,0.09386,72764.01,0.004,72764.45,0.13759,72762.745,0.00999999999476131,0.0013743296785685192,-0.9802000702775283,0.07233000000000002,6.281269999999999,-0.9772318055905314,0.0
2026-05-28 15:20:01.105670,72762.74,0.03454,72762.73,0.00078,72762.72,0.00014,72762.67,0.002,72762.37,7e-05,72762.24,0.00206,72762.0,0.00856,72761.84,0.00013,72761.82,0.00014,72761.71,0.00013,72762.75,5.86105,72762.76,0.00038,72762.77,0.00014,72763.48,8e-05,72763.6,0.004,72763.67,0.16986,72763.68,0.03423,72763.69,0.09385,72764.01,0.004,72764.59,0.13759,72762.745,0.00999999999476131,0.0013743296785685192,-0.9882827672887702,0.04855,6.305179999999998,-0.9847176383006518,0.0
2026-05-28 15:20:01.608825,72750.0,2.67749,72749.99,0.00048,72749.92,0.00031,72749.76,0.00011,72749.75,0.00056,72749.52,0.0006,72749.48,0.00016,72749.32,0.00016,72749.11,0.0052,72748.71,0.01306,72750.01,4.85571,72750.02,0.03776,72750.03,0.00014,72750.36,0.00016,72750.37,0.09244,72750.48,7e-05,72750.86,0.004,72751.35,0.13378,72751.36,1.2739,72751.89,0.09253,72750.005,0.00999999999476131,0.0013745703515431111,-0.28914936547549513,2.69813,6.490489999999999,-0.41272356458314735,-0.00017508960114120953
2026-05-28 15:20:02.086763,72750.0,2.24437,72749.99,0.00072,72749.92,0.00031,72749.76,0.00011,72749.75,0.00056,72749.62,8e-05,72749.52,0.0006,72749.11,0.00536,72748.65,0.00042,72748.55,8e-05,72750.01,4.91035,72750.02,0.03792,72750.03,0.00014,72750.37,0.09267,72750.48,7e-05,72750.86,0.004,72751.34,0.49882,72751.35,0.13394,72751.89,0.09269,72752.41,7e-05,72750.005,0.00999999999476131,0.0013745703515431111,-0.3726183554352931,2.25261,5.77067,-0.43848151878034924,0.0
2026-05-28 15:20:02.701370,72750.0,2.24428,72749.99,0.00072,72749.92,0.00031,72749.76,0.00011,72749.75,0.00056,72749.62,8e-05,72749.52,0.0006,72749.11,0.00536,72748.89,8e-05,72748.65,0.00042,72750.01,4.93742,72750.02,0.03792,72750.03,0.00014,72750.37,0.09274,72750.48,7e-05,72750.86,0.004,72751.33,0.09177,72751.34,1.82702,72751.35,0.13394,72751.89,0.09269,72750.005,0.00999999999476131,0.0013745703515431111,-0.37500034810699423,2.2525199999999996,7.21771,-0.5242945525082284,0.0
2026-05-28 15:20:03.427488,72750.0,2.24544,72749.99,0.00072,72749.92,0.00031,72749.76,0.00011,72749.75,0.00056,72749.62,8e-05,72749.52,0.0006,72749.11,0.00536,72748.89,8e-05,72748.65,0.00042,72750.01,4.93054,72750.02,0.03792,72750.03,0.00014,72750.37,0.09274,72750.48,7e-05,72750.86,0.004,72751.33,0.09201,72751.34,1.82702,72751.35,0.13386,72751.89,0.09269,72750.005,0.00999999999476131,0.0013745703515431111,-0.37417885780060706,2.2536799999999997,7.21099,-0.5237699782454116,0.0
2026-05-28 15:20:03.677912,72750.0,2.24566,72749.99,0.00086,72749.98,0.00014,72749.92,0.00031,72749.76,0.00011,72749.75,0.00056,72749.62,8e-05,72749.52,0.0006,72749.11,0.00536,72748.89,8e-05,72750.01,4.95125,72750.02,0.03792,72750.03,0.00014,72750.37,0.09274,72750.48,7e-05,72750.86,0.004,72751.07,8e-05,72751.33,0.09201,72751.34,1.82702,72751.35,0.13386,72750.005,0.00999999999476131,0.0013745703515431111,-0.3759377288308455,2.2537599999999998,7.1390899999999995,-0.5201115742293341,0.0
2026-05-28 15:20:04.111349,72750.0,2.24558,72749.99,0.00086,72749.98,0.00014,72749.92,0.00031,72749.76,0.00011,72749.75,0.00056,72749.62,8e-05,72749.52,0.0006,72749.11,0.00536,72748.89,8e-05,72750.01,4.94729,72750.02,0.03792,72750.03,0.00014,72750.37,0.09274,72750.48,7e-05,72750.86,0.004,72751.07,8e-05,72751.33,0.09201,72751.34,1.8271,72751.35,0.13386,72750.005,0.00999999999476131,0.0013745703515431111,-0.3756094576990826,2.2536799999999997,7.135209999999999,-0.5199262106596201,0.0
2026-05-28 15:20:04.633819,72750.0,2.24558,72749.99,0.00086,72749.98,0.00014,72749.92,0.00031,72749.76,0.00011,72749.75,0.00056,72749.62,8e-05,72749.52,0.0006,72749.11,0.00536,72748.89,8e-05,72750.01,4.94729,72750.02,0.03792,72750.03,0.00014,72750.37,0.09274,72750.48,7e-05,72750.86,0.004,72751.07,8e-05,72751.33,0.09201,72751.34,1.8271,72751.35,0.13386,72750.005,0.00999999999476131,0.0013745703515431111,-0.3756094576990826,2.2536799999999997,7.135209999999999,-0.5199262106596201,0.0
2026-05-28 15:20:05.083731,72750.0,2.24573,72749.99,0.00086,72749.98,0.00014,72749.92,0.00031,72749.76,0.00011,72749.75,0.00056,72749.62,8e-05,72749.52,0.0006,72749.11,0.00536,72748.89,8e-05,72750.01,5.03347,72750.02,0.03792,72750.03,0.00014,72750.36,0.00016,72750.37,0.09274,72750.48,7e-05,72750.86,0.004,72751.07,8e-05,72751.32,0.00016,72751.33,0.09209,72750.005,0.00999999999476131,0.0013745703515431111,-0.38297340367073307,2.25383,5.2608299999999995,-0.40015117117740523,0.0
2026-05-28 15:20:05.606936,72750.0,2.24057,72749.99,0.00086,72749.98,0.00014,72749.92,0.00031,72749.76,0.00011,72749.75,0.00056,72749.62,8e-05,72749.52,0.0006,72749.11,0.00536,72748.89,8e-05,72750.01,6.39382,72750.02,0.03792,72750.03,0.00014,72750.36,0.00016,72750.37,0.09274,72750.48,7e-05,72750.86,0.004,72751.07,8e-05,72751.33,0.09201,72751.34,1.8271,72750.005,0.00999999999476131,0.0013745703515431111,-0.4810125556061285,2.2486699999999997,8.448039999999999,-0.5795585745523623,0.0
2026-05-28 15:20:06.297031,72726.0,0.45249,72725.99,0.00048,72725.92,8e-05,72725.81,0.00033,72725.71,0.00019,72725.5,0.00023,72725.08,0.00016,72725.07,0.00023,72725.05,0.00955,72724.83,7e-05,72726.01,6.61558,72726.02,0.00587,72726.03,0.00014,72726.26,7e-05,72726.93,0.0913,72726.94,7e-05,72727.2,0.004,72727.28,7e-05,72727.29,0.08047,72727.61,7e-05,72726.005,0.00999999999476131,0.0013750239676662164,-0.8719622188235261,0.46381000000000006,6.7976399999999995,-0.872254164113228,-0.00032989688454321264
2026-05-28 15:20:06.599269,72717.37,0.00644,72717.36,0.00056,72716.88,0.00053,72716.82,7e-05,72716.78,0.00275,72716.0,0.0084,72715.81,8e-05,72715.38,7e-05,72714.82,0.00012,72714.59,0.0509,72717.38,4.10389,72717.39,0.00024,72717.86,0.01588,72718.01,0.0948,72718.3,0.09109,72718.65,0.34541,72718.81,0.01581,72718.87,0.14955,72719.15,0.23115,72719.22,0.09109,72717.375,0.010000000009313226,0.0013751871556575337,-0.9968664316490405,0.06992,5.138910000000001,-0.9731532801032095,-0.00011866456847187123
2026-05-28 15:20:07.185208,72714.41,0.00107,72714.4,0.00064,72714.39,0.00013,72714.3,8e-05,72714.28,0.00496,72714.17,0.00033,72714.04,0.00073,72714.0,0.00856,72713.98,8e-05,72713.71,8e-05,72714.42,7.07807,72714.43,0.00038,72714.44,0.00014,72714.46,0.004,72715.31,0.08836,72716.0,0.13752,72716.2,0.08836,72716.28,0.004,72716.29,0.00016,72716.57,0.03423,72714.41500000001,0.00999999999476131,0.0013752431336704434,-0.99969770339335,0.01666,7.435219999999999,-0.995528645120426,-4.070553976942559e-05
2026-05-28 15:20:07.584942,72714.41,0.0015,72714.4,0.00147,72714.39,0.00013,72714.28,0.00496,72714.17,0.00033,72714.04,0.00073,72714.0,0.00856,72713.71,8e-05,72713.08,7e-05,72712.91,7e-05,72714.42,5.4501,72714.43,0.00038,72714.44,0.00014,72714.46,0.004,72715.3,0.0873,72715.31,0.08843,72716.01,0.004,72716.09,0.13768,72716.2,0.08836,72716.28,0.004,72714.41500000001,0.00999999999476131,0.0013752431336704434,-0.9994497028395334,0.017900000000000003,5.8643899999999975,-0.9939139348791032,0.0
2026-05-28 15:20:08.073374,72707.13,1.98469,72707.12,0.00087,72707.11,0.00014,72706.67,0.00333,72706.42,0.00275,72706.4,8e-05,72706.37,8e-05,72706.27,8e-05,72706.26,0.05795,72706.25,0.08738,72707.14,4.65315,72707.15,0.00038,72707.16,0.00014,72708.01,0.00016,72708.02,0.08745,72708.82,0.00206,72708.88,0.00016,72708.89,0.13362,72708.9,0.08738,72709.0,0.004,72707.13500000001,0.00999999999476131,0.0013753808336363837,-0.40200727947645615,2.1373500000000005,4.968499999999999,-0.398425241174525,-0.00010011770018358845
2026-05-28 15:20:08.607655,72712.02,5.92303,72712.01,0.14517,72712.0,0.00014,72711.16,0.0003,72710.65,0.00016,72710.3,0.00023,72709.77,0.00016,72709.76,0.1393,72709.59,0.00016,72709.58,0.16168,72712.03,2.8018,72712.04,0.00031,72712.42,7e-05,72712.88,0.08888,72712.89,0.08519,72713.08,7e-05,72713.3,7e-05,72713.74,0.00016,72713.75,0.08512,72714.0,0.0024,72712.025,0.00999999999476131,0.0013752883370751002,0.357741067734271,6.370330000000001,3.06407,0.3504472992453151,6.72561227998969e-05
2026-05-28 15:20:09.409156,72712.02,4.89477,72712.01,0.14485,72712.0,0.00014,72711.17,0.00016,72711.16,0.08122,72710.93,8e-05,72710.81,0.00016,72710.8,0.08383,72710.31,0.00016,72710.3,0.08535,72712.03,0.3932,72712.04,0.00045,72712.05,0.00014,72712.42,7e-05,72712.87,0.00024,72712.88,0.47655,72713.08,7e-05,72713.3,7e-05,72714.0,0.0024,72714.18,7e-05,72712.025,0.00999999999476131,0.0013752883370751002,0.8512850867156961,5.29072,0.8732599999999999,0.7166570949289258,0.0
2026-05-28 15:20:09.582117,72712.02,6.61662,72712.01,0.14485,72712.0,0.00014,72711.17,0.00016,72711.16,0.08115,72710.93,8e-05,72710.31,0.00016,72710.3,0.08542,72710.21,0.00016,72710.2,0.13776,72712.03,0.23931,72712.04,0.00101,72712.05,0.00014,72712.42,7e-05,72712.87,8e-05,72713.08,7e-05,72713.3,7e-05,72714.0,0.0024,72714.18,7e-05,72714.4,0.00016,72712.025,0.00999999999476131,0.0013752883370751002,0.93018890216207,7.0665000000000004,0.24337999999999996,0.933410671584212,0.0
2026-05-28 15:20:10.077153,72712.02,5.13346,72712.01,0.14485,72712.0,0.00014,72711.17,0.00016,72711.16,0.08122,72710.94,0.00704,72710.93,8e-05,72710.77,0.08691,72710.32,9e-05,72710.3,0.08542,72712.03,0.23906,72712.04,0.00101,72712.05,0.00014,72712.42,0.00149,72713.08,7e-05,72713.3,0.00169,72714.0,0.00428,72714.01,0.01216,72714.18,7e-05,72714.41,0.00015,72712.025,0.00999999999476131,0.0013752883370751002,0.9110063806184062,5.53937,0.26011999999999996,0.9102955604716968,0.0
2026-05-28 15:20:10.576770,72712.02,5.14721,72712.01,0.14485,72712.0,0.00014,72711.17,0.00016,72711.16,0.08122,72710.93,8e-05,72710.82,0.004,72710.78,0.00728,72710.77,0.08691,72710.31,0.00025,72712.03,0.24258,72712.04,0.00125,72712.05,0.00014,72712.42,0.00149,72713.08,7e-05,72713.11,8e-05,72713.23,0.00206,72713.3,0.00169,72714.0,0.00428,72714.01,0.01216,72712.025,0.00999999999476131,0.0013752883370751002,0.9099853612107336,5.472099999999999,0.2658,0.9073528642883286,0.0
2026-05-28 15:20:11.602439,72736.01,0.07572,72736.0,0.00146,72735.99,0.00014,72735.52,7e-05,72735.35,0.00024,72735.34,0.00016,72735.33,0.00016,72734.5,0.00016,72734.29,8e-05,72734.0,7e-05,72736.02,6.26576,72736.03,0.0003,72736.04,0.00014,72736.3,0.004,72736.45,0.03407,72736.85,0.08227,72737.11,0.12,72737.15,8e-05,72737.67,0.91963,72737.68,0.08206,72736.015,0.010000000009313226,0.0013748347375523975,-0.9761191393807125,0.07825999999999998,7.50831,-0.9793688056658015,0.00032993167223716036
2026-05-28 15:20:11.781908,72736.01,0.08825,72736.0,0.00102,72735.99,0.00014,72735.52,7e-05,72735.35,8e-05,72734.0,0.00087,72733.99,7e-05,72733.98,0.00014,72733.44,8e-05,72733.43,7e-05,72736.02,6.30648,72736.03,0.0003,72736.04,0.00014,72736.3,0.004,72736.45,0.03423,72736.85,0.08243,72737.1,0.012,72737.11,0.12016,72737.15,8e-05,72737.2,8e-05,72736.015,0.010000000009313226,0.0013748347375523975,-0.972399147422956,0.09078999999999998,6.559899999999998,-0.972697569725848,0.0
2026-05-28 15:20:12.067089,72728.73,2.00811,72728.72,0.0003,72728.71,0.00014,72728.39,8e-05,72728.29,8e-05,72728.04,7e-05,72728.0,0.0008,72727.7,8e-05,72727.09,0.00016,72727.08,0.02978,72728.74,4.98516,72728.75,0.00078,72728.76,0.00014,72729.56,0.00016,72729.57,0.08236,72730.38,0.00016,72730.39,0.11261,72730.4,0.08229,72731.1,0.00016,72731.11,0.04021,72728.735,0.010000000009313226,0.001374972355742641,-0.42570213934253937,2.0396000000000005,5.304030000000001,-0.44452539139362957,-0.00010008796880056625
2026-05-28 15:20:12.575633,72728.73,2.95825,72728.72,0.0003,72728.71,0.00357,72728.39,8e-05,72728.25,9e-05,72728.04,7e-05,72728.0,0.0008,72727.92,0.00016,72727.91,0.20641,72727.9,0.08224,72728.74,0.3347,72728.75,0.00094,72728.76,0.00014,72729.57,7e-05,72730.38,8e-05,72730.4,7e-05,72731.23,7e-05,72731.78,7e-05,72731.92,0.0002,72732.05,8e-05,72728.735,0.010000000009313226,0.001374972355742641,0.7967172292321474,3.2519700000000005,0.33642000000000005,0.8124952973339019,0.0
2026-05-28 15:20:13.107645,72728.73,2.97102,72728.72,0.0003,72728.71,0.00357,72728.39,8e-05,72728.25,9e-05,72728.04,7e-05,72728.01,0.00016,72728.0,0.01836,72727.92,0.00016,72727.91,0.19266,72728.74,0.18835,72728.75,0.00086,72728.76,0.00014,72729.57,7e-05,72730.4,7e-05,72731.23,7e-05,72731.78,7e-05,72731.92,0.0002,72732.06,7e-05,72732.88,0.00024,72728.735,0.010000000009313226,0.001374972355742641,0.8807673681778331,3.186470000000001,0.19013999999999992,0.8873781692289012,0.0
2026-05-28 15:20:13.581357,72728.73,2.94769,72728.72,0.0003,72728.71,0.00357,72728.39,8e-05,72728.25,9e-05,72728.04,7e-05,72728.02,0.00016,72728.01,0.023,72728.0,0.01836,72727.92,0.00024,72728.74,0.34214,72728.75,0.00102,72728.76,0.00014,72729.57,7e-05,72730.4,7e-05,72731.23,7e-05,72731.78,7e-05,72731.92,0.0002,72732.06,7e-05,72732.87,0.00016,72728.735,0.010000000009313226,0.001374972355742641,0.7920014104072246,2.9935600000000004,0.34401000000000004,0.7938560090125452,0.0
2026-05-28 15:20:14.077922,72728.73,3.7214,72728.72,0.0003,72728.71,0.00357,72728.39,8e-05,72728.25,9e-05,72728.04,7e-05,72728.0,0.03836,72727.92,8e-05,72727.91,0.1925,72727.9,0.08231,72728.74,0.1461,72728.75,0.00102,72728.76,0.00014,72729.57,7e-05,72730.4,7e-05,72731.23,7e-05,72731.78,7e-05,72731.92,0.0002,72732.06,7e-05,72732.87,0.00016,72728.735,0.010000000009313226,0.001374972355742641,0.9244473173884938,4.03876,0.14796999999999993,0.9293147635505514,0.0
2026-05-28 15:20:14.594070,72736.01,4.5463,72736.0,0.00093,72735.99,0.00014,72735.52,7e-05,72735.22,0.00016,72735.21,0.08823,72735.2,0.08107,72735.19,0.0004,72735.18,0.0823,72734.36,0.00016,72736.02,2.37035,72736.03,0.00094,72736.04,0.00014,72736.85,7e-05,72737.04,0.00014,72737.1,0.00016,72737.11,0.01663,72737.64,8e-05,72737.66,0.00027,72737.72,0.00206,72736.015,0.010000000009313226,0.0013748347375523975,0.3145959387853946,4.799760000000001,2.3908400000000007,0.3350095958612633,0.00010009798740484577
2026-05-28 15:20:15.077113,72736.01,3.85817,72736.0,0.00061,72735.99,0.00014,72735.52,7e-05,72735.22,0.00016,72735.21,0.08847,72735.2,0.08123,72735.19,0.00024,72735.18,0.0823,72735.02,8e-05,72736.02,1.94702,72736.03,0.00102,72736.04,0.00014,72736.85,0.0014,72737.04,7e-05,72737.64,8e-05,72737.72,0.00206,72738.0,0.0038,72738.01,0.00716,72738.49,0.00016,72736.015,0.010000000009313226,0.0013748347375523975,0.3292140308930457,4.11147,1.9629100000000002,0.3537085266315245,0.0
2026-05-28 15:20:15.647105,72724.0,0.1272,72723.99,0.00064,72722.82,8e-05,72722.73,7e-05,72722.39,8e-05,72722.38,7e-05,72722.0,0.00856,72721.54,8e-05,72721.47,0.0062,72721.45,0.003,72724.01,6.02938,72724.02,0.00022,72724.03,0.00014,72724.3,7e-05,72724.31,0.00016,72724.73,7e-05,72724.85,0.08312,72725.38,0.004,72725.69,0.08312,72725.99,2.76241,72724.005,0.00999999999476131,0.001375061782524396,-0.9586783571398405,0.14598,8.962689999999998,-0.9679470219033075,-0.00016511765182614102
2026-05-28 15:20:16.104583,72724.0,2.4542,72723.99,0.00072,72723.16,0.00014,72722.73,7e-05,72722.39,8e-05,72722.38,7e-05,72722.34,0.00016,72722.33,0.17206,72722.32,7e-05,72722.0,0.00856,72724.01,2.00863,72724.02,0.00038,72724.03,0.00014,72724.3,7e-05,72724.73,7e-05,72724.83,0.00016,72724.84,0.28606,72724.85,0.08335,72725.38,0.004,72725.68,0.00024,72724.005,0.00999999999476131,0.001375061782524396,0.09984023590412361,2.6361300000000005,2.3830999999999998,0.05041211500568827,0.0
2026-05-28 15:20:16.826857,72724.0,1.77281,72723.99,0.00064,72723.16,0.00014,72722.35,0.00016,72722.34,0.08329,72722.33,0.17206,72722.32,7e-05,72722.0,0.00856,72721.88,8e-05,72721.49,0.00016,72724.01,2.44134,72724.02,0.00057,72724.03,0.00014,72724.3,7e-05,72724.73,7e-05,72724.83,0.00024,72724.84,0.18577,72724.85,0.08335,72725.38,0.004,72725.52,8e-05,72724.005,0.00999999999476131,0.001375061782524396,-0.15863934601283766,2.0379700000000005,2.7156299999999995,-0.14255721979131583,0.0
2026-05-28 15:20:17.277193,72724.0,1.43874,72723.99,0.00048,72723.17,0.00016,72723.16,0.0003,72722.61,8e-05,72722.35,0.00016,72722.34,8e-05,72722.33,0.00023,72722.32,7e-05,72722.0,0.00856,72724.01,3.06417,72724.02,0.00057,72724.03,0.00014,72724.3,7e-05,72724.73,7e-05,72724.82,0.00016,72724.83,0.08231,72724.84,0.13767,72724.85,0.08335,72725.38,0.004,72724.005,0.00999999999476131,0.001375061782524396,-0.36097323730654174,1.4488599999999998,3.37251,-0.3989841061772899,0.0
2026-05-28 15:20:17.591355,72713.79,2.73304,72713.78,0.00078,72713.77,0.00357,72713.76,0.00016,72713.75,0.38978,72713.71,0.00015,72713.55,9e-05,72713.45,0.08232,72713.44,7e-05,72713.43,7e-05,72713.8,2.78372,72713.81,0.00038,72713.82,0.00014,72714.57,0.00583,72714.62,0.00016,72714.63,0.08237,72714.75,0.00024,72714.76,0.18719,72714.77,0.16369,72716.28,0.00016,72713.795,0.010000000009313226,0.0013752548617924874,-0.00918655152662075,3.21003,3.2238800000000003,-0.002152656782578578,-0.0001403938080694056
2026-05-28 15:20:18.256771,72713.79,2.13921,72713.78,0.00094,72713.77,0.00357,72713.71,0.00015,72713.45,8e-05,72713.44,7e-05,72713.43,7e-05,72713.11,0.00016,72713.1,0.11159,72713.08,7e-05,72713.8,3.09837,72713.81,0.00038,72713.82,0.00014,72714.57,0.00591,72714.62,0.00016,72714.63,0.08237,72714.75,0.00024,72714.76,0.18719,72714.77,0.16369,72715.3,8e-05,72713.795,0.010000000009313226,0.0013752548617924874,-0.18313037700617468,2.25591,3.53853,-0.2213535734255597,0.0
2026-05-28 15:20:18.575734,72713.79,2.52924,72713.78,0.00094,72713.77,0.00357,72713.71,8e-05,72713.44,7e-05,72713.43,7e-05,72713.11,0.00024,72713.1,0.11159,72713.08,7e-05,72712.96,7e-05,72713.8,3.0983,72713.81,0.00038,72713.82,0.00014,72714.57,0.00591,72714.62,0.00016,72714.63,0.08237,72714.75,0.00024,72714.76,0.18719,72714.77,0.16369,72715.3,8e-05,72713.795,0.010000000009313226,0.0013752548617924874,-0.1011205606712702,2.64594,3.53846,-0.14431796132203611,0.0
2026-05-28 15:20:20.086193,72713.79,3.31047,72713.78,0.00086,72713.77,0.00357,72713.71,8e-05,72713.44,7e-05,72713.43,7e-05,72713.11,0.00024,72713.1,0.11166,72713.08,7e-05,72712.96,0.00023,72713.8,1.35788,72713.81,0.00102,72713.82,0.00014,72714.01,0.01016,72714.04,0.00024,72714.05,0.01393,72714.57,8e-05,72714.63,7e-05,72714.77,7e-05,72715.36,0.00206,72713.795,0.010000000009313226,0.0013752548617924874,0.41826127004187774,3.42732,1.38565,0.4242016883545918,0.0
2026-05-28 15:20:20.405191,72713.79,3.31117,72713.78,0.00086,72713.77,0.00357,72713.71,8e-05,72713.44,7e-05,72713.43,7e-05,72713.11,0.00024,72713.1,0.11166,72713.08,7e-05,72712.96,0.00023,72713.8,1.35858,72713.81,0.00102,72713.82,0.00014,72714.01,0.01016,72714.04,0.00024,72714.05,0.01393,72714.57,8e-05,72714.63,7e-05,72714.77,7e-05,72715.36,0.00206,72713.795,0.010000000009313226,0.0013752548617924874,0.4181358745114835,3.42802,1.38635,0.4240783321597633,0.0
2026-05-28 15:20:20.643306,72713.79,3.561,72713.78,0.00086,72713.77,0.00357,72713.71,8e-05,72713.44,7e-05,72713.43,7e-05,72713.11,0.00024,72713.1,0.11166,72713.08,7e-05,72712.96,0.00023,72713.8,1.35866,72713.81,0.0011,72713.82,0.00014,72714.01,0.01016,72714.04,0.00024,72714.05,0.01393,72714.57,8e-05,72714.63,7e-05,72714.77,7e-05,72715.31,0.004,72713.795,0.010000000009313226,0.0013752548617924874,0.44766101722476753,3.67785,1.3884500000000002,0.4518879655764561,0.0
2026-05-28 15:20:20.811155,72713.79,3.579,72713.78,0.00086,72713.77,0.00357,72713.71,8e-05,72713.44,7e-05,72713.43,7e-05,72713.11,0.00024,72713.1,0.11166,72713.08,7e-05,72712.96,0.00023,72713.8,1.46015,72713.81,0.0011,72713.82,0.00014,72714.01,0.01016,72714.04,0.00024,72714.05,0.01393,72714.57,8e-05,72714.63,7e-05,72714.77,7e-05,72715.31,0.004,72713.795,0.010000000009313226,0.0013752548617924874,0.42047765992280445,3.69585,1.4899400000000003,0.4253758829416539,0.0
2026-05-28 15:20:21.292181,72713.79,3.16811,72713.78,0.00086,72713.77,0.00357,72713.71,8e-05,72713.44,7e-05,72713.43,7e-05,72713.11,0.00024,72713.1,0.11166,72713.08,7e-05,72712.96,0.00023,72713.8,1.90887,72713.81,0.00118,72713.82,0.00014,72714.01,0.01016,72714.04,0.00024,72714.05,0.01393,72714.57,8e-05,72714.63,7e-05,72714.77,7e-05,72715.31,0.004,72713.795,0.010000000009313226,0.0013752548617924874,0.24802934027709386,3.28496,1.9387400000000001,0.25771388096559905,0.0
2026-05-28 15:20:21.591251,72713.79,3.31007,72713.78,0.00094,72713.77,0.00357,72713.71,8e-05,72713.44,7e-05,72713.43,7e-05,72713.11,0.00024,72713.1,0.11166,72713.08,7e-05,72712.96,0.00023,72713.8,1.68816,72713.81,0.00118,72713.82,0.00014,72714.01,0.01016,72714.04,0.00024,72714.05,0.01393,72714.57,8e-05,72714.63,7e-05,72714.77,7e-05,72715.31,0.004,72713.795,0.010000000009313226,0.0013752548617924874,0.32449687189265,3.427,1.7180300000000002,0.3321593848821095,0.0
2026-05-28 15:20:22.168084,72721.26,7.39293,72721.25,0.00038,72721.24,0.00014,72721.08,2.46185,72721.07,3.34284,72720.56,7e-05,72720.51,0.04856,72720.24,0.08227,72720.19,0.08178,72720.02,0.1512,72721.27,0.0013,72721.28,0.00056,72721.36,7e-05,72721.42,8e-05,72722.0,0.0014,72722.01,0.007,72722.2,7e-05,72722.66,0.04022,72722.81,8e-05,72723.98,8e-05,72721.265,0.010000000009313226,0.0013751135942579142,0.9996483744757738,13.562019999999997,0.05085999999999999,0.9925276649761109,0.00010273153808015856
2026-05-28 15:20:22.586637,72727.99,0.11351,72727.98,0.00038,72727.97,0.00014,72727.91,7e-05,72726.33,7e-05,72725.5,7e-05,72724.72,0.00024,72724.69,0.00016,72724.68,0.00032,72724.67,0.0003,72728.0,3.19022,72728.01,0.14731,72728.25,9e-05,72728.39,8e-05,72728.72,0.10176,72728.73,0.08225,72728.74,0.13331,72728.9,0.00026,72729.02,0.004,72729.15,0.03407,72727.995,0.00999999999476131,0.0013749863439465521,-0.9312837308133535,0.11526,3.69335,-0.9394739813212694,9.254514480727671e-05
2026-05-28 15:20:23.289124,72723.97,3.1531,72723.96,0.00016,72723.91,7e-05,72723.84,7e-05,72723.15,0.00024,72723.14,0.08237,72723.01,7e-05,72722.61,8e-05,72722.32,0.00016,72722.31,0.08237,72723.98,0.91698,72723.99,0.00088,72724.3,7e-05,72724.73,0.01122,72724.79,0.00016,72724.8,0.0494,72724.81,0.08237,72725.63,0.00016,72725.64,0.08237,72726.46,0.00016,72723.975,0.00999999999476131,0.0013750623497631022,0.5494044343108734,3.31869,1.14377,0.4873813994971384,-5.52744510554648e-05
2026-05-28 15:20:23.602812,72733.07,3.7098,72733.06,0.00038,72733.05,0.00014,72732.66,0.004,72732.58,0.00016,72732.57,0.00016,72732.25,0.00016,72732.24,0.08238,72732.02,0.00024,72732.01,0.10757,72733.08,2.07448,72733.09,0.0008,72733.18,0.00016,72733.33,0.0039,72733.44,8e-05,72733.74,0.00042,72734.0,0.0014,72734.01,0.00716,72734.58,7e-05,72735.1,0.00028,72733.07500000001,0.00999999999476131,0.00137489030881223,0.2827179873726722,3.90499,2.0887499999999997,0.3030228204760301,0.0001251306738940805
2026-05-28 15:20:24.917747,72733.07,2.28163,72733.06,0.00038,72733.05,0.00014,72732.24,7e-05,72732.02,0.00016,72732.01,0.1053,72732.0,0.15582,72731.78,7e-05,72731.45,0.00206,72731.41,7e-05,72733.08,3.08215,72733.09,0.00091,72733.33,0.0039,72733.44,8e-05,72733.74,0.00042,72733.91,0.00024,72733.92,0.08279,72734.0,0.0014,72734.01,0.00716,72734.28,8e-05,72733.07500000001,0.00999999999476131,0.00137489030881223,-0.14924549478166518,2.5457,3.17913,-0.11064608032028894,0.0
2026-05-28 15:20:25.095245,72733.07,1.02146,72733.06,0.00094,72733.05,0.00014,72732.24,7e-05,72732.02,0.00016,72732.01,0.0004,72732.0,0.15582,72731.78,7e-05,72731.45,0.00206,72731.41,7e-05,72733.08,3.08407,72733.09,0.00091,72733.33,0.0039,72733.44,8e-05,72733.74,0.00042,72733.91,0.00024,72733.92,0.08279,72734.0,0.0014,72734.01,0.00716,72734.28,8e-05,72733.07500000001,0.00999999999476131,0.00137489030881223,-0.5023979851566059,1.18119,3.18105,-0.45844795334507044,0.0
2026-05-28 15:20:25.258079,72731.78,0.00028,72731.45,0.00206,72731.41,7e-05,72731.39,7e-05,72730.59,0.00032,72730.58,0.04146,72730.57,0.01872,72730.55,7e-05,72730.04,8e-05,72730.0,0.0038,72731.79,0.5751,72731.85,1.45554,72731.99,0.01443,72732.01,0.71862,72732.15,0.031,72732.24,0.487,72732.25,1.25298,72732.26,8e-05,72732.41,0.22731,72732.87,1.92647,72731.785,0.00999999999476131,0.0013749146944161085,-0.9990267301609373,0.06692999999999999,6.68853,-0.9801849170892877,-1.7736084993114076e-05
2026-05-28 15:20:25.588631,72724.72,1.64285,72724.71,0.00064,72724.3,7e-05,72724.0,0.00636,72723.98,8e-05,72723.9,0.00206,72723.69,0.00025,72723.34,8e-05,72723.06,0.00016,72723.04,0.00023,72724.73,3.47993,72724.74,0.00086,72724.75,0.00014,72725.56,0.00016,72725.57,0.08295,72725.71,0.00016,72725.72,0.20407,72725.73,0.0004,72725.74,0.0828,72726.45,0.00206,72724.725,0.00999999999476131,0.001375048168935848,-0.35860997349095614,1.65278,3.8535300000000006,-0.3996778241689989,-9.706897747663312e-05
2026-05-28 15:20:26.103232,72724.72,1.89003,72724.71,0.00072,72724.3,7e-05,72724.01,8e-05,72724.0,0.02636,72723.9,0.00206,72723.69,0.00025,72723.34,8e-05,72723.04,7e-05,72722.21,0.00024,72724.73,3.47907,72724.74,0.00094,72724.75,0.00014,72724.95,0.00783,72725.52,8e-05,72725.56,0.00016,72725.57,0.08295,72725.71,0.00016,72725.72,0.20423,72725.73,0.00024,72724.725,0.00999999999476131,0.001375048168935848,-0.29596021679611106,1.9199600000000003,3.7758,-0.3258283354635728,0.0
2026-05-28 15:20:26.836530,72724.72,0.14136,72724.71,0.0007,72724.7,0.00014,72724.3,7e-05,72724.01,0.00024,72724.0,0.02636,72723.9,0.00206,72723.69,0.00025,72723.34,8e-05,72722.0,0.00856,72724.73,3.49837,72724.74,0.00057,72724.75,0.00014,72724.95,0.00783,72725.52,8e-05,72725.56,0.00016,72725.57,0.08295,72725.66,0.00016,72725.67,0.03423,72725.69,0.00016,72724.725,0.00999999999476131,0.001375048168935848,-0.922323908641575,0.17982,3.6246500000000004,-0.9054690929354156,0.0
2026-05-28 15:20:27.131634,72724.01,0.25864,72724.0,0.02706,72723.99,0.00014,72723.9,0.00206,72722.0,0.00856,72721.88,8e-05,72721.48,0.004,72721.36,7e-05,72721.28,0.00154,72721.27,0.13377,72724.02,5.40282,72724.03,0.00022,72724.04,0.00014,72724.27,0.00016,72724.28,0.08523,72724.29,8e-05,72724.3,7e-05,72724.31,0.00039,72724.72,0.00016,72724.73,0.3299,72724.015,0.010000000009313226,0.0013750615954459095,-0.908631342445235,0.43592,5.819170000000001,-0.8606191117953538,-9.762842004601424e-06
2026-05-28 15:20:27.711845,72720.0,0.15231,72719.99,0.0007,72719.36,0.00014,72718.96,8e-05,72718.84,7e-05,72718.82,0.00042,72718.26,7e-05,72718.25,7e-05,72718.13,0.00107,72718.1,0.00024,72720.01,9.60238,72720.02,0.30244,72720.03,0.00014,72720.56,7e-05,72720.85,8e-05,72720.86,7e-05,72721.26,0.12214,72721.27,0.08222,72721.29,0.00065,72721.37,0.00257,72720.005,0.00999999999476131,0.0013751374184808307,-0.9687719445723032,0.15516999999999995,10.11276,-0.9697757970691269,-5.5139969926010224e-05
2026-05-28 15:20:28.086078,72720.0,0.12325,72719.99,0.0007,72719.36,0.00014,72718.96,8e-05,72718.84,7e-05,72718.82,0.00042,72718.26,7e-05,72718.25,7e-05,72718.13,0.00107,72718.1,0.00024,72720.01,9.25181,72720.02,0.30244,72720.03,0.00014,72720.56,7e-05,72720.85,8e-05,72720.86,0.03414,72721.26,0.1204,72721.27,0.08222,72721.29,0.00065,72721.37,0.00257,72720.005,0.00999999999476131,0.0013751374184808307,-0.9737068349429229,0.12611,9.794520000000002,-0.9745762113898008,0.0
2026-05-28 15:20:28.576844,72711.36,2.03853,72711.35,0.00048,72710.93,0.00015,72710.88,8e-05,72710.54,7e-05,72710.17,0.003,72710.04,8e-05,72710.0,0.00956,72709.81,8e-05,72709.34,7e-05,72711.37,3.43185,72711.38,0.00038,72711.39,0.00014,72711.96,0.00016,72711.97,0.11589,72711.98,8e-05,72712.0,0.00043,72712.01,0.11526,72712.02,0.00024,72712.03,0.17054,72711.36499999999,0.00999999999476131,0.0013753008205472845,-0.2547025983569696,2.0521000000000007,3.8349699999999998,-0.3028450485555631,-0.00011881187301920892
2026-05-28 15:20:29.087837,72711.36,2.94297,72711.35,0.0008,72710.93,0.00015,72710.88,8e-05,72710.54,7e-05,72710.53,0.00016,72710.52,0.08204,72710.04,8e-05,72710.0,0.00956,72709.81,8e-05,72711.37,2.58395,72711.38,0.00038,72711.39,0.00014,72711.96,0.08197,72711.97,0.11589,72711.98,8e-05,72712.0,0.00043,72712.01,0.11926,72712.02,0.00024,72712.03,0.17047,72711.36499999999,0.00999999999476131,0.0013753008205472845,0.06495842168875245,3.0359900000000004,3.07281,-0.006027370350969033,0.0
2026-05-28 15:20:29.615472,72711.36,0.16443,72711.35,0.00078,72711.34,0.00014,72710.93,0.00015,72710.88,8e-05,72710.54,7e-05,72710.2,8e-05,72710.09,7e-05,72710.04,8e-05,72710.0,0.00956,72711.37,4.02287,72711.38,0.00038,72711.39,0.00014,72711.57,0.00016,72711.58,0.03423,72711.95,0.00016,72711.96,0.08221,72711.97,0.11596,72712.0,0.00043,72712.01,0.04608,72711.36499999999,0.00999999999476131,0.0013753008205472845,-0.9214625176127815,0.17543999999999998,4.30262,-0.9216446407596146,0.0
2026-05-28 15:20:30.316839,72708.01,3.39826,72708.0,0.00958,72707.99,0.00014,72707.21,7e-05,72707.18,0.00023,72707.17,0.0821,72707.16,0.00016,72707.15,0.20651,72707.14,0.00032,72707.13,0.13388,72708.02,0.97352,72708.03,0.00038,72708.04,0.00014,72708.17,0.00016,72708.18,0.01856,72708.86,7e-05,72709.15,0.00206,72709.34,0.00023,72709.35,0.02687,72709.69,0.00016,72708.015,0.010000000009313226,0.0013753641891218217,0.5546344967038597,3.8312500000000007,1.0221500000000001,0.5787901265092513,-4.6072577512323853e-05
2026-05-28 15:20:30.629385,72708.01,4.88337,72708.0,0.00886,72707.99,0.00014,72707.28,8e-05,72707.21,7e-05,72707.18,0.00023,72707.17,0.0821,72707.16,0.00016,72707.15,0.20651,72707.14,0.00016,72708.02,0.14099,72708.03,0.00038,72708.04,0.00014,72708.17,0.00016,72708.18,0.01872,72708.86,7e-05,72709.15,0.00206,72709.34,0.00023,72709.35,0.02687,72709.69,0.00016,72708.015,0.010000000009313226,0.0013753641891218217,0.9438774291651074,5.18168,0.18977999999999998,0.9293376474924882,0.0
2026-05-28 15:20:31.108649,72742.22,6.7411,72742.21,0.00038,72742.2,0.00014,72741.76,0.004,72741.4,0.07965,72741.38,0.08182,72740.54,0.08182,72740.08,0.13071,72739.94,0.004,72739.7,0.08182,72742.23,0.17865,72742.24,0.00056,72743.0,7e-05,72743.07,8e-05,72743.97,0.0052,72744.0,0.0014,72744.01,0.007,72744.26,0.00423,72744.59,8e-05,72745.1,0.00016,72742.225,0.00999999999476131,0.0013747173659812177,0.9483651866035622,7.205439999999999,0.19743000000000002,0.946661227334804,0.0004705120886605574
2026-05-28 15:20:31.606715,72734.94,0.44186,72734.93,0.00016,72734.02,0.00015,72733.74,0.00042,72733.3,7e-05,72732.51,0.00016,72732.5,0.06064,72732.49,0.00016,72732.38,7e-05,72732.06,8e-05,72734.95,4.68576,72734.96,0.0081,72734.97,0.00014,72735.44,0.01702,72735.52,7e-05,72735.75,8e-05,72735.76,0.04789,72735.77,0.07992,72736.0,0.0018,72736.3,0.004,72734.945,0.00999999999476131,0.0013748549606741724,-0.8276549354281323,0.5037699999999999,4.844779999999999,-0.8116237110992698,-0.00010007942429579586
2026-05-28 15:20:32.068693,72734.94,2.71365,72734.93,0.00016,72734.12,0.00016,72734.11,0.08104,72734.02,0.00015,72734.0,0.016,72733.74,0.00042,72733.67,0.00028,72733.56,8e-05,72733.31,8e-05,72734.95,1.67793,72734.96,0.00102,72734.97,0.00014,72735.44,0.00016,72735.52,7e-05,72735.76,0.00016,72735.77,0.00023,72735.78,0.08074,72735.91,0.00016,72735.92,0.01677,72734.945,0.00999999999476131,0.0013748549606741724,0.23584222534941868,2.812020000000001,1.7773799999999997,0.2254412341482549,0.0
2026-05-28 15:20:32.577549,72734.94,0.44216,72734.93,0.0003,72734.92,0.00014,72734.11,7e-05,72734.02,7e-05,72734.01,0.00016,72734.0,0.01616,72733.74,0.00042,72733.56,8e-05,72733.31,8e-05,72734.95,2.76085,72734.96,0.00038,72734.97,0.00014,72735.03,0.02,72735.52,7e-05,72735.76,0.00016,72735.77,0.05445,72735.78,0.0809,72736.0,0.0018,72736.07,0.0168,72734.945,0.00999999999476131,0.0013748549606741724,-0.7239096974408448,0.45964000000000005,2.93555,-0.7292404843322464,0.0
2026-05-28 15:20:33.076961,72734.94,3.47596,72734.93,0.0003,72734.92,0.00014,72734.12,8e-05,72734.11,0.0825,72734.02,7e-05,72734.01,0.00081,72734.0,0.01616,72733.74,0.00042,72733.56,8e-05,72734.95,1.76933,72734.96,0.00113,72734.97,0.00014,72735.52,7e-05,72735.76,0.00016,72735.77,0.05445,72735.78,0.0809,72736.0,0.0018,72736.47,8e-05,72736.59,7e-05,72734.945,0.00999999999476131,0.0013748549606741724,0.32536427919142696,3.576520000000001,1.9081300000000003,0.30419261028506833,0.0
2026-05-28 15:20:33.611182,72740.89,0.68458,72740.68,0.4,72740.54,0.4,72740.05,1.21611,72739.86,0.6925,72738.76,0.6793,72738.75,0.6841,72738.5,0.28875,72738.38,0.41769,72738.36,0.28455,72740.9,0.00497,72741.13,0.00015,72741.51,7e-05,72741.68,0.00429,72742.0,0.0014,72742.01,0.004,72742.21,0.00016,72742.22,0.00023,72742.23,0.16505,72742.92,8e-05,72740.89499999999,0.00999999999476131,0.0013747425014170242,0.9855848016822565,5.747580000000001,0.1804,0.9391360969503947,8.180387020262359e-05
2026-05-28 15:20:34.083122,72740.89,2.76403,72740.88,0.00038,72740.87,0.00014,72740.68,7e-05,72740.54,7e-05,72740.06,0.00015,72740.05,7e-05,72739.86,7e-05,72739.79,8e-05,72739.78,7e-05,72740.9,2.32492,72740.91,0.00072,72741.13,0.00015,72741.51,7e-05,72741.71,0.00016,72741.72,0.11434,72741.73,0.08089,72742.0,0.0014,72742.01,0.004,72742.22,7e-05,72740.89499999999,0.00999999999476131,0.0013747425014170242,0.08628695506931683,2.76513,2.52672,0.045052297400719976,0.0
2026-05-28 15:20:34.588469,72740.89,3.45478,72740.88,0.0007,72740.87,0.00014,72740.68,7e-05,72740.54,7e-05,72740.08,0.00016,72740.07,0.09835,72740.06,0.08068,72740.05,7e-05,72739.86,7e-05,72740.9,2.00939,72740.91,0.00072,72741.13,7e-05,72741.51,7e-05,72741.71,0.00024,72741.72,0.11934,72741.73,0.08089,72742.0,0.00156,72742.01,0.02216,72742.22,7e-05,72740.89499999999,0.00999999999476131,0.0013747425014170242,0.26452141862350553,3.6350900000000004,2.2345099999999993,0.2386159193130709,0.0
2026-05-28 15:20:35.086018,72740.89,3.45491,72740.88,0.0007,72740.87,0.00014,72740.68,7e-05,72740.54,7e-05,72740.08,0.00024,72740.07,0.09835,72740.06,0.0806,72740.05,7e-05,72739.86,7e-05,72740.9,2.02601,72740.91,0.00083,72741.13,7e-05,72741.51,7e-05,72741.71,0.00024,72741.72,0.11934,72741.73,0.08089,72742.0,0.00156,72742.01,0.02216,72742.22,7e-05,72740.89499999999,0.00999999999476131,0.0013747425014170242,0.26070440728928723,3.63522,2.25124,0.23511244449125618,0.0
2026-05-28 15:20:35.616654,72740.89,1.06471,72740.88,0.00046,72740.87,0.00014,72740.68,7e-05,72740.54,7e-05,72740.08,8e-05,72740.06,7e-05,72740.05,7e-05,72739.86,7e-05,72739.78,7e-05,72740.9,3.17895,72740.91,0.00049,72740.92,0.00014,72741.13,7e-05,72741.51,7e-05,72741.71,0.00024,72741.72,0.11934,72741.73,0.08089,72741.76,0.004,72742.0,0.00156,72740.89499999999,0.00999999999476131,0.0013747425014170242,-0.49821144955062363,1.0658100000000001,3.38575,-0.5211521354311747,0.0
2026-05-28 15:20:36.091276,72735.51,2.18505,72735.5,0.00033,72735.49,0.00343,72734.97,0.00016,72734.96,0.08155,72734.95,0.26292,72734.94,0.86156,72734.48,0.004,72734.11,0.00149,72734.02,7e-05,72735.52,5.10499,72735.53,0.00086,72735.54,0.00014,72736.34,0.00016,72736.35,0.08069,72736.5,0.26722,72736.51,0.15955,72736.75,0.00024,72736.76,0.2608,72738.01,0.08062,72735.515,0.010000000009313226,0.001374844188470134,-0.4005382686514752,3.4005599999999996,5.95527,-0.27306075463106966,-7.396114661484265e-05
2026-05-28 15:20:36.599387,72735.51,0.92969,72735.5,0.00089,72735.49,0.00343,72734.96,0.00084,72734.95,0.00063,72734.94,0.57865,72734.11,0.00149,72734.02,7e-05,72734.01,0.00065,72734.0,0.00716,72735.52,4.73506,72735.53,0.00102,72735.54,0.00014,72736.23,0.00787,72736.3,0.004,72736.34,0.00016,72736.35,0.08069,72736.47,8e-05,72736.49,0.00016,72736.5,0.26722,72735.515,0.010000000009313226,0.001374844188470134,-0.6717630963414096,1.5235,5.096399999999998,-0.5397211438239247,0.0
2026-05-28 15:20:37.703496,72724.73,1.484,72724.72,0.01285,72724.3,7e-05,72724.0,0.00856,72723.9,7e-05,72723.36,0.01376,72723.09,0.00016,72723.08,0.09981,72723.07,0.08042,72723.06,0.25127,72724.74,2.68406,72724.75,0.00038,72724.76,0.00014,72724.86,0.00016,72724.87,0.14175,72725.52,8e-05,72725.56,0.00016,72725.57,0.08032,72726.36,0.00016,72726.37,1.80289,72724.735,0.010000000009313226,0.0013750479818610856,-0.2879181201806116,1.9509699999999999,4.710100000000001,-0.41421723536909244,-0.00014820820337901885
2026-05-28 15:20:37.901875,72724.73,0.92502,72724.72,0.01277,72724.3,7e-05,72724.0,0.00856,72723.9,7e-05,72723.36,0.01376,72723.08,0.00016,72723.07,0.00024,72723.06,0.25127,72722.8,7e-05,72724.74,3.04969,72724.75,0.00038,72724.76,0.00014,72724.86,0.00016,72724.87,0.14175,72725.52,8e-05,72725.56,0.00016,72725.57,0.08025,72726.36,0.00016,72726.37,1.80289,72724.735,0.010000000009313226,0.0013750479818610856,-0.5345471745108449,1.2119900000000001,5.075660000000001,-0.614485539112387,0.0
2026-05-28 15:20:38.440502,72723.06,0.54165,72723.05,0.00048,72722.27,7e-05,72722.03,7e-05,72722.0,0.00856,72721.05,8e-05,72720.96,0.003,72720.63,8e-05,72720.61,0.00014,72720.57,7e-05,72723.07,3.09966,72723.08,0.00038,72723.09,0.00014,72723.34,0.00016,72723.35,0.08679,72723.36,0.00031,72723.37,0.08021,72723.76,0.00016,72723.77,0.03423,72724.3,7e-05,72723.065,0.010000000009313226,0.001375079558227259,-0.7024971782133355,0.5542,3.3021100000000003,-0.7125749745222764,-2.2963301275713555e-05
2026-05-28 15:20:38.620848,72723.06,0.39969,72723.05,0.00048,72722.27,7e-05,72722.03,7e-05,72722.0,0.00856,72721.05,8e-05,72720.96,0.003,72720.63,8e-05,72720.61,0.00014,72720.57,7e-05,72723.07,3.09543,72723.08,0.00038,72723.09,0.00014,72723.35,0.22975,72723.36,0.00015,72723.37,0.08021,72723.77,0.03423,72724.06,8e-05,72724.3,7e-05,72724.71,0.07925,72723.065,0.010000000009313226,0.001375079558227259,-0.7712868227700336,0.41224000000000005,3.51969,-0.7903116281317317,0.0
2026-05-28 15:20:39.204365,72718.0,1.50806,72717.99,0.00064,72717.38,8e-05,72717.34,0.00046,72717.27,8e-05,72716.82,7e-05,72716.0,0.00856,72715.78,0.00316,72715.77,0.10291,72715.76,0.06556,72718.01,3.97198,72718.02,0.90768,72718.03,0.00014,72718.83,0.00016,72718.84,0.08028,72718.95,8e-05,72719.59,0.00016,72719.6,0.08021,72720.0,0.00268,72720.5,0.08028,72718.005,0.00999999999476131,0.0013751752395794287,-0.4496171560791527,1.68958,5.12365,-0.5040296599410264,-6.957902558146767e-05
2026-05-28 15:20:39.584106,72718.0,0.60468,72717.99,0.00064,72717.38,8e-05,72717.34,0.00046,72717.27,8e-05,72716.82,7e-05,72716.0,0.00856,72715.78,0.00316,72715.77,0.00032,72715.76,0.06556,72718.01,3.05699,72718.02,0.90768,72718.03,0.00014,72718.83,0.00016,72718.84,0.08028,72718.95,8e-05,72719.59,0.00016,72719.6,0.08021,72720.0,0.00268,72720.5,0.08028,72718.005,0.00999999999476131,0.0013751752395794287,-0.6697244699822757,0.6836099999999999,4.20866,-0.7205346393392025,0.0
2026-05-28 15:20:40.089055,72718.0,0.0107,72717.99,0.00056,72717.38,8e-05,72717.34,0.00046,72716.82,7e-05,72716.0,0.00856,72715.76,0.00015,72715.75,7e-05,72714.0,0.00879,72713.99,0.10192,72718.01,7.50539,72718.02,0.40509,72718.03,0.00014,72718.57,0.03016,72718.84,0.08035,72718.95,8e-05,72719.07,0.03423,72719.28,8e-05,72719.29,0.13774,72719.4,8e-05,72718.005,0.00999999999476131,0.0013751752395794287,-0.9971527749135521,0.13136,8.193340000000005,-0.9684409047773491,0.0
2026-05-28 15:20:40.689557,72713.99,0.37916,72713.98,0.00094,72713.97,0.00014,72713.8,0.00034,72713.73,0.00024,72713.72,0.15471,72713.71,8e-05,72713.08,7e-05,72713.02,7e-05,72712.91,7e-05,72714.0,3.93435,72714.01,0.00038,72714.02,0.00014,72714.46,0.004,72714.82,0.00016,72714.83,0.08023,72715.3,8e-05,72715.65,0.00024,72715.66,0.08023,72715.7,0.00206,72713.995,0.00999999999476131,0.0013752510771497717,-0.8241988542973123,0.53582,4.10187,-0.7689280654808751,-5.5144527136175014e-05
2026-05-28 15:20:41.074550,72708.85,0.99151,72708.84,0.00056,72708.72,7e-05,72708.04,7e-05,72708.03,0.00016,72708.02,0.43463,72708.01,1.18028,72708.0,0.00856,72707.14,0.00159,72707.13,0.13397,72708.86,5.71271,72708.87,0.00038,72708.88,0.00014,72709.01,0.10766,72709.02,0.07986,72709.34,7e-05,72709.46,0.00016,72709.47,0.07985,72710.52,0.08027,72711.34,8e-05,72708.85500000001,0.00999999999476131,0.0013753482976401306,-0.7042131672289991,2.7514000000000007,6.06118,-0.37557446287012425,-7.068790540232239e-05
2026-05-28 15:20:41.567290,72708.85,0.68383,72708.84,0.00056,72708.72,7e-05,72708.04,7e-05,72708.02,0.00023,72708.01,1.18028,72708.0,0.00856,72707.14,0.00023,72707.13,0.13397,72706.72,8e-05,72708.86,5.25763,72708.87,0.00038,72708.88,0.00014,72709.0,0.00016,72709.01,0.10766,72709.02,0.07986,72709.34,7e-05,72709.46,0.00016,72709.47,0.07985,72710.01,0.004,72708.85500000001,0.00999999999476131,0.0013753482976401306,-0.7698107872475788,2.00788,5.52991,-0.46724968458924965,0.0
2026-05-28 15:20:42.111621,72708.85,1.33912,72708.84,0.00072,72708.72,7e-05,72708.04,0.00023,72708.03,0.08036,72708.02,0.00039,72708.01,1.18028,72708.0,0.00856,72707.14,0.00023,72707.13,0.13397,72708.86,5.26757,72708.87,0.00038,72708.88,0.00014,72709.0,0.00024,72709.01,0.10766,72709.02,0.07986,72709.2,0.00739,72709.34,7e-05,72709.46,0.00016,72709.47,0.07985,72708.85500000001,0.00999999999476131,0.0013753482976401306,-0.5946169715848632,2.74393,5.5433200000000005,-0.3377948052731606,0.0
2026-05-28 15:20:42.566719,72708.85,1.80386,72708.84,0.00086,72708.83,0.00014,72708.72,7e-05,72708.04,0.00023,72708.03,0.0802,72708.02,0.00023,72708.01,1.18028,72708.0,0.00856,72707.14,0.0017,72708.86,5.26757,72708.87,0.00038,72708.88,0.00014,72709.0,0.00024,72709.01,0.10766,72709.02,0.07986,72709.2,0.00016,72709.34,7e-05,72709.35,0.00772,72709.46,0.00016,72708.85500000001,0.00999999999476131,0.0013753482976401306,-0.4898174768045501,3.0761300000000005,5.46396,-0.2796024397869343,0.0
2026-05-28 15:20:44.618523,72708.85,4.70438,72708.84,0.0003,72708.83,0.00014,72708.72,7e-05,72708.04,0.00023,72708.03,0.08036,72708.02,0.47863,72708.01,1.18189,72708.0,0.00856,72707.73,0.00016,72708.86,0.20265,72708.87,0.00126,72708.88,0.00014,72709.0,8e-05,72709.02,7e-05,72709.34,7e-05,72709.47,7e-05,72710.01,0.01016,72710.12,0.00024,72710.19,8e-05,72708.85500000001,0.00999999999476131,0.0013753482976401306,0.9174042139542655,6.45472,0.21481999999999996,0.9355817642596043,0.0
2026-05-28 15:20:44.887950,72708.85,4.70438,72708.84,0.0003,72708.83,0.00014,72708.72,7e-05,72708.04,0.00023,72708.03,0.08036,72708.02,0.47863,72708.01,1.18189,72708.0,0.00856,72707.73,0.00016,72708.86,0.20257,72708.87,0.00118,72708.88,0.00014,72709.0,8e-05,72709.02,7e-05,72709.34,0.00083,72709.47,7e-05,72710.01,0.01016,72710.12,0.00024,72710.19,8e-05,72708.85500000001,0.00999999999476131,0.0013753482976401306,0.9174354741743854,6.45472,0.21541999999999994,0.9354076526129886,0.0
2026-05-28 15:20:45.273982,72709.01,6.49783,72709.0,0.09225,72708.99,0.00014,72708.87,0.00024,72708.86,0.81333,72708.85,0.74785,72708.72,7e-05,72708.32,0.00016,72708.04,7e-05,72708.03,0.08027,72709.02,0.39288,72709.03,0.00072,72709.34,0.00083,72709.47,7e-05,72710.01,0.01016,72710.12,0.00024,72710.19,8e-05,72710.52,7e-05,72711.18,7e-05,72711.34,0.0008,72709.015,0.010000000009313226,0.001375345273115476,0.8859682093717484,8.232209999999998,0.4059200000000001,0.9060166957431759,2.200557277287629e-06
2026-05-28 15:20:45.425837,72709.01,5.44335,72709.0,0.09193,72708.99,0.00014,72708.87,0.00024,72708.86,0.81365,72708.85,0.74778,72708.72,7e-05,72708.04,0.00023,72708.03,0.08027,72708.02,0.00144,72709.02,0.42175,72709.03,0.00072,72709.34,0.00083,72709.47,7e-05,72710.01,0.01016,72710.12,0.00024,72710.19,8e-05,72710.52,7e-05,72711.18,7e-05,72711.34,0.0008,72709.015,0.010000000009313226,0.001375345273115476,0.8561831852824333,7.179099999999998,0.4347900000000001,0.8857903121794508,0.0
2026-05-28 15:20:45.694139,72709.01,3.36765,72709.0,0.09233,72708.99,0.00014,72708.87,8e-05,72708.86,0.00032,72708.85,0.53892,72708.72,7e-05,72708.04,7e-05,72708.03,0.00016,72708.02,0.00152,72709.02,2.67163,72709.03,0.0008,72709.34,0.00083,72709.47,7e-05,72709.84,0.00016,72709.85,0.08018,72709.98,0.0079,72709.99,0.00016,72710.0,0.06135,72710.01,0.01016,72709.015,0.010000000009313226,0.001375345273115476,0.11524883760978127,4.00126,2.83324,0.1709005779501061,0.0
2026-05-28 15:20:45.889977,72709.01,3.21894,72709.0,0.09241,72708.99,0.00014,72708.87,8e-05,72708.86,0.00016,72708.85,0.3077,72708.72,7e-05,72708.04,7e-05,72708.03,0.00016,72708.02,0.47881,72709.02,2.55379,72709.03,0.00072,72709.34,0.00083,72709.47,7e-05,72709.84,0.00016,72709.85,0.08034,72709.98,0.00806,72709.99,0.00016,72710.0,0.06151,72710.01,0.01016,72709.015,0.010000000009313226,0.001375345273115476,0.11522278020971018,4.098540000000001,2.7158,0.20291620318328704,0.0
2026-05-28 15:20:46.333155,72709.01,3.2221,72709.0,0.09265,72708.99,0.00014,72708.86,0.00016,72708.85,0.30777,72708.72,7e-05,72708.19,0.00016,72708.18,0.08027,72708.04,0.00023,72708.03,0.0802,72709.02,0.99464,72709.03,0.00086,72709.04,0.00014,72709.34,0.00083,72709.47,7e-05,72709.84,8e-05,72709.85,0.00014,72709.98,0.00806,72709.99,0.00016,72710.0,0.06151,72709.015,0.010000000009313226,0.001375345273115476,0.5282421965783995,3.783750000000001,1.06649,0.5602320709903016,0.0
2026-05-28 15:20:46.574535,72709.01,3.22202,72709.0,0.09265,72708.99,0.00014,72708.86,0.00016,72708.85,0.30777,72708.72,7e-05,72708.19,0.00016,72708.18,0.08027,72708.04,0.00023,72708.03,0.0802,72709.02,1.93815,72709.03,0.00094,72709.04,0.00014,72709.34,0.00083,72709.47,7e-05,72709.84,0.00024,72709.85,0.08034,72709.98,0.00806,72709.99,0.00016,72710.0,0.06151,72709.015,0.010000000009313226,0.001375345273115476,0.24880381847884858,3.7836700000000008,2.0904400000000005,0.2882530289694949,0.0
2026-05-28 15:20:47.100302,72709.01,3.20569,72709.0,0.09273,72708.99,0.00014,72708.86,0.00016,72708.85,0.30777,72708.72,7e-05,72708.19,0.00016,72708.18,0.08027,72708.04,0.00168,72708.03,0.08036,72709.02,2.22627,72709.03,0.00102,72709.04,0.00014,72709.34,0.00083,72709.47,7e-05,72709.83,0.00016,72709.84,0.09459,72709.85,0.08027,72709.98,0.00806,72710.01,0.01016,72709.015,0.010000000009313226,0.001375345273115476,0.1803069242041547,3.7690300000000008,2.4215700000000004,0.2176622621393726,0.0
2026-05-28 15:20:47.671206,72709.01,3.19425,72709.0,0.09249,72708.99,0.00014,72708.87,0.00016,72708.86,0.00032,72708.85,1.3077,72708.72,7e-05,72708.04,7e-05,72708.02,0.00153,72708.01,1.18189,72709.02,2.22611,72709.03,0.00094,72709.04,0.00014,72709.34,0.00083,72709.47,7e-05,72709.83,0.00016,72709.84,0.09459,72709.85,0.08027,72709.98,0.00806,72710.01,0.01016,72709.015,0.010000000009313226,0.001375345273115476,0.17861175272491128,5.77862,2.42133,0.4094281062689406,0.0
2026-05-28 15:20:48.239081,72709.01,3.19425,72709.0,0.09249,72708.99,0.00014,72708.87,0.00016,72708.86,0.00032,72708.85,1.3077,72708.72,7e-05,72708.04,7e-05,72708.02,0.00153,72708.01,1.18189,72709.02,2.22579,72709.03,0.00086,72709.04,0.00014,72709.34,0.00083,72709.47,7e-05,72709.83,0.00024,72709.84,0.09451,72709.85,0.08027,72709.98,0.00806,72710.01,0.01016,72709.015,0.010000000009313226,0.001375345273115476,0.17868133814510592,5.77862,2.42093,0.40949686263270546,0.0
2026-05-28 15:20:48.605103,72709.01,2.5405,72709.0,0.09249,72708.99,0.00014,72708.86,0.00024,72708.85,1.3077,72708.72,7e-05,72708.04,7e-05,72708.02,0.00145,72708.01,1.18189,72708.0,0.00856,72709.02,2.92061,72709.03,0.00078,72709.04,0.00014,72709.34,0.00083,72709.47,7e-05,72709.83,0.00024,72709.84,0.09451,72709.85,0.08027,72709.98,0.00806,72710.01,0.01016,72709.015,0.010000000009313226,0.001375345273115476,-0.06960306604335012,5.133110000000001,3.1156699999999997,0.24457434917648446,0.0
2026-05-28 15:20:49.107681,72709.01,3.50289,72709.0,0.09332,72708.99,0.00014,72708.87,0.00016,72708.86,0.94972,72708.85,1.3077,72708.72,7e-05,72708.04,7e-05,72708.02,0.08165,72708.01,1.18189,72709.02,1.77769,72709.03,0.00086,72709.04,0.00014,72709.34,0.00083,72709.47,7e-05,72709.83,0.00024,72709.84,0.09451,72709.85,0.08027,72709.98,0.00806,72710.01,0.01016,72709.015,0.010000000009313226,0.001375345273115476,0.3267065360244519,7.11761,1.9728300000000003,0.565955003278169,0.0
2026-05-28 15:20:49.644173,72709.01,3.44717,72709.0,0.09355,72708.99,0.00014,72708.88,0.00016,72708.87,0.08036,72708.86,0.82212,72708.85,1.3077,72708.72,7e-05,72708.04,7e-05,72708.02,0.00145,72709.02,2.22873,72709.03,0.00094,72709.04,0.00014,72709.34,0.00083,72709.47,7e-05,72709.83,0.00024,72709.84,0.09451,72709.85,0.08027,72709.98,0.00806,72710.01,0.01016,72709.015,0.010000000009313226,0.001375345273115476,0.21466903927130493,5.752790000000001,2.42395,0.40711090238897174,0.0
2026-05-28 15:20:50.488763,72709.01,3.44733,72709.0,0.10233,72708.99,0.00014,72708.88,0.00016,72708.87,0.08036,72708.86,0.82228,72708.85,1.3077,72708.72,7e-05,72708.04,7e-05,72708.02,0.08165,72709.02,1.80639,72709.03,0.00086,72709.04,0.00014,72709.34,0.00083,72709.47,7e-05,72709.83,0.00024,72709.84,0.06716,72709.85,7e-05,72709.98,0.00806,72710.01,0.01016,72709.015,0.010000000009313226,0.001375345273115476,0.31233868573125334,5.842090000000001,1.89398,0.5103508629058424,0.0
2026-05-28 15:20:50.657453,72709.01,3.44733,72709.0,0.10233,72708.99,0.00014,72708.88,0.00016,72708.87,0.08036,72708.86,0.82228,72708.85,1.3077,72708.72,7e-05,72708.04,7e-05,72708.02,0.08165,72709.02,1.80364,72709.03,0.00086,72709.04,0.00014,72709.34,0.00083,72709.47,7e-05,72709.83,0.00024,72709.84,0.06716,72709.85,7e-05,72709.98,0.00806,72710.01,0.01016,72709.015,0.010000000009313226,0.001375345273115476,0.31302597424856743,5.842090000000001,1.8912300000000002,0.5108879498068101,0.0
2026-05-28 15:20:51.079712,72709.01,3.44733,72709.0,0.10233,72708.99,0.00014,72708.88,0.00016,72708.87,0.08036,72708.86,0.82228,72708.85,1.3077,72708.72,7e-05,72708.04,7e-05,72708.02,0.08165,72709.02,1.80644,72709.03,0.00086,72709.04,0.00014,72709.34,0.00083,72709.47,7e-05,72709.83,0.00024,72709.84,0.06716,72709.85,7e-05,72709.98,0.00806,72710.01,0.01016,72709.015,0.010000000009313226,0.001375345273115476,0.31232619623622654,5.842090000000001,1.8940300000000003,0.5103411012238693,0.0
2026-05-28 15:20:51.664181,72709.01,2.99588,72709.0,0.10217,72708.99,0.00014,72708.88,0.00016,72708.87,0.0802,72708.86,0.0004,72708.85,1.30702,72708.72,7e-05,72708.04,7e-05,72708.02,0.00161,72709.02,3.44559,72709.03,0.0011,72709.04,0.00014,72709.34,0.00083,72709.47,7e-05,72709.83,8e-05,72709.85,0.08011,72709.98,0.00806,72709.99,0.00016,72710.0,0.06218,72709.015,0.010000000009313226,0.001375345273115476,-0.06981480935252357,4.48772,3.5983200000000006,0.10999203565651415,0.0
2026-05-28 15:20:52.288763,72700.0,3.7549,72699.99,0.00048,72699.53,0.00038,72699.43,0.00246,72699.24,0.00034,72699.03,8e-05,72699.01,0.0001,72698.72,0.0001,72698.64,0.00011,72698.62,0.01171,72700.01,5.09365,72700.02,0.00038,72700.03,0.00014,72700.85,0.08125,72700.97,1.16724,72701.43,8e-05,72701.72,0.004,72701.86,7e-05,72702.29,8e-05,72702.53,0.08118,72700.005,0.00999999999476131,0.00137551572310914,-0.1512959750467591,3.7706600000000003,6.428069999999999,-0.2605628347843309,-0.00012391860899219065
2026-05-28 15:20:52.603069,72700.0,3.02647,72699.99,0.00056,72699.53,0.00038,72699.43,0.00246,72699.24,0.00034,72699.03,8e-05,72699.01,0.0001,72698.72,0.0001,72698.64,0.00011,72698.62,0.01171,72700.01,4.75863,72700.02,0.00038,72700.03,0.00014,72700.84,0.00016,72700.85,0.08132,72700.96,0.00016,72700.97,0.15984,72701.39,0.03423,72701.43,8e-05,72701.72,0.004,72700.005,0.00999999999476131,0.00137551572310914,-0.2224968208500854,3.0423100000000005,5.038939999999999,-0.24706945088940432,0.0
2026-05-28 15:20:53.101582,72700.0,5.72095,72699.99,0.00016,72699.9,0.02115,72699.85,0.02016,72699.53,0.00038,72699.43,0.00246,72699.25,0.00688,72699.24,0.00034,72699.19,0.12224,72699.16,0.08263,72700.01,0.15105,72700.02,0.00038,72700.03,0.00014,72700.1,0.00024,72700.11,0.04027,72701.43,8e-05,72701.86,7e-05,72702.0,0.0006,72702.01,0.00716,72702.16,8e-05,72700.005,0.00999999999476131,0.00137551572310914,0.9485524523160764,5.977349999999999,0.20006999999999994,0.9352253853550511,0.0
2026-05-28 15:20:53.590251,72703.19,3.83945,72703.18,0.0007,72703.17,0.00014,72702.95,0.0004,72702.94,2.86165,72702.93,7e-05,72702.27,0.0623,72702.1,0.00014,72701.86,7e-05,72701.85,7e-05,72703.2,0.72023,72703.21,0.00016,72703.46,7e-05,72703.57,7e-05,72703.59,8e-05,72703.6,7e-05,72703.97,7e-05,72704.0,0.0006,72704.01,0.00723,72704.03,0.00016,72703.195,0.00999999999476131,0.0013754553695695642,0.6840874798231454,6.764989999999999,0.7287400000000002,0.8055067369654364,4.387895159019273e-05
2026-05-28 15:20:54.072713,72708.99,4.52794,72708.98,0.00046,72708.97,0.00014,72708.85,7e-05,72708.82,0.00206,72708.15,0.00016,72708.14,0.08188,72707.3,0.00016,72707.29,0.08188,72707.18,0.004,72709.0,1.38239,72709.01,0.00088,72709.02,0.00016,72709.16,0.00016,72709.34,0.00083,72710.0,0.0006,72710.01,0.007,72710.04,8e-05,72710.08,8e-05,72711.34,0.0008,72708.995,0.00999999999476131,0.0013753456494291127,0.5322122453399387,4.69875,1.3929799999999999,0.5426652198964828,7.977641147660641e-05
2026-05-28 15:20:54.630531,72708.99,4.67941,72708.98,0.00062,72708.97,0.00014,72708.85,7e-05,72708.82,0.00206,72708.16,0.00016,72708.15,0.19619,72708.14,0.08204,72708.01,8e-05,72707.31,9e-05,72709.0,1.1589,72709.01,0.00112,72709.34,0.00083,72710.0,0.0046,72710.01,0.00716,72710.04,8e-05,72711.34,0.0008,72711.36,0.00042,72711.54,8e-05,72711.6,0.00206,72708.995,0.00999999999476131,0.0013753456494291127,0.6030015535317583,4.960859999999999,1.1760500000000003,0.6167289401343673,0.0
2026-05-28 15:20:55.164140,72708.99,4.67941,72708.98,0.00062,72708.97,0.00014,72708.85,7e-05,72708.82,0.00206,72708.16,0.00024,72708.15,0.19619,72708.14,0.08204,72708.01,0.00153,72707.31,9e-05,72709.0,1.15698,72709.01,0.00096,72709.34,0.00083,72710.0,0.0046,72710.01,0.00716,72710.04,8e-05,72710.19,8e-05,72711.34,0.0008,72711.36,0.00042,72711.6,0.00206,72708.995,0.00999999999476131,0.0013753456494291127,0.6035288937168353,4.962389999999999,1.1739700000000002,0.6173725139985267,0.0
2026-05-28 15:20:55.573271,72708.99,4.67989,72708.98,0.00062,72708.97,0.00014,72708.85,7e-05,72708.82,0.00206,72708.16,0.00024,72708.15,0.19619,72708.14,0.08204,72708.01,0.00153,72707.31,9e-05,72709.0,1.15705,72709.01,0.0011,72709.02,0.00014,72709.34,0.00083,72710.0,0.0046,72710.01,0.00716,72710.04,8e-05,72710.19,8e-05,72711.34,0.0008,72711.36,0.00042,72708.995,0.00999999999476131,0.0013753456494291127,0.6035422670097689,4.96287,1.1722600000000003,0.6178532484234236,0.0
2026-05-28 15:20:56.081273,72708.99,4.67941,72708.98,0.00062,72708.97,0.00014,72708.85,7e-05,72708.82,0.00206,72708.16,0.00024,72708.15,0.19619,72708.14,0.08204,72708.01,0.00153,72708.0,0.01,72709.0,1.15698,72709.01,0.00129,72709.02,0.00014,72709.34,0.00083,72710.0,0.0046,72710.01,0.00716,72710.04,8e-05,72710.19,8e-05,72711.34,0.0008,72711.36,0.00042,72708.995,0.00999999999476131,0.0013753456494291127,0.6035288937168353,4.972299999999999,1.1723800000000002,0.6184081188930911,0.0
2026-05-28 15:20:56.641897,72708.99,4.68306,72708.98,0.00062,72708.97,0.00014,72708.85,7e-05,72708.82,0.00206,72708.16,0.00024,72708.15,0.19619,72708.14,0.08204,72708.01,0.00153,72708.0,0.01016,72709.0,1.15658,72709.01,0.00129,72709.02,0.00014,72709.34,0.00083,72710.0,0.0046,72710.01,0.00716,72710.04,8e-05,72710.19,8e-05,72711.34,0.0008,72711.36,0.00042,72708.995,0.00999999999476131,0.0013753456494291127,0.6038865409511546,4.976109999999999,1.1719800000000002,0.6187498881766531,0.0
2026-05-28 15:20:57.154361,72708.99,4.76254,72708.98,0.00078,72708.97,0.00014,72708.85,7e-05,72708.82,0.00206,72708.16,0.00024,72708.15,0.19619,72708.14,0.08204,72708.01,0.00153,72708.0,0.01016,72709.0,1.01115,72709.01,0.00121,72709.02,0.00033,72709.34,0.00083,72710.0,0.0046,72710.01,0.00716,72710.04,8e-05,72710.19,8e-05,72711.34,0.0008,72711.36,0.00042,72708.995,0.00999999999476131,0.0013753456494291127,0.6497387286120315,5.05575,1.0266600000000001,0.6624167065357318,0.0
2026-05-28 15:20:57.630092,72708.99,4.19336,72708.98,0.00078,72708.97,0.00014,72708.85,7e-05,72708.82,0.00206,72708.16,8e-05,72708.15,0.00016,72708.14,0.08204,72708.01,0.00148,72708.0,0.01016,72709.0,2.06094,72709.01,0.00121,72709.02,0.00033,72709.34,0.00083,72710.0,0.0046,72710.01,0.00716,72710.04,8e-05,72710.19,8e-05,72710.68,0.00016,72710.69,0.05038,72708.995,0.00999999999476131,0.0013753456494291127,0.3409526245942791,4.29033,2.12577,0.3373638191424697,0.0
2026-05-28 15:20:58.350779,72708.99,4.30956,72708.98,0.00078,72708.97,0.00014,72708.85,7e-05,72708.82,0.00206,72708.15,0.00016,72708.14,0.00023,72708.01,8e-05,72708.0,0.01016,72707.3,0.00024,72709.0,2.50782,72709.01,0.00065,72709.02,0.00033,72709.34,0.00083,72710.0,0.0046,72710.01,0.00716,72710.04,8e-05,72710.19,8e-05,72710.68,0.00016,72710.69,0.05025,72708.995,0.00999999999476131,0.0013753456494291127,0.2642862800665358,4.32348,2.5719600000000002,0.25401134662907654,0.0
2026-05-28 15:20:58.860803,72708.99,2.48097,72708.98,0.00078,72708.97,0.00014,72708.85,7e-05,72708.82,0.00206,72708.14,7e-05,72708.0,0.01016,72707.3,0.00024,72707.29,0.08217,72706.46,0.00024,72709.0,3.1409,72709.01,0.00664,72709.02,0.00033,72709.34,0.00083,72709.83,0.00016,72709.84,0.07962,72709.85,0.08203,72710.0,0.0046,72710.01,0.00716,72710.04,8e-05,72708.995,0.00999999999476131,0.0013753456494291127,-0.11738620779206914,2.5768999999999997,3.3223499999999997,-0.12636352078654067,0.0
2026-05-28 15:20:59.087243,72708.99,2.48097,72708.98,0.00078,72708.97,0.00014,72708.85,7e-05,72708.82,0.00206,72708.14,7e-05,72708.0,0.01016,72707.3,0.00024,72707.29,0.08217,72706.46,0.00024,72709.0,4.54145,72709.01,0.00664,72709.02,0.00033,72709.34,0.00083,72709.83,0.00016,72709.84,0.07962,72709.85,0.08203,72710.0,0.0046,72710.01,0.00716,72710.04,8e-05,72708.995,0.00999999999476131,0.0013753456494291127,-0.29341452092013864,2.5768999999999997,4.722899999999999,-0.2939806570043014,0.0
2026-05-28 15:20:59.604828,72708.99,2.87494,72708.98,0.00086,72708.97,0.00014,72708.85,7e-05,72708.82,0.00206,72708.15,0.00016,72708.14,0.0821,72708.0,0.01016,72707.3,0.00144,72707.29,0.08217,72709.0,4.10232,72709.01,0.00664,72709.02,0.00033,72709.34,0.00083,72709.83,0.00016,72709.84,0.07982,72709.85,0.08203,72710.0,0.0046,72710.01,0.00716,72710.04,8e-05,72708.995,0.00999999999476131,0.0013753456494291127,-0.17591146094598736,3.0541000000000005,4.283969999999998,-0.16760129025751977,0.0
2026-05-28 15:21:00.096744,72708.99,2.48081,72708.98,0.00078,72708.97,0.00014,72708.85,7e-05,72708.82,0.00206,72708.14,7e-05,72708.0,0.01016,72707.3,0.00016,72707.29,0.08217,72706.68,8e-05,72709.0,4.10273,72709.01,0.00664,72709.02,0.00033,72709.34,0.00083,72709.83,0.00016,72709.84,0.07982,72709.85,0.08203,72710.0,0.0046,72710.01,0.00716,72710.04,8e-05,72708.995,0.00999999999476131,0.0013753456494291127,-0.24635986110815766,2.5765000000000002,4.284379999999999,-0.24893016639264917,0.0
2026-05-28 15:21:00.599907,72708.99,3.67551,72708.98,0.00038,72708.97,0.00014,72708.85,7e-05,72708.82,0.00206,72708.14,0.0821,72708.0,0.01016,72707.29,0.08217,72707.18,0.004,72706.68,8e-05,72709.0,2.24775,72709.01,0.00728,72709.02,0.00033,72709.34,0.00083,72709.84,8e-05,72710.0,0.0046,72710.01,0.00716,72710.04,8e-05,72710.19,8e-05,72710.69,8e-05,72708.995,0.00999999999476131,0.0013753456494291127,0.24104293919226916,3.8566700000000003,2.2682700000000002,0.25933315265129125,0.0
2026-05-28 15:21:01.073852,72708.99,3.67268,72708.98,0.00038,72708.97,0.00014,72708.85,7e-05,72708.82,0.00206,72708.46,0.01708,72708.14,0.0821,72708.0,0.01016,72707.48,0.02016,72707.3,9e-05,72709.0,2.18867,72709.01,0.00728,72709.02,0.00033,72709.34,0.00083,72709.84,8e-05,72710.0,0.0046,72710.01,0.00716,72710.04,8e-05,72710.19,8e-05,72710.69,8e-05,72708.995,0.00999999999476131,0.0013753456494291127,0.2531856995402083,3.8049200000000005,2.2091900000000004,0.2653310298614425,0.0
2026-05-28 15:21:01.586292,72708.99,3.75207,72708.98,0.00038,72708.97,0.00014,72708.85,7e-05,72708.82,0.00206,72708.47,0.00016,72708.46,0.01708,72708.15,0.00016,72708.14,0.08339,72708.0,0.01016,72709.0,2.18885,72709.01,0.00744,72709.02,0.07488,72709.34,0.00083,72710.0,0.0046,72710.01,0.00716,72710.04,8e-05,72710.19,8e-05,72711.34,0.0008,72711.36,0.00042,72708.995,0.00999999999476131,0.0013753456494291127,0.26312759639921085,3.86567,2.2851399999999997,0.256962904072797,0.0
2026-05-28 15:21:02.083571,72716.0,7.59178,72715.99,0.27458,72715.98,0.00014,72715.57,0.08557,72715.15,0.08225,72714.95,0.0076,72714.68,0.95684,72714.67,2.46201,72714.65,8e-05,72714.64,0.23875,72716.01,0.00333,72716.02,0.00072,72716.82,7e-05,72717.38,8e-05,72717.49,8e-05,72718.0,0.0014,72718.01,0.00716,72718.35,8e-05,72718.4,8e-05,72718.79,0.00015,72716.005,0.00999999999476131,0.0013752130627585097,0.9991231200074785,11.699599999999998,0.013150000000000002,0.9977545836801777,9.641173007568504e-05
2026-05-28 15:21:02.582502,72726.15,5.06639,72726.14,0.00038,72726.13,0.00014,72726.11,0.00016,72726.1,0.00687,72725.3,0.08197,72725.29,0.08298,72724.43,0.08298,72724.3,7e-05,72724.18,0.34715,72726.16,0.88071,72726.17,0.00072,72726.28,0.00042,72726.34,0.00016,72726.35,0.01715,72726.7,0.00011,72726.9,0.0002,72727.61,8e-05,72727.62,0.00016,72728.0,0.0014,72726.155,0.010000000009313226,0.001375021133636616,0.7038186679221806,5.669090000000001,0.9011100000000001,0.7256978478585127,0.0001395841259430597
2026-05-28 15:21:03.117515,72726.15,0.83401,72726.14,0.00038,72726.13,0.00014,72726.1,0.0009,72725.31,0.11571,72725.3,0.08205,72724.8,8e-05,72724.46,0.00016,72724.45,0.08223,72724.44,0.00141,72726.16,3.04925,72726.17,0.00072,72726.28,0.00042,72726.7,0.00011,72726.9,0.0002,72727.0,0.00016,72727.01,0.08227,72727.2,0.004,72727.25,0.00016,72727.5,0.00016,72726.155,0.010000000009313226,0.001375021133636616,-0.5704588412828396,1.11707,3.13745,-0.47487848217895323,0.0
2026-05-28 15:21:03.787170,72744.0,2.23184,72743.74,0.1437,72743.73,0.28245,72743.72,0.00295,72743.44,3.23223,72743.43,0.00038,72743.42,0.00014,72743.0,7e-05,72742.76,0.00016,72742.6,0.08088,72744.01,0.00716,72744.26,0.00423,72744.91,8e-05,72745.32,0.00016,72745.76,0.00016,72745.77,0.02745,72745.84,0.00544,72745.86,8e-05,72745.94,0.00016,72745.95,0.00023,72744.005,0.00999999999476131,0.0013746837275128458,0.9936042876284057,5.974799999999999,0.045149999999999996,0.9849998754142477,0.0002454412721255572
2026-05-28 15:21:04.077601,72748.87,1.80087,72748.86,0.00038,72748.85,0.00014,72748.15,0.00016,72748.04,0.00016,72748.03,0.08086,72748.0,0.0003,72747.88,7e-05,72747.85,7e-05,72747.61,0.04075,72748.88,2.9895,72748.89,0.00088,72749.57,8e-05,72749.6,8e-05,72749.61,8e-05,72749.7,0.00016,72749.71,0.07891,72749.72,0.0811,72750.0,0.00153,72750.01,0.00716,72748.875,0.010000000009313226,0.0013745917045883149,-0.2481290589244672,1.92376,3.1594800000000003,-0.24309692243529724,6.694709756494e-05
2026-05-28 15:21:04.714904,72744.0,3.55772,72743.99,0.00016,72743.76,8e-05,72743.74,7e-05,72743.73,0.00014,72743.72,7e-05,72743.58,0.004,72743.44,0.01184,72743.18,0.00154,72743.17,0.1178,72744.01,1.31325,72744.02,0.00094,72744.03,0.00014,72744.85,0.08079,72745.14,7e-05,72745.19,0.00016,72745.69,0.08079,72745.84,0.00024,72745.85,0.28581,72746.53,0.08095,72744.005,0.00999999999476131,0.0013746837275128458,0.4607850181791307,3.69342,1.84314,0.33419307295504797,-6.69426159510822e-05
2026-05-28 15:21:05.157764,72750.0,2.45994,72749.99,0.00054,72749.98,0.04122,72749.18,0.00016,72749.17,0.0485,72749.16,0.00023,72749.04,0.004,72748.87,0.00013,72748.33,0.00164,72748.32,0.00023,72750.01,2.54092,72750.02,0.00088,72750.05,0.00016,72750.06,0.07462,72750.41,8e-05,72750.47,0.00545,72750.48,7e-05,72750.55,8e-05,72750.84,0.00016,72750.85,0.08101,72750.005,0.00999999999476131,0.0013745703515431111,-0.016193214767060034,2.556590000000001,2.7034300000000004,-0.027916243664472686,8.248102369390331e-05
2026-05-28 15:21:05.584106,72750.0,1.66863,72749.99,0.0007,72749.98,0.04122,72749.16,0.00023,72749.04,0.004,72748.89,8e-05,72748.87,0.00013,72748.33,0.00016,72748.32,0.081,72747.56,8e-05,72750.01,3.40126,72750.02,0.00072,72750.06,7e-05,72750.41,8e-05,72750.47,0.00545,72750.48,7e-05,72750.84,0.00024,72750.85,0.08077,72751.17,0.00016,72751.18,0.0167,72750.005,0.00999999999476131,0.0013745703515431111,-0.34174903203028073,1.79623,3.50552,-0.3224010939784034,0.0
2026-05-28 15:21:06.168807,72750.0,3.7081,72749.99,0.12332,72749.98,0.00014,72749.16,0.07436,72749.1,0.06072,72749.04,0.004,72748.89,8e-05,72748.87,0.00013,72748.86,0.00016,72748.33,8e-05,72750.01,0.42613,72750.02,0.0008,72750.06,7e-05,72750.41,8e-05,72750.47,0.00545,72750.48,7e-05,72750.84,8e-05,72750.85,7e-05,72751.31,0.00206,72751.52,0.00016,72750.005,0.00999999999476131,0.0013745703515431111,0.7938527851619286,3.9710900000000002,0.43497000000000013,0.8025582947122826,0.0
2026-05-28 15:21:06.577269,72750.0,2.61699,72749.99,0.12073,72749.98,0.00014,72749.69,0.01689,72749.16,0.07429,72749.04,0.004,72749.02,0.14383,72748.87,0.00013,72748.33,8e-05,72748.32,0.08114,72750.01,0.30554,72750.02,0.00086,72750.03,0.00014,72750.41,8e-05,72750.47,0.00545,72750.48,7e-05,72751.07,8e-05,72751.31,0.00206,72751.52,8e-05,72752.0,0.0014,72750.005,0.00999999999476131,0.0013745703515431111,0.7909071934248749,3.05822,0.3157600000000001,0.8128263949401003,0.0
2026-05-28 15:21:07.153907,72750.0,2.54577,72749.99,0.08832,72749.98,0.00014,72749.7,0.00016,72749.69,0.01689,72749.17,0.00016,72749.16,0.07422,72749.04,0.004,72748.89,8e-05,72748.87,0.00013,72750.01,0.53241,72750.02,0.00102,72750.03,0.00014,72750.41,8e-05,72750.47,0.00545,72750.48,7e-05,72751.07,8e-05,72751.31,0.00206,72751.52,8e-05,72752.0,0.0014,72750.005,0.00999999999476131,0.0013745703515431111,0.6540748104399353,2.7298700000000005,0.5427899999999999,0.6682881814792861,0.0
2026-05-28 15:21:07.788044,72750.0,1.79613,72749.99,0.00038,72749.98,0.00014,72749.17,0.00016,72749.16,7e-05,72748.89,8e-05,72748.87,0.00013,72748.34,0.00016,72748.33,0.02451,72748.32,0.081,72750.01,3.41205,72750.02,0.00096,72750.03,0.00014,72750.41,8e-05,72750.47,0.00545,72750.48,7e-05,72750.84,0.00016,72750.85,0.081,72751.07,8e-05,72751.31,0.00206,72750.005,0.00999999999476131,0.0013745703515431111,-0.31026577422439316,1.90276,3.5020500000000006,-0.295901243521974,0.0
2026-05-28 15:21:09.370806,72750.0,1.64759,72749.99,0.00102,72749.98,0.00014,72749.18,0.00016,72749.17,0.04865,72749.16,0.08093,72748.89,8e-05,72748.87,0.00013,72748.33,0.00024,72748.32,0.081,72750.01,3.35779,72750.02,0.00104,72750.03,0.00033,72750.41,8e-05,72750.47,0.00545,72750.48,7e-05,72750.84,0.00024,72750.85,0.081,72751.07,8e-05,72751.31,0.00206,72750.005,0.00999999999476131,0.0013745703515431111,-0.34167236054005884,1.8599400000000001,3.4481400000000004,-0.2992042320387033,0.0
2026-05-28 15:21:09.599428,72750.0,1.62392,72749.99,0.00102,72749.98,0.00014,72749.18,0.00016,72749.17,0.04881,72749.16,0.08093,72748.89,8e-05,72748.87,0.00013,72748.33,0.00024,72748.32,0.081,72750.01,3.3534,72750.02,0.00104,72750.03,0.00033,72750.41,8e-05,72750.47,0.00545,72750.48,7e-05,72750.84,0.00024,72750.85,0.081,72751.07,8e-05,72751.31,0.00206,72750.005,0.00999999999476131,0.0013745703515431111,-0.3474721335980005,1.83643,3.4437500000000005,-0.3044062891795356,0.0
2026-05-28 15:21:09.846573,72750.0,1.62344,72749.99,0.00102,72749.98,0.00014,72749.18,0.00016,72749.17,0.04881,72749.16,0.08093,72748.89,8e-05,72748.87,0.00013,72748.33,0.00024,72748.32,0.081,72750.01,3.35316,72750.02,0.00112,72750.03,0.00033,72750.41,8e-05,72750.47,0.00545,72750.48,7e-05,72750.84,0.00024,72750.85,0.081,72751.07,8e-05,72751.31,0.00206,72750.005,0.00999999999476131,0.0013745703515431111,-0.3475706305509786,1.83595,3.44359,-0.30450380146755207,0.0
2026-05-28 15:21:10.222201,72750.0,1.89035,72749.99,0.00102,72749.98,0.00014,72749.18,0.00016,72749.17,0.04881,72749.16,0.08093,72748.89,8e-05,72748.87,0.00013,72748.33,0.00024,72748.32,0.081,72750.01,3.00701,72750.02,0.00112,72750.03,0.00033,72750.41,8e-05,72750.47,0.00545,72750.48,7e-05,72750.84,0.00024,72750.85,0.081,72751.07,8e-05,72751.31,0.00206,72750.005,0.00999999999476131,0.0013745703515431111,-0.22801264354672726,2.1028599999999997,3.09744,-0.191254350710536,0.0
2026-05-28 15:21:10.379280,72750.0,1.89019,72749.99,0.00102,72749.98,0.00014,72749.91,0.00016,72749.9,0.02453,72749.18,0.00016,72749.17,0.04881,72749.16,0.08093,72748.89,8e-05,72748.87,0.00013,72750.01,2.99717,72750.02,0.00112,72750.03,0.00033,72750.41,8e-05,72750.47,0.00545,72750.48,7e-05,72750.84,0.00024,72750.85,0.081,72751.07,8e-05,72751.31,0.00206,72750.005,0.00999999999476131,0.0013745703515431111,-0.22649855954953185,2.04615,3.0876,-0.20286340394448507,0.0
2026-05-28 15:21:10.584190,72750.0,1.88126,72749.99,0.0011,72749.98,0.00014,72749.91,0.00016,72749.9,0.02469,72749.18,0.00016,72749.17,0.04881,72749.16,0.08093,72748.89,8e-05,72748.87,0.00013,72750.01,2.99423,72750.02,0.00104,72750.03,0.00033,72750.41,8e-05,72750.47,0.00545,72750.48,7e-05,72750.84,0.00024,72750.85,0.081,72751.07,8e-05,72751.31,0.00206,72750.005,0.00999999999476131,0.0013745703515431111,-0.22827859353623944,2.0374600000000003,3.0845800000000003,-0.20443417076008777,0.0
2026-05-28 15:21:11.067842,72750.0,1.89926,72749.99,0.0011,72749.98,0.00014,72749.91,0.00016,72749.9,0.02469,72749.18,0.00016,72749.17,0.04881,72749.16,0.08093,72748.89,8e-05,72748.87,0.00013,72750.01,2.99431,72750.02,0.00112,72750.03,0.00033,72750.41,8e-05,72750.47,0.00545,72750.48,7e-05,72750.84,0.00024,72750.85,0.081,72751.07,8e-05,72751.31,0.00206,72750.005,0.00999999999476131,0.0013745703515431111,-0.22377323712545238,2.05546,3.08474,-0.20024123574958172,0.0
2026-05-28 15:21:12.441166,72750.0,2.61515,72749.99,0.00038,72749.98,0.00014,72749.83,0.00206,72749.18,0.00016,72749.17,0.04889,72749.16,0.08093,72748.89,8e-05,72748.87,0.00013,72748.33,0.00016,72750.01,0.38123,72750.02,0.00104,72750.03,0.00033,72750.41,8e-05,72750.47,0.00545,72750.48,7e-05,72751.07,8e-05,72751.31,0.00206,72751.47,0.00161,72751.48,0.01722,72750.005,0.00999999999476131,0.0013745703515431111,0.7455396178054853,2.7480800000000003,0.4091700000000001,0.7408060812415869,0.0
2026-05-28 15:21:12.625458,72750.0,2.66931,72749.99,0.00038,72749.98,0.00014,72749.94,0.02411,72749.83,0.00206,72749.18,0.00016,72749.17,0.04889,72749.16,0.08093,72749.04,0.004,72748.89,8e-05,72750.01,0.3775,72750.02,0.00104,72750.03,0.00033,72750.41,8e-05,72750.47,0.00545,72750.48,7e-05,72751.07,8e-05,72751.31,0.00206,72751.47,0.00161,72751.48,0.01722,72750.005,0.00999999999476131,0.0013745703515431111,0.7521998418017534,2.83006,0.4054400000000001,0.7493803121619533,0.0
2026-05-28 15:21:12.798401,72750.0,2.67054,72749.99,0.00038,72749.98,0.00014,72749.94,0.02411,72749.83,0.00206,72749.18,0.00016,72749.17,0.05028,72749.16,0.08093,72749.04,0.004,72748.89,8e-05,72750.01,0.37701,72750.02,0.00104,72750.03,0.00033,72750.41,8e-05,72750.47,0.00545,72750.48,7e-05,72751.07,8e-05,72751.31,0.00206,72751.47,0.00161,72751.48,0.01722,72750.005,0.00999999999476131,0.0013745703515431111,0.7525815819264656,2.83268,0.4049500000000001,0.7498478825560673,0.0
2026-05-28 15:21:13.670545,72750.0,2.67054,72749.99,0.00038,72749.98,0.00014,72749.95,0.00016,72749.94,0.02411,72749.83,0.00206,72749.18,0.00016,72749.17,0.0502,72749.16,0.08228,72749.04,0.004,72750.01,0.51064,72750.02,0.00104,72750.03,0.00033,72750.41,8e-05,72750.47,0.00545,72750.48,7e-05,72751.07,8e-05,72751.31,0.00206,72751.47,0.00161,72751.48,0.01722,72750.005,0.00999999999476131,0.0013745703515431111,0.6789618946428684,2.83403,0.53858,0.6806153098045726,0.0
2026-05-28 15:21:13.871857,72750.0,2.67054,72749.99,0.00038,72749.98,0.00014,72749.95,0.00016,72749.94,0.02411,72749.83,0.00206,72749.18,0.00016,72749.17,0.0502,72749.16,0.08228,72749.04,0.004,72750.01,0.50496,72750.02,0.00104,72750.03,0.00033,72750.41,8e-05,72750.47,0.00545,72750.48,7e-05,72751.07,8e-05,72751.31,0.00206,72751.47,0.00161,72751.48,0.01722,72750.005,0.00999999999476131,0.0013745703515431111,0.6819650448748228,2.83403,0.5328999999999999,0.6834505023864469,0.0
2026-05-28 15:21:14.075781,72750.0,2.67054,72749.99,0.00038,72749.98,0.00014,72749.95,0.00016,72749.94,0.02411,72749.83,0.00206,72749.18,0.00016,72749.17,0.0502,72749.16,0.08228,72749.04,0.004,72750.01,0.50496,72750.02,0.00104,72750.03,0.00033,72750.41,8e-05,72750.47,0.00545,72750.48,7e-05,72751.07,8e-05,72751.31,0.00206,72751.47,0.00161,72751.48,0.01722,72750.005,0.00999999999476131,0.0013745703515431111,0.6819650448748228,2.83403,0.5328999999999999,0.6834505023864469,0.0
2026-05-28 15:21:14.579117,72750.0,2.69331,72749.99,0.00038,72749.98,0.00014,72749.95,0.00016,72749.94,0.02411,72749.83,0.00206,72749.35,0.0976,72749.34,0.15696,72749.17,0.00285,72749.16,0.08093,72750.01,0.29697,72750.02,0.00112,72750.03,0.00033,72750.19,0.00024,72750.2,0.07439,72750.41,8e-05,72750.47,0.00545,72750.48,7e-05,72751.07,8e-05,72751.31,0.00206,72750.005,0.00999999999476131,0.0013745703515431111,0.8013764597295236,3.0584999999999996,0.38079000000000013,0.7785647619130691,0.0
2026-05-28 15:21:15.076930,72750.0,2.34056,72749.99,0.00086,72749.98,0.00014,72749.95,0.00016,72749.94,0.02411,72749.83,0.00206,72749.36,0.00016,72749.35,0.05076,72749.34,0.00135,72749.17,0.00155,72750.01,2.13635,72750.02,0.00128,72750.03,0.00033,72750.19,0.00024,72750.2,0.07469,72750.41,8e-05,72750.47,0.00545,72750.48,7e-05,72750.84,0.00016,72750.85,0.08093,72750.005,0.00999999999476131,0.0013745703515431111,0.04561405076269118,2.42171,2.29958,0.025867930163154532,0.0
2026-05-28 15:21:15.573683,72750.0,2.01903,72749.99,0.00086,72749.98,0.00014,72749.95,0.00016,72749.94,0.02411,72749.83,0.00206,72749.18,0.00016,72749.17,0.05148,72749.16,0.08246,72748.89,8e-05,72750.01,2.85781,72750.02,0.00144,72750.03,0.00033,72750.2,0.00014,72750.41,8e-05,72750.47,0.00545,72750.48,7e-05,72750.84,0.00024,72750.85,0.081,72751.07,8e-05,72750.005,0.00999999999476131,0.0013745703515431111,-0.17199251974639324,2.1805400000000006,2.9466400000000004,-0.1494193689318494,0.0
2026-05-28 15:21:16.082669,72750.0,1.55951,72749.99,0.00086,72749.98,0.00014,72749.95,0.00016,72749.94,0.02411,72749.83,0.00206,72749.18,0.00016,72749.17,0.02604,72749.16,7e-05,72748.89,8e-05,72750.01,3.00465,72750.02,0.00112,72750.03,0.00033,72750.2,0.00014,72750.41,8e-05,72750.47,0.00545,72750.48,7e-05,72750.84,0.00024,72750.85,0.081,72751.07,8e-05,72750.005,0.00999999999476131,0.0013745703515431111,-0.31662781322302463,1.6131900000000001,3.0931599999999997,-0.3144623753014544,0.0
2026-05-28 15:21:16.690399,72750.0,1.55951,72749.99,0.00086,72749.98,0.00014,72749.95,0.00016,72749.94,0.02411,72749.83,0.00206,72749.18,0.00024,72749.17,0.02596,72749.16,7e-05,72748.89,8e-05,72750.01,3.01231,72750.02,0.00112,72750.03,0.00033,72750.2,0.00014,72750.41,8e-05,72750.47,0.00545,72750.48,7e-05,72750.84,0.00024,72750.85,0.081,72751.07,8e-05,72750.005,0.00999999999476131,0.0013745703515431111,-0.3177727907047959,1.6131900000000001,3.1008199999999997,-0.31557633522202955,0.0
2026-05-28 15:21:17.089133,72746.78,0.00106,72746.77,0.00078,72746.76,0.00014,72746.74,0.00149,72746.65,8e-05,72746.64,0.00023,72746.55,0.00016,72746.19,0.004,72746.0,0.00856,72745.9,0.00016,72746.79,6.47945,72746.8,0.00022,72746.81,0.00014,72747.22,0.004,72747.49,0.00016,72747.63,0.08071,72747.98,0.40483,72747.99,6.72315,72748.0,1.19776,72748.01,2.78451,72746.785,0.00999999999476131,0.0013746311943216886,-0.9996728652528891,0.01666,17.67493,-0.9981166192524242,-4.4261165342840414e-05
2026-05-28 15:21:17.605109,72738.0,0.14576,72737.99,0.00064,72737.6,7e-05,72737.05,7e-05,72737.04,7e-05,72736.89,7e-05,72736.72,0.003,72736.48,8e-05,72736.01,7e-05,72736.0,0.00856,72738.01,6.12328,72738.02,0.00038,72738.03,0.00014,72738.12,1.45747,72738.14,0.79592,72738.68,0.13386,72738.69,0.73815,72739.26,7e-05,72739.41,7e-05,72739.53,0.08076,72738.005,0.00999999999476131,0.0013747971221868553,-0.9534984622844965,0.15838999999999995,9.330099999999998,-0.966614287415595,-0.0001206926189246671
2026-05-28 15:21:18.141031,72738.0,2.79865,72737.99,0.0004,72737.6,7e-05,72737.17,0.00016,72737.16,0.08076,72737.05,7e-05,72737.04,7e-05,72736.89,7e-05,72736.74,0.00016,72736.73,0.10034,72738.01,2.1423,72738.02,0.00038,72738.03,0.00014,72738.12,8e-05,72738.14,0.00556,72738.67,0.00016,72738.68,0.065,72738.69,0.11931,72739.07,0.01725,72739.26,7e-05,72738.005,0.00999999999476131,0.0013747971221868553,0.13283882654145454,2.9807500000000005,2.3502500000000004,0.1182704933408366,0.0
2026-05-28 15:21:18.577684,72738.0,2.26132,72737.99,0.00062,72737.98,0.00014,72737.6,7e-05,72737.17,0.00016,72737.16,0.08076,72737.05,7e-05,72737.04,7e-05,72736.89,7e-05,72736.74,0.00024,72738.01,2.34343,72738.02,0.00038,72738.03,0.00014,72738.14,0.00556,72738.67,0.00016,72738.68,0.1053,72738.69,0.11945,72738.84,0.00016,72738.85,0.08062,72739.26,7e-05,72738.005,0.00999999999476131,0.0013747971221868553,-0.017831586948259977,2.3435200000000003,2.6552700000000007,-0.062365092352349334,0.0
2026-05-28 15:21:19.357497,72738.0,2.26169,72737.99,0.00062,72737.98,0.00014,72737.6,7e-05,72737.17,0.00016,72737.16,0.08076,72737.05,7e-05,72737.04,7e-05,72736.89,7e-05,72736.74,0.00024,72738.01,2.10777,72738.02,0.00038,72738.03,0.00014,72738.14,0.00556,72738.67,0.00016,72738.68,0.1053,72738.69,0.11938,72739.11,0.01661,72739.26,7e-05,72739.39,8e-05,72738.005,0.00999999999476131,0.0013747971221868553,0.03522632087260217,2.3438900000000005,2.3554500000000003,-0.0024599199036459993,0.0
2026-05-28 15:21:19.603465,72738.0,2.26169,72737.99,0.00062,72737.98,0.00014,72737.6,7e-05,72737.17,0.00016,72737.16,0.08076,72737.05,7e-05,72737.04,7e-05,72736.89,7e-05,72736.74,0.00024,72738.01,2.10777,72738.02,0.00038,72738.03,0.00014,72738.14,0.00556,72738.67,0.00016,72738.68,0.1053,72738.69,0.11938,72739.11,0.01661,72739.26,7e-05,72739.39,8e-05,72738.005,0.00999999999476131,0.0013747971221868553,0.03522632087260217,2.3438900000000005,2.3554500000000003,-0.0024599199036459993,0.0
2026-05-28 15:21:20.078744,72738.0,2.31229,72737.99,0.00062,72737.98,0.00014,72737.6,7e-05,72737.17,0.00016,72737.16,0.08076,72737.05,7e-05,72737.04,7e-05,72736.89,7e-05,72736.74,0.00024,72738.01,0.99506,72738.02,0.0011,72738.03,0.00014,72738.14,0.00556,72738.68,0.00039,72738.69,0.12076,72739.11,0.00016,72739.26,7e-05,72739.39,8e-05,72739.41,7e-05,72738.005,0.00999999999476131,0.0013747971221868553,0.39827354226193173,2.3944900000000002,1.1233899999999999,0.36132557108258395,0.0
2026-05-28 15:21:20.714857,72738.0,2.56837,72737.99,0.0003,72737.98,0.00014,72737.6,7e-05,72737.17,0.00016,72737.16,0.08076,72737.05,7e-05,72737.04,7e-05,72737.03,0.04076,72736.89,7e-05,72738.01,0.43909,72738.02,0.0011,72738.03,0.00014,72738.14,0.00556,72738.68,7e-05,72738.69,0.00554,72739.26,7e-05,72739.36,0.00024,72739.37,0.07455,72739.39,8e-05,72738.005,0.00999999999476131,0.0013747971221868553,0.707999441389079,2.6907700000000006,0.5264399999999999,0.6727350716925535,0.0
2026-05-28 15:21:21.113814,72738.0,2.31242,72737.99,0.00062,72737.98,0.00014,72737.6,7e-05,72737.17,0.00016,72737.16,0.08076,72737.05,7e-05,72737.04,0.00023,72737.03,0.04076,72736.89,7e-05,72738.01,3.0065,72738.02,0.00118,72738.03,0.00014,72738.14,0.00556,72738.68,7e-05,72738.69,0.00554,72738.83,0.00016,72738.84,0.11097,72738.85,0.08068,72739.26,7e-05,72738.005,0.00999999999476131,0.0013747971221868553,-0.13049265640393162,2.4353000000000007,3.2108700000000003,-0.13736214106199413,0.0
2026-05-28 15:21:21.587903,72725.8,2.88076,72725.79,0.00094,72725.78,0.00014,72725.42,0.00016,72725.41,0.07485,72725.4,0.05274,72725.02,8e-05,72725.0,7e-05,72724.8,0.00024,72724.72,8e-05,72725.81,2.72589,72725.82,0.00038,72725.83,0.00014,72725.89,0.00014,72726.24,0.00016,72726.25,7e-05,72726.44,0.00206,72726.65,0.07791,72727.08,8e-05,72727.09,0.00541,72725.805,0.00999999999476131,0.001375027749058441,0.02762255535836905,3.01006,2.8122400000000005,0.03397626367586687,-0.0001677252489947767
2026-05-28 15:21:22.089146,72725.8,4.62904,72725.79,0.00038,72725.78,0.00014,72725.41,0.11399,72725.4,0.05288,72725.38,0.004,72725.02,0.00024,72725.0,7e-05,72724.8,0.00165,72724.76,0.02431,72725.81,0.12235,72725.82,0.00038,72725.83,0.00014,72725.89,7e-05,72726.25,7e-05,72726.44,0.00206,72727.09,0.00541,72727.2,0.00024,72727.21,0.01663,72727.93,7e-05,72725.805,0.00999999999476131,0.001375027749058441,0.9484992812629568,4.826699999999999,0.14742,0.9407251936020843,0.0
2026-05-28 15:21:22.628315,72729.82,7.1978,72729.81,0.00086,72729.8,0.00014,72729.76,0.00016,72729.75,0.14236,72729.02,0.004,72728.99,0.00016,72728.98,0.0805,72728.8,0.00016,72728.79,1.31008,72729.83,0.15265,72729.84,0.00016,72729.9,0.00016,72729.91,0.01872,72730.01,7e-05,72730.84,8e-05,72730.85,7e-05,72730.96,0.00206,72731.19,0.00023,72731.78,7e-05,72729.82500000001,0.00999999999476131,0.0013749517470668065,0.9584651279853613,8.73622,0.17426999999999998,0.960884306025819,5.527611554145828e-05
2026-05-28 15:21:23.138021,72729.82,4.75328,72729.81,0.00215,72729.8,0.00014,72729.76,0.00016,72729.75,0.14236,72729.02,0.004,72728.99,0.00016,72728.98,0.08064,72728.79,0.00016,72728.78,0.51455,72729.83,2.29016,72729.84,0.00016,72729.9,0.00016,72729.91,0.01872,72730.0,0.00136,72730.01,0.02416,72730.63,8e-05,72730.65,0.00016,72730.66,0.16776,72730.67,0.08049,72729.82500000001,0.00999999999476131,0.0013749517470668065,0.34970412184955074,5.4976,2.583210000000001,0.3606556768442766,0.0
2026-05-28 15:21:24.215462,72729.82,4.34217,72729.81,0.00159,72729.8,0.00014,72729.76,0.00016,72729.75,0.1425,72729.25,0.00206,72729.02,0.004,72729.0,0.00016,72728.99,0.07962,72728.98,0.08192,72729.83,1.34513,72729.84,0.00094,72729.85,0.00014,72729.9,0.00016,72729.91,0.07462,72730.0,0.00144,72730.01,0.02416,72730.63,8e-05,72730.96,0.00206,72731.36,8e-05,72729.82500000001,0.00999999999476131,0.0013749517470668065,0.5269706187470329,4.654320000000001,1.44881,0.5252239424688644,0.0
2026-05-28 15:21:24.376586,72729.82,4.3403,72729.81,0.00159,72729.8,0.00014,72729.76,0.00016,72729.75,0.1425,72729.25,0.00206,72729.02,0.004,72729.0,0.00016,72728.99,0.08114,72728.98,0.08057,72729.83,1.34591,72729.84,0.0011,72729.85,0.00014,72729.9,0.00016,72729.91,0.07462,72730.0,0.00304,72730.01,0.02416,72730.63,8e-05,72730.96,0.00206,72731.36,8e-05,72729.82500000001,0.00999999999476131,0.0013749517470668065,0.5266055949393357,4.652620000000001,1.45135,0.5244570337010177,0.0
2026-05-28 15:21:24.582343,72729.82,3.83794,72729.81,0.00207,72729.8,0.00014,72729.76,0.00016,72729.75,0.1425,72729.25,0.00206,72729.02,0.004,72729.0,0.28661,72728.99,0.08114,72728.98,0.08057,72729.83,2.81252,72729.84,0.00126,72729.85,0.00014,72729.89,0.00016,72729.9,0.08402,72729.91,0.07469,72730.0,0.00304,72730.01,0.02416,72730.63,8e-05,72730.96,0.00206,72729.82500000001,0.00999999999476131,0.0013749517470668065,0.15418783061622804,4.43719,3.0021300000000006,0.19290203943371162,0.0
2026-05-28 15:21:25.102511,72729.82,3.83783,72729.81,0.00207,72729.8,0.00014,72729.76,0.00016,72729.75,0.1425,72729.25,0.00206,72729.01,0.00016,72729.0,0.28677,72728.99,0.07962,72728.98,0.08057,72729.83,2.51747,72729.84,0.00134,72729.85,0.00014,72729.89,0.00024,72729.9,0.08402,72729.91,0.07469,72730.0,0.00296,72730.01,0.02416,72730.63,8e-05,72730.96,0.00206,72729.82500000001,0.00999999999476131,0.0013749517470668065,0.2077573049265967,4.4318800000000005,2.70716,0.24158990564557706,0.0
2026-05-28 15:21:25.642404,72729.82,0.94969,72729.81,0.00207,72729.8,0.00014,72729.76,0.00016,72729.75,0.1425,72729.25,0.00206,72729.01,8e-05,72729.0,0.00032,72728.99,0.07962,72728.98,0.08057,72729.83,3.34898,72729.84,0.00134,72729.85,0.00014,72729.89,0.00024,72729.9,0.10889,72729.91,0.07476,72730.0,0.00296,72730.01,0.02416,72730.63,8e-05,72730.65,0.00016,72729.82500000001,0.00999999999476131,0.0013749517470668065,-0.5581470547867131,1.2572100000000004,3.56171,-0.4782191860416857,0.0
2026-05-28 15:21:26.101793,72723.44,2.5812,72723.43,0.00016,72723.18,7e-05,72722.61,0.07927,72722.35,7e-05,72722.0,0.00856,72721.78,0.07927,72721.53,8e-05,72721.52,7e-05,72721.22,8e-05,72723.45,4.68107,72723.46,0.00038,72723.47,0.00014,72724.27,0.00016,72724.28,0.00016,72724.3,7e-05,72724.73,7e-05,72724.75,8e-05,72724.76,0.00016,72724.77,0.13955,72723.445,0.00999999999476131,0.0013750723710574092,-0.2891478835130063,2.7488300000000008,4.82184,-0.27382120737002125,-8.772192150885427e-05
2026-05-28 15:21:26.569370,72723.44,2.58727,72723.43,0.00064,72723.18,7e-05,72722.62,0.00016,72722.61,0.07965,72722.35,7e-05,72722.0,0.00856,72721.8,0.00024,72721.79,0.12352,72721.78,0.0795,72723.45,3.79562,72723.46,0.00038,72723.47,0.00014,72724.3,7e-05,72724.73,7e-05,72724.75,0.00024,72724.76,0.07959,72724.77,0.13939,72724.81,0.00016,72724.82,0.32732,72723.445,0.00999999999476131,0.0013750723710574092,-0.18931079808676005,2.8796800000000005,4.34298,-0.2025984886454574,0.0
2026-05-28 15:21:27.102083,72723.44,1.76752,72723.43,0.00064,72722.62,0.00016,72722.61,0.00038,72722.0,0.00856,72721.88,8e-05,72721.8,0.00024,72721.79,0.12352,72721.78,0.0795,72721.74,0.004,72723.45,4.0904,72723.46,0.00038,72723.47,0.00014,72723.68,0.00206,72724.3,7e-05,72724.73,7e-05,72724.75,0.00016,72724.76,0.07967,72724.77,0.13939,72724.81,0.00016,72723.445,0.00999999999476131,0.0013750723710574092,-0.396536654648749,1.9846,4.3125,-0.3696781057947309,0.0
2026-05-28 15:21:27.588460,72723.43,0.14833,72723.42,0.00102,72723.41,0.00014,72722.61,7e-05,72722.0,0.00856,72721.88,8e-05,72721.8,8e-05,72721.78,7e-05,72721.05,8e-05,72720.96,8e-05,72723.44,7.41669,72723.45,0.38518,72723.46,0.00014,72723.56,0.004,72723.68,0.00206,72724.27,0.00016,72724.28,0.07943,72724.3,7e-05,72724.73,0.00023,72724.74,1.26137,72723.435,0.010000000009313226,0.001375072562140832,-0.9607852986508959,0.15850999999999996,9.14933,-0.9659405404476227,-1.3750723726335679e-07
2026-05-28 15:21:28.133245,72723.43,0.14898,72723.42,0.0007,72723.41,0.00014,72722.61,7e-05,72722.6,7e-05,72722.0,0.00856,72721.88,8e-05,72721.78,7e-05,72721.77,7e-05,72721.05,8e-05,72723.44,5.68478,72723.45,0.14895,72723.46,0.00014,72723.56,0.004,72723.68,0.00206,72724.26,0.00016,72724.27,0.0795,72724.3,7e-05,72724.73,7e-05,72724.74,8e-05,72723.435,0.010000000009313226,0.001375072562140832,-0.9489248786374482,0.15881999999999996,5.91981,-0.9477448043391355,0.0
2026-05-28 15:21:28.652233,72723.43,3.54397,72723.42,0.0003,72723.41,0.00014,72722.61,7e-05,72722.6,0.07247,72722.0,0.00856,72721.88,8e-05,72721.78,7e-05,72721.77,0.07927,72721.05,8e-05,72723.44,3.78721,72723.45,0.14509,72723.46,0.00014,72723.56,0.004,72723.68,0.00206,72724.26,0.00024,72724.27,0.00023,72724.3,7e-05,72724.73,7e-05,72724.75,0.00016,72723.435,0.010000000009313226,0.001375072562140832,-0.03317883342108639,3.7050100000000006,3.9392700000000005,-0.030645135970948197,0.0
2026-05-28 15:21:29.082205,72723.43,3.59532,72723.42,0.0007,72723.41,0.00014,72722.61,0.00023,72722.6,0.0727,72722.0,0.00856,72721.88,8e-05,72721.79,0.00016,72721.78,0.12267,72721.77,0.0795,72723.44,3.6263,72723.45,0.14534,72723.46,0.00014,72723.68,0.00206,72724.01,0.004,72724.26,8e-05,72724.3,7e-05,72724.73,7e-05,72724.77,0.00044,72724.83,8e-05,72723.435,0.010000000009313226,0.001375072562140832,-0.0042898961728808785,3.8800600000000007,3.7785800000000007,0.013250394325885534,0.0
2026-05-28 15:21:30.166819,72738.68,5.5506,72738.67,0.00059,72738.66,0.00014,72738.12,0.004,72738.02,0.00016,72738.01,0.66054,72738.0,0.54462,72737.21,0.00016,72737.2,0.13747,72737.04,0.07815,72738.69,0.18975,72738.7,0.0008,72739.06,0.00016,72739.07,0.01684,72739.23,8e-05,72739.26,7e-05,72739.32,0.003,72739.4,8e-05,72739.43,0.0076,72740.0,0.0014,72738.685,0.010000000009313226,0.00137478427185111,0.9338890485771774,6.976430000000001,0.21977999999999998,0.9389178470333689,0.00020969856553110233
2026-05-28 15:21:30.570940,72750.0,4.64553,72749.99,0.00038,72749.98,0.00014,72749.87,0.00016,72749.86,0.06589,72749.85,8e-05,72749.84,0.01236,72749.83,0.31088,72749.2,0.00016,72749.19,0.07667,72750.01,0.4784,72750.02,0.00072,72750.41,8e-05,72750.48,7e-05,72750.81,0.00222,72750.82,0.07714,72751.11,0.00024,72751.12,0.02016,72751.13,0.00016,72751.14,0.02016,72750.005,0.00999999999476131,0.0013745703515431111,0.8132683311442586,5.1122499999999995,0.59935,0.7901288605644652,0.00015562557942860877
2026-05-28 15:21:30.755899,72750.0,5.65474,72749.99,0.00038,72749.98,0.00014,72749.87,0.00016,72749.86,0.20749,72749.85,8e-05,72749.84,0.01236,72749.83,0.31088,72749.2,0.00016,72749.19,0.0769,72750.01,0.11924,72750.02,0.00088,72750.41,8e-05,72750.48,7e-05,72750.81,0.00206,72750.82,0.00054,72751.11,8e-05,72751.12,0.00016,72751.14,0.00016,72751.24,0.00016,72750.005,0.00999999999476131,0.0013745703515431111,0.9586974669119049,6.2632900000000005,0.12342999999999998,0.9613479219380214,0.0
2026-05-28 15:21:31.097955,72750.0,4.97791,72749.99,0.00038,72749.98,0.00014,72749.87,0.00016,72749.86,0.20749,72749.85,8e-05,72749.84,0.01236,72749.83,0.30415,72749.2,0.00016,72749.19,0.07683,72750.01,0.19363,72750.02,0.0008,72750.41,8e-05,72750.48,7e-05,72750.81,0.00206,72750.82,0.00024,72751.11,8e-05,72751.47,0.00137,72751.51,0.00423,72751.67,0.00142,72750.005,0.00999999999476131,0.0013745703515431111,0.9251170831125739,5.57966,0.20398,0.9294631062790908,0.0
2026-05-28 15:21:31.582185,72750.0,4.48042,72749.99,0.00038,72749.98,0.00014,72749.87,0.00016,72749.86,0.15025,72749.84,0.01244,72749.83,0.30415,72749.2,0.00016,72749.19,0.07662,72749.04,0.004,72750.01,2.29626,72750.02,0.00134,72750.03,0.00014,72750.41,8e-05,72750.48,7e-05,72750.81,0.00222,72750.82,0.06967,72751.47,0.00137,72751.51,0.00423,72751.62,0.00016,72750.005,0.00999999999476131,0.0013745703515431111,0.32230531764816983,5.028719999999999,2.3755400000000004,0.3583315550777524,0.0
2026-05-28 15:21:32.078357,72750.0,4.48298,72749.99,0.00038,72749.98,0.00014,72749.87,0.00016,72749.86,0.15025,72749.84,0.01244,72749.83,0.30408,72749.2,0.00016,72749.19,0.07804,72749.04,0.004,72750.01,0.99813,72750.02,0.00134,72750.03,0.00014,72750.41,8e-05,72750.48,7e-05,72750.81,0.00206,72750.82,0.00024,72751.47,0.00137,72751.51,0.00423,72751.62,0.00024,72750.005,0.00999999999476131,0.0013745703515431111,0.6357927500086662,5.032629999999999,1.0079,0.6662875608597257,0.0
2026-05-28 15:21:32.606408,72750.0,4.50168,72749.99,0.00038,72749.98,0.00014,72749.87,0.00016,72749.86,0.15025,72749.84,0.01244,72749.83,0.30408,72749.2,0.00016,72749.19,0.0782,72749.04,0.004,72750.01,1.14066,72750.02,0.00144,72750.03,0.00014,72750.41,8e-05,72750.48,7e-05,72750.81,0.00206,72750.82,0.00024,72751.07,8e-05,72751.47,0.00137,72751.51,0.00423,72750.005,0.00999999999476131,0.0013745703515431111,0.5956783887536022,5.051489999999999,1.1503700000000003,0.6290241959670162,0.0
2026-05-28 15:21:33.144365,72750.0,2.08588,72749.99,0.00038,72749.98,0.00014,72749.87,0.00096,72749.84,0.01304,72749.83,0.00021,72749.21,0.00016,72749.2,0.04692,72749.19,0.07662,72749.02,7e-05,72750.01,3.25869,72750.02,0.00136,72750.03,0.00014,72750.41,8e-05,72750.48,7e-05,72750.81,0.00222,72750.82,0.07702,72751.07,0.00028,72751.47,0.00137,72751.51,0.00423,72750.005,0.00999999999476131,0.0013745703515431111,-0.21943954331218415,2.2243800000000005,3.3454600000000005,-0.2012768768941298,0.0
2026-05-28 15:21:33.674352,72750.0,2.38496,72749.99,0.00086,72749.98,0.00014,72749.87,0.00096,72749.84,0.01296,72749.83,0.00021,72749.21,0.00016,72749.2,0.04716,72749.19,0.07678,72749.02,7e-05,72750.01,3.27797,72750.02,0.00144,72750.03,0.00025,72750.24,0.00016,72750.25,0.01733,72750.41,8e-05,72750.48,7e-05,72750.81,0.00222,72750.82,0.07702,72751.07,0.00028,72750.005,0.00999999999476131,0.0013745703515431111,-0.1576939852691098,2.52426,3.37682,-0.14447524859856162,0.0
2026-05-28 15:21:34.265015,72750.0,0.14099,72749.99,0.00078,72749.98,0.00014,72749.87,0.00096,72749.84,0.00076,72749.2,8e-05,72748.99,0.00206,72748.89,8e-05,72748.0,0.00856,72747.58,8e-05,72750.01,4.91148,72750.02,0.00056,72750.03,0.00033,72750.24,0.00016,72750.25,0.01733,72750.41,8e-05,72750.48,7e-05,72750.81,0.00214,72750.82,0.07716,72750.86,0.004,72750.005,0.00999999999476131,0.0013745703515431111,-0.9441896735656025,0.15449000000000002,5.01331,-0.940210534463408,0.0
2026-05-28 15:21:34.610016,72746.99,0.14835,72746.98,0.00072,72746.93,0.00206,72746.74,7e-05,72746.0,0.00856,72744.0,0.00856,72743.55,0.00024,72743.54,0.02745,72743.52,7e-05,72743.0,7e-05,72747.0,10.11034,72747.01,0.00408,72747.02,0.00014,72747.22,0.004,72747.81,0.07686,72748.01,0.38624,72748.28,0.13762,72748.62,0.07679,72749.0,7e-05,72749.04,0.004,72746.995,0.00999999999476131,0.0013746272261502088,-0.9710781785978521,0.19615,10.80014,-0.9643243312062524,-4.137456760322511e-05
2026-05-28 15:21:35.089717,72746.99,0.11437,72746.98,0.00072,72746.93,0.00206,72746.74,7e-05,72746.0,0.01,72745.97,8e-05,72744.64,8e-05,72744.0,0.00856,72743.55,0.00024,72743.54,0.02745,72747.0,10.1098,72747.01,0.00408,72747.02,0.00014,72747.22,0.004,72747.81,0.07686,72748.01,0.38887,72748.28,0.13762,72748.62,0.07679,72748.94,0.04016,72749.0,7e-05,72746.995,0.00999999999476131,0.0013746272261502088,-0.977627523798998,0.16363,10.83839,-0.9702545532547661,0.0
2026-05-28 15:21:35.590308,72729.98,0.00108,72729.97,0.00056,72729.04,0.00014,72728.39,8e-05,72728.18,0.00013,72728.04,7e-05,72728.0,0.00856,72727.8,7e-05,72727.75,7e-05,72727.73,0.0003,72729.99,7.6294,72730.0,0.85072,72730.01,0.00014,72730.8,0.0003,72730.84,0.004,72731.19,0.00016,72731.48,0.03407,72731.59,0.07567,72731.6,0.07598,72731.78,7e-05,72729.985,0.010000000009313226,0.001374948724286582,-0.999716924754406,0.011060000000000002,8.670509999999998,-0.9974520737608519,-0.0002338240912905798
2026-05-28 15:21:36.079783,72723.99,0.00242,72723.98,0.0007,72723.97,0.00014,72723.2,0.00096,72722.8,7e-05,72722.71,7e-05,72722.61,8e-05,72722.4,0.00023,72722.0,0.00856,72721.96,8e-05,72724.0,8.35706,72724.01,0.87624,72724.02,0.00014,72724.3,7e-05,72724.8,0.08236,72724.81,7e-05,72725.31,0.1375,72725.38,0.004,72725.39,0.01733,72725.59,0.07479,72723.995,0.00999999999476131,0.0013750619716039131,-0.9994210166182583,0.013309999999999999,9.549559999999996,-0.9972163168588508,-8.235942850809419e-05
2026-05-28 15:21:36.578673,72721.05,0.00169,72721.04,0.00092,72721.03,0.00014,72720.56,7e-05,72720.38,7e-05,72720.21,0.00544,72720.18,7e-05,72720.0,0.01189,72719.6,0.00024,72719.59,0.07386,72721.06,6.96514,72721.07,0.00038,72721.08,0.00014,72721.74,0.004,72721.84,0.00024,72721.85,0.07488,72721.95,0.00016,72721.96,0.04046,72721.97,0.00014,72721.98,8e-05,72721.055,0.00999999999476131,0.0013751175632368523,-0.999514843910358,0.09439,7.08562,-0.9737075575103656,-4.042682198635017e-05
2026-05-28 15:21:37.087889,72721.05,0.14578,72721.04,0.001,72721.03,0.00014,72720.56,7e-05,72720.38,7e-05,72720.21,0.00544,72720.18,7e-05,72720.0,0.01189,72719.69,8e-05,72719.6,0.00024,72721.06,7.21785,72721.07,0.00038,72721.08,0.00014,72721.74,0.004,72721.84,0.00024,72721.85,0.07488,72721.95,0.00016,72721.96,0.04046,72721.97,0.00014,72721.98,8e-05,72721.055,0.00999999999476131,0.0013751175632368523,-0.9604053978812079,0.16477999999999995,7.33833,-0.9560768801203766,0.0
2026-05-28 15:21:37.578405,72721.05,0.01509,72721.04,0.00092,72721.03,0.00014,72720.56,7e-05,72720.42,8e-05,72720.38,7e-05,72720.21,0.00544,72720.18,7e-05,72720.0,0.01189,72719.69,8e-05,72721.06,6.96904,72721.07,0.00038,72721.08,0.00014,72721.74,0.004,72721.84,8e-05,72721.85,0.07488,72721.96,0.04046,72721.97,0.00014,72722.0,0.1546,72722.01,0.50168,72721.055,0.00999999999476131,0.0013751175632368523,-0.9956787745932565,0.03385,7.7454,-0.9912973615708455,0.0
2026-05-28 15:21:43.143636,72709.01,0.47119,72709.0,0.02561,72708.99,0.00065,72708.0,0.00856,72707.45,7e-05,72707.39,0.00545,72707.28,8e-05,72706.68,0.00024,72706.67,0.0773,72706.59,0.00715,72709.02,3.04177,72709.03,0.00038,72709.04,0.00014,72709.34,0.00027,72709.35,7e-05,72709.44,8e-05,72709.46,0.00016,72709.47,0.2529,72709.48,0.2886,72709.63,0.0076,72709.015,0.010000000009313226,0.001375345273115476,-0.7317418928766625,0.5962999999999999,3.5919700000000003,-0.7152523595661217,-0.00016556415470037056
2026-05-28 15:21:43.373465,72709.01,2.54276,72709.0,0.02545,72708.99,0.00065,72708.24,0.00016,72708.23,0.07367,72708.0,0.00856,72707.46,0.00016,72707.45,0.07374,72707.39,0.00545,72707.28,8e-05,72709.02,0.81394,72709.03,0.00094,72709.04,0.00014,72709.34,0.00027,72709.35,7e-05,72709.47,0.0004,72709.48,0.2886,72709.63,0.0076,72709.8,0.00016,72709.99,0.00016,72709.015,0.010000000009313226,0.001375345273115476,0.5150356004409091,2.7306800000000004,1.11228,0.42113370943231265,0.0
2026-05-28 15:21:43.534067,72709.01,2.55715,72709.0,0.02577,72708.99,0.00065,72708.24,0.00024,72708.23,0.07383,72708.01,0.02309,72708.0,0.00856,72707.46,0.00016,72707.45,0.07374,72707.39,0.00545,72709.02,0.75833,72709.03,0.00094,72709.04,0.00014,72709.34,0.00027,72709.35,7e-05,72709.47,0.00024,72709.48,0.28853,72709.63,0.0076,72710.0,0.0002,72710.01,0.00307,72709.015,0.010000000009313226,0.001375345273115476,0.5425519080193517,2.76864,1.05939,0.44650903989780644,0.0
2026-05-28 15:21:43.710952,72709.01,2.55715,72709.0,0.02577,72708.99,0.00065,72708.24,0.00024,72708.23,0.07383,72708.01,0.00024,72708.0,0.00856,72707.46,0.00016,72707.45,0.07374,72707.39,0.00545,72709.02,1.77298,72709.03,0.00094,72709.04,0.00014,72709.34,0.00027,72709.35,7e-05,72709.46,0.00016,72709.47,0.20692,72709.48,0.28853,72709.63,0.0076,72710.0,0.0002,72709.015,0.010000000009313226,0.001375345273115476,0.1810961795604289,2.74579,2.27781,0.09315630225336409,0.0
2026-05-28 15:21:43.926757,72709.01,1.55467,72709.0,0.02585,72708.99,0.00065,72708.24,0.00024,72708.23,0.07383,72708.01,8e-05,72708.0,0.00856,72707.46,0.00016,72707.45,0.0739,72707.39,0.00545,72709.02,2.9309,72709.03,0.0011,72709.04,0.00014,72709.34,0.00027,72709.35,7e-05,72709.45,0.00016,72709.46,0.38641,72709.47,0.00024,72709.48,0.28853,72709.63,0.0076,72709.015,0.010000000009313226,0.001375345273115476,-0.3068127350593124,1.74339,3.6154200000000003,-0.3493368863609645,0.0
2026-05-28 15:21:44.105088,72709.01,1.55459,72709.0,0.02577,72708.99,0.00065,72708.24,0.00024,72708.23,0.07383,72708.01,8e-05,72708.0,0.00856,72707.46,0.00016,72707.45,0.0739,72707.39,0.00545,72709.02,2.93106,72709.03,0.0011,72709.04,0.00014,72709.34,0.00027,72709.35,7e-05,72709.45,0.00016,72709.46,0.38641,72709.47,0.00024,72709.48,0.28853,72709.63,0.0076,72709.015,0.010000000009313226,0.001375345273115476,-0.3068607671129045,1.74323,3.6155800000000005,-0.34939660111106763,0.0
2026-05-28 15:21:44.271001,72709.01,1.55459,72709.0,0.02577,72708.99,0.00065,72708.24,0.00024,72708.23,0.07383,72708.01,8e-05,72708.0,0.00856,72707.46,0.00016,72707.45,0.0739,72707.39,0.00545,72709.02,2.93106,72709.03,0.0011,72709.04,0.00014,72709.34,0.00027,72709.35,7e-05,72709.45,0.00016,72709.46,0.38641,72709.47,0.00024,72709.48,0.28853,72709.63,0.0076,72709.015,0.010000000009313226,0.001375345273115476,-0.3068607671129045,1.74323,3.6155800000000005,-0.34939660111106763,0.0
2026-05-28 15:21:44.487724,72709.01,1.55459,72709.0,0.02577,72708.99,0.00065,72708.24,0.00024,72708.23,0.07383,72708.01,8e-05,72708.0,0.00856,72707.46,0.00016,72707.45,0.0739,72707.39,0.00545,72709.02,2.93106,72709.03,0.0011,72709.04,0.00014,72709.34,0.00027,72709.35,7e-05,72709.45,0.00024,72709.46,0.38641,72709.47,0.00016,72709.48,0.28853,72709.63,0.0076,72709.015,0.010000000009313226,0.001375345273115476,-0.3068607671129045,1.74323,3.6155800000000005,-0.34939660111106763,0.0
2026-05-28 15:21:45.108714,72709.01,2.63651,72709.0,0.02577,72708.99,0.00065,72708.24,0.00016,72708.23,0.07383,72708.01,8e-05,72708.0,0.00856,72707.46,0.00024,72707.45,0.0739,72707.39,0.00545,72709.02,1.60244,72709.03,0.0011,72709.04,0.00151,72709.34,0.00027,72709.35,7e-05,72709.45,0.00024,72709.46,0.26508,72709.47,0.00016,72709.48,0.28853,72709.63,0.0076,72709.015,0.010000000009313226,0.001375345273115476,0.2439448448318569,2.8251500000000003,2.1670000000000003,0.131836984064982,0.0
2026-05-28 15:21:45.289284,72709.01,3.09978,72709.0,0.02913,72708.99,0.00065,72708.55,0.02,72708.23,0.07383,72708.2,0.13104,72708.01,8e-05,72708.0,0.00856,72707.46,8e-05,72707.45,0.0739,72709.02,0.53394,72709.03,0.0011,72709.04,0.00151,72709.34,0.00027,72709.35,7e-05,72709.45,8e-05,72709.46,0.00016,72709.48,0.00023,72709.63,0.00016,72710.0,0.0002,72709.015,0.010000000009313226,0.001375345273115476,0.7061193487665534,3.43705,0.53772,0.7294334011779298,0.0
2026-05-28 15:21:45.447946,72709.01,2.83648,72709.0,0.02913,72708.99,0.00065,72708.24,0.00016,72708.23,0.0739,72708.21,0.00016,72708.2,0.1312,72708.01,8e-05,72708.0,0.00856,72707.46,0.00024,72709.02,2.03348,72709.03,0.00102,72709.04,0.00151,72709.34,0.00027,72709.35,7e-05,72709.48,7e-05,72710.0,0.0002,72710.01,0.01023,72710.05,0.00407,72710.36,7e-05,72709.015,0.010000000009313226,0.001375345273115476,0.16488841797468562,3.08056,2.05099,0.2006352856349446,0.0
2026-05-28 15:21:45.610297,72709.01,2.83554,72709.0,0.02913,72708.99,0.00065,72708.24,0.00016,72708.23,0.0739,72708.21,0.00024,72708.2,0.1312,72708.01,8e-05,72708.0,0.01003,72707.46,0.00016,72709.02,2.03386,72709.03,0.00134,72709.04,0.00151,72709.34,0.00027,72709.35,7e-05,72709.48,7e-05,72710.0,0.0002,72710.01,0.01023,72710.05,0.00407,72710.36,7e-05,72709.015,0.010000000009313226,0.001375345273115476,0.16463630016018405,3.08109,2.05169,0.20055408570014693,0.0
2026-05-28 15:21:45.817664,72709.01,0.27553,72709.0,0.02553,72708.99,0.00065,72708.24,0.00016,72708.23,0.00023,72708.21,8e-05,72708.2,0.00016,72708.01,8e-05,72708.0,0.00856,72707.46,0.00016,72709.02,3.93425,72709.03,0.00038,72709.04,0.00151,72709.32,0.03407,72709.34,0.00027,72709.35,7e-05,72709.48,7e-05,72709.79,0.00016,72709.8,0.07367,72710.0,0.0002,72709.015,0.010000000009313226,0.001375345273115476,-0.869100047983505,0.31114,4.044650000000001,-0.8571372816412178,0.0
2026-05-28 15:21:45.981023,72709.01,0.36023,72709.0,0.02553,72708.99,0.00065,72708.21,8e-05,72708.01,8e-05,72708.0,0.00856,72707.45,7e-05,72707.39,0.00016,72707.28,8e-05,72707.26,0.00206,72709.02,3.20763,72709.03,0.00038,72709.04,0.00151,72709.31,0.00016,72709.32,0.03423,72709.34,0.00027,72709.35,7e-05,72709.48,7e-05,72709.79,0.00016,72709.8,0.0739,72709.015,0.010000000009313226,0.001375345273115476,-0.7980694309754306,0.3975000000000001,3.3183800000000003,-0.7860533709377052,0.0
2026-05-28 15:21:46.141616,72709.01,0.63073,72709.0,0.02569,72708.99,0.00065,72708.21,8e-05,72708.01,8e-05,72708.0,0.00856,72707.46,0.00016,72707.45,0.07381,72707.28,8e-05,72707.26,0.00206,72709.02,2.93835,72709.03,0.00094,72709.04,0.00151,72709.31,0.00016,72709.32,0.03423,72709.34,0.00027,72709.35,7e-05,72709.48,7e-05,72709.79,0.00016,72709.8,0.07383,72709.015,0.010000000009313226,0.001375345273115476,-0.6465587770517893,0.7419,3.0495900000000002,-0.6086498975336873,0.0
2026-05-28 15:21:46.359999,72709.01,0.315,72709.0,0.02553,72708.99,0.00065,72708.21,8e-05,72708.0,0.00856,72707.45,0.0003,72707.28,8e-05,72707.26,0.00206,72706.68,8e-05,72706.67,0.00363,72709.02,2.93763,72709.03,0.00038,72709.04,0.00151,72709.31,0.00016,72709.32,0.03423,72709.34,0.00027,72709.35,7e-05,72709.48,7e-05,72709.79,0.00016,72709.8,0.0739,72709.015,0.010000000009313226,0.001375345273115476,-0.8063105855876629,0.3559700000000001,3.0483800000000003,-0.7908734413324129,0.0
2026-05-28 15:21:46.536990,72709.01,0.315,72709.0,0.02553,72708.99,0.00065,72708.0,0.00856,72707.45,7e-05,72707.28,8e-05,72707.26,0.00206,72706.67,0.00347,72706.59,0.00715,72706.37,8e-05,72709.02,2.93645,72709.03,0.00038,72709.04,0.00151,72709.31,0.00024,72709.32,0.03423,72709.34,0.00027,72709.35,7e-05,72709.48,7e-05,72709.79,0.00024,72709.8,0.07383,72709.015,0.010000000009313226,0.001375345273115476,-0.8062402927924465,0.36265000000000003,3.0472899999999994,-0.7872983102341977,0.0
2026-05-28 15:21:46.701620,72709.01,0.04515,72709.0,0.02561,72708.99,0.00065,72708.0,0.00856,72707.45,7e-05,72707.28,8e-05,72707.26,0.00206,72706.68,0.00016,72706.67,0.00363,72706.59,0.00715,72709.02,4.67661,72709.03,0.00038,72709.04,0.00151,72709.31,0.00024,72709.32,0.03423,72709.34,0.00027,72709.35,7e-05,72709.48,7e-05,72709.52,0.00016,72709.53,0.04016,72709.015,0.010000000009313226,0.001375345273115476,-0.9808757751346957,0.09312,4.7537,-0.9615748057489241,0.0
2026-05-28 15:21:47.092399,72709.01,0.04507,72709.0,0.02553,72708.99,0.00065,72708.0,0.00856,72707.45,7e-05,72707.28,8e-05,72707.26,0.00206,72706.67,0.00347,72706.59,0.00715,72706.37,8e-05,72709.02,4.84172,72709.03,0.00038,72709.04,0.00151,72709.31,0.00024,72709.32,0.03423,72709.34,0.00027,72709.35,7e-05,72709.48,7e-05,72709.52,0.00016,72709.53,0.04016,72709.015,0.010000000009313226,0.001375345273115476,-0.9815543536759305,0.09272,4.91881,-0.9629973281612602,0.0
2026-05-28 15:21:47.601998,72709.01,0.68295,72709.0,0.02561,72708.99,0.00065,72708.0,0.00856,72707.46,0.00016,72707.45,0.07397,72707.28,8e-05,72707.26,0.00206,72706.69,0.00024,72706.68,0.10858,72709.02,3.21934,72709.03,0.00102,72709.04,0.00151,72709.31,0.00024,72709.32,0.03423,72709.34,0.00027,72709.35,7e-05,72709.48,7e-05,72709.52,0.00016,72709.53,0.04016,72709.015,0.010000000009313226,0.001375345273115476,-0.6499747584110869,0.90286,3.29707,-0.5700595009916832,0.0
2026-05-28 15:21:48.079603,72709.01,2.89277,72709.0,0.02561,72708.99,0.00065,72708.24,0.00016,72708.23,0.0739,72708.0,0.00856,72707.83,0.00016,72707.82,0.02,72707.46,0.00016,72707.45,0.07397,72709.02,0.76054,72709.03,0.00094,72709.04,0.00151,72709.31,8e-05,72709.32,0.00016,72709.34,0.00027,72709.35,7e-05,72709.48,7e-05,72709.52,0.00016,72709.53,0.04016,72709.015,0.010000000009313226,0.001375345273115476,0.5836433261891271,3.0959400000000006,0.8039600000000001,0.5877022487756097,0.0
2026-05-28 15:21:48.610008,72709.01,2.88622,72709.0,5.02961,72708.99,0.00065,72708.23,0.00023,72708.0,0.00856,72707.45,0.0003,72707.28,8e-05,72707.26,0.00363,72707.18,0.004,72706.69,8e-05,72709.02,2.09992,72709.03,0.0012,72709.04,0.00151,72709.34,0.00027,72709.35,7e-05,72709.48,7e-05,72709.8,0.07367,72710.0,0.0002,72710.01,0.01023,72710.05,0.00407,72709.015,0.010000000009313226,0.001375345273115476,0.15769713646227337,7.9333599999999995,2.19121,0.5671500122968186,0.0
2026-05-28 15:21:49.111442,72709.0,4.8054,72708.99,0.00145,72708.98,0.00014,72708.23,7e-05,72708.0,0.00856,72707.45,0.00023,72707.44,0.00023,72707.28,8e-05,72707.26,0.00363,72706.69,8e-05,72709.01,6.20759,72709.02,0.43946,72709.03,0.00014,72709.04,0.00137,72709.34,7e-05,72709.35,7e-05,72709.48,7e-05,72709.74,0.00016,72709.75,0.03423,72709.79,8e-05,72709.005,0.00999999999476131,0.0013753454602715728,-0.12732146310856546,4.81987,6.68324,-0.16198836662433028,-1.3753452710041358e-07
2026-05-28 15:21:49.665289,72709.0,4.6617,72708.99,0.00121,72708.98,0.00014,72708.74,8e-05,72708.23,7e-05,72708.0,0.00856,72707.45,7e-05,72707.28,8e-05,72707.26,0.00363,72706.67,0.00426,72709.01,6.20679,72709.02,0.43833,72709.03,0.00014,72709.04,0.00137,72709.34,7e-05,72709.35,7e-05,72709.48,7e-05,72709.74,0.00016,72709.75,0.03423,72709.77,0.00016,72709.005,0.00999999999476131,0.0013753454602715728,-0.1421623426989398,4.6798,6.6813899999999995,-0.17617784756702415,0.0
2026-05-28 15:21:50.112882,72709.0,4.6617,72708.99,0.00121,72708.98,0.00014,72708.74,8e-05,72708.23,7e-05,72708.0,0.00856,72707.45,7e-05,72707.28,8e-05,72707.26,0.00363,72706.67,0.00426,72709.01,6.20679,72709.02,0.43851,72709.03,0.00014,72709.04,0.00137,72709.34,7e-05,72709.35,7e-05,72709.48,7e-05,72709.74,0.00024,72709.75,0.03423,72709.77,0.00024,72709.005,0.00999999999476131,0.0013753454602715728,-0.1421623426989398,4.6798,6.681729999999999,-0.17620250089556594,0.0
2026-05-28 15:21:50.580523,72709.0,4.66192,72708.99,0.00129,72708.98,0.00014,72708.74,8e-05,72708.23,7e-05,72708.0,0.00856,72707.45,7e-05,72707.28,8e-05,72707.26,0.00363,72706.67,0.00426,72709.01,6.20414,72709.02,0.43851,72709.03,0.00014,72709.04,0.00137,72709.34,7e-05,72709.35,7e-05,72709.48,7e-05,72709.74,0.00024,72709.75,0.03423,72709.77,0.07486,72709.005,0.00999999999476131,0.0013753454602715728,-0.14193000958949237,4.6801,6.753699999999999,-0.1813570291591596,0.0
2026-05-28 15:21:51.107006,72709.0,4.99241,72708.99,0.00129,72708.98,0.00014,72708.23,7e-05,72708.22,0.00016,72708.21,0.07476,72708.0,0.00856,72707.45,7e-05,72707.44,0.00016,72707.43,0.14006,72709.01,2.32036,72709.02,0.13807,72709.03,0.00033,72709.04,0.00137,72709.34,7e-05,72709.35,7e-05,72709.48,7e-05,72709.74,8e-05,72709.75,0.00016,72709.77,0.00024,72709.005,0.00999999999476131,0.0013753454602715728,0.36539505549880547,5.2176800000000005,2.46082,0.35903627010483824,0.0
2026-05-28 15:21:51.589669,72709.0,5.26979,72708.99,0.00129,72708.98,0.00014,72708.23,7e-05,72708.21,0.07499,72708.0,0.00856,72707.92,0.06169,72707.45,7e-05,72707.43,0.14006,72707.42,0.07485,72709.01,0.74332,72709.02,0.138,72709.03,0.00033,72709.04,0.00137,72709.34,7e-05,72709.35,7e-05,72709.48,7e-05,72709.74,8e-05,72709.77,8e-05,72710.0,0.0002,72709.005,0.00999999999476131,0.0013753454602715728,0.752766871053415,5.63151,0.88359,0.7287562738868167,0.0
2026-05-28 15:21:52.108537,72709.0,5.33609,72708.99,0.00121,72708.98,0.00014,72708.23,7e-05,72708.22,0.00016,72708.21,0.07492,72708.01,8e-05,72708.0,0.00856,72707.45,7e-05,72707.44,0.00024,72709.01,2.06203,72709.02,0.13801,72709.03,0.00033,72709.04,0.00137,72709.34,7e-05,72709.35,7e-05,72709.48,7e-05,72710.0,0.0002,72710.01,0.01023,72710.05,0.00407,72709.005,0.00999999999476131,0.0013753454602715728,0.44255297291744394,5.42154,2.21645,0.41962479657606255,0.0
2026-05-28 15:21:52.615581,72709.0,5.29447,72708.99,0.00081,72708.98,0.00014,72708.23,7e-05,72708.21,0.07499,72708.01,8e-05,72708.0,0.00856,72707.92,7e-05,72707.81,0.08043,72707.45,0.25678,72709.01,0.57931,72709.02,0.05888,72709.03,0.00033,72709.04,0.00137,72709.34,7e-05,72709.35,7e-05,72709.48,7e-05,72710.0,0.0002,72710.01,0.01023,72710.05,0.00407,72709.005,0.00999999999476131,0.0013753454602715728,0.802747123658019,5.716399999999999,0.6546000000000001,0.7945063569298382,0.0
2026-05-28 15:21:53.125883,72715.5,4.56896,72715.49,0.00038,72715.48,0.00014,72715.33,0.00206,72715.06,0.004,72714.72,0.00016,72714.71,0.07456,72714.46,0.004,72713.94,0.00016,72713.93,0.15779,72715.51,0.68435,72715.52,0.00112,72715.53,0.14882,72716.0,0.0014,72716.01,0.00716,72716.32,0.00024,72716.33,0.27746,72716.82,7e-05,72717.06,0.00016,72717.07,0.20807,72715.505,0.00999999999476131,0.0013752225188783753,0.7394595026754559,4.812209999999999,1.3288499999999999,0.5672245508104463,8.939745496450158e-05
2026-05-28 15:21:53.614221,72715.5,4.56918,72715.49,0.00038,72715.48,0.00014,72715.33,0.00206,72715.05,0.004,72714.73,0.00016,72714.72,0.07372,72714.71,0.0744,72714.58,8e-05,72714.46,0.004,72715.51,0.80684,72715.52,0.0012,72715.53,0.14889,72716.0,0.0014,72716.01,0.00716,72716.32,0.00024,72716.33,0.27746,72716.82,7e-05,72717.06,0.00016,72717.07,0.20807,72715.505,0.00999999999476131,0.0013752225188783753,0.6998374262000513,4.728119999999999,1.45149,0.5302324903998796,0.0
2026-05-28 15:21:54.076903,72715.5,4.56903,72715.49,0.00038,72715.48,0.00014,72715.33,0.00206,72714.73,0.00016,72714.72,0.07372,72714.71,0.07456,72714.58,0.00135,72714.46,0.004,72714.0,0.006,72715.51,0.72378,72715.52,0.00104,72715.53,0.14889,72716.0,0.0014,72716.01,0.00716,72716.32,0.00024,72716.33,0.27746,72716.82,7e-05,72717.06,0.00024,72717.07,0.20807,72715.505,0.00999999999476131,0.0013752225188783753,0.7265044465983098,4.7314,1.36835,0.5513422681257428,0.0
2026-05-28 15:21:54.578799,72718.64,5.31737,72718.63,0.00038,72718.62,0.00014,72718.0,0.00023,72717.86,0.0734,72717.08,0.0734,72716.82,7e-05,72716.32,0.16663,72716.3,0.0734,72716.28,0.004,72718.65,0.50208,72718.66,0.00072,72718.82,0.00342,72719.36,0.00011,72719.76,0.00206,72719.8,0.00048,72720.0,0.0014,72720.01,0.00716,72720.32,7e-05,72720.56,7e-05,72718.64499999999,0.00999999999476131,0.0013751631366015293,0.8274476110285336,5.709020000000001,0.5175700000000001,0.833754912399885,4.318198711517063e-05
2026-05-28 15:21:55.094770,72718.64,3.51508,72718.63,0.00038,72718.62,0.00014,72717.87,0.00016,72717.86,0.07363,72717.5,8e-05,72717.09,0.00016,72717.08,0.0737,72716.82,0.00166,72716.73,0.00016,72718.65,1.57154,72718.66,0.00072,72718.82,0.00042,72719.36,0.00011,72719.76,0.00206,72720.0,0.0014,72720.01,0.00716,72720.32,7e-05,72720.56,7e-05,72720.77,0.00776,72718.64499999999,0.00999999999476131,0.0013751631366015293,0.38208869544019414,3.665150000000001,1.5913100000000002,0.39453168101726255,0.0
2026-05-28 15:21:55.581229,72726.56,6.6908,72726.55,0.00038,72726.54,0.00014,72726.51,4.95599,72726.5,0.16025,72725.91,7e-05,72725.64,0.1537,72725.63,0.0736,72725.38,0.0043,72724.3,7e-05,72726.57,0.11578,72726.58,0.00056,72726.7,0.00011,72726.76,0.00206,72727.88,7e-05,72728.0,0.0014,72728.01,0.007,72728.04,7e-05,72728.28,0.00529,72728.39,8e-05,72726.565,0.010000000009313226,0.0013750133818795408,0.9659799781975676,12.0393,0.13241999999999998,0.9782413660517988,0.0001089129204761008
2026-05-28 15:21:56.131703,72726.56,0.29402,72726.55,0.00038,72726.54,0.00014,72726.51,0.00024,72726.5,0.08631,72726.0,0.004,72725.65,0.00016,72725.64,0.15384,72725.38,7e-05,72724.3,7e-05,72726.57,3.38566,72726.58,0.00016,72727.2,0.00416,72727.21,0.03423,72727.25,0.00016,72727.26,0.14183,72727.27,0.07453,72727.34,0.00016,72727.35,0.07245,72727.55,0.01714,72726.565,0.010000000009313226,0.0013750133818795408,-0.8401926254456908,0.53923,3.730480000000001,-0.7474161008593091,0.0
2026-05-28 15:21:56.587505,72726.56,0.29271,72726.55,0.00038,72726.54,0.00014,72726.51,0.00024,72726.5,0.08631,72726.0,0.01016,72725.65,0.00016,72725.64,0.15377,72725.38,7e-05,72724.3,7e-05,72726.57,3.38009,72726.58,0.00024,72727.2,0.00416,72727.21,0.03423,72727.25,0.00016,72727.26,0.14183,72727.27,0.07453,72727.34,0.00016,72727.35,0.07245,72727.55,0.01714,72726.565,0.010000000009313226,0.0013750133818795408,-0.8406066216510564,0.54401,3.7249900000000005,-0.7451346919653316,0.0
2026-05-28 15:21:57.085685,72726.56,0.2916,72726.55,0.00038,72726.54,0.00014,72726.5,7e-05,72726.0,0.01016,72725.65,0.00024,72725.64,0.15377,72725.38,7e-05,72724.3,7e-05,72724.0,0.00776,72726.57,3.37993,72726.58,0.00035,72727.2,0.00416,72727.21,0.03423,72727.25,0.00016,72727.26,0.14183,72727.27,0.07453,72727.34,0.00016,72727.35,0.07245,72727.55,0.01714,72726.565,0.010000000009313226,0.0013750133818795408,-0.8411561392661916,0.46426,3.7249400000000006,-0.7783538623126135,0.0
2026-05-28 15:21:57.657879,72726.56,3.07249,72726.55,0.00038,72726.54,0.00014,72726.5,7e-05,72726.0,0.01016,72725.79,0.00016,72725.78,0.07365,72725.66,0.00024,72725.65,0.1786,72725.64,0.15391,72726.57,2.57441,72726.58,0.00113,72726.59,0.00014,72726.69,0.00206,72727.25,0.00016,72727.26,0.04768,72727.27,0.07453,72727.35,7e-05,72727.54,0.00016,72727.55,0.01714,72726.565,0.010000000009313226,0.0013750133818795408,0.08820414740831257,3.4898,2.7174800000000006,0.12442164684048394,0.0
2026-05-28 15:21:58.104582,72726.56,3.34861,72726.55,0.00038,72726.54,0.00014,72726.5,7e-05,72726.0,0.01016,72725.78,0.07372,72725.77,0.07437,72725.66,0.00152,72725.65,0.25226,72725.64,0.15391,72726.57,0.42878,72726.58,0.00112,72726.59,0.00014,72726.69,0.00206,72727.35,7e-05,72727.71,8e-05,72728.0,0.0014,72728.01,0.00716,72728.04,7e-05,72728.28,0.00545,72726.565,0.010000000009313226,0.0013750133818795408,0.7729755201342725,3.91514,0.44633000000000006,0.7953304734412939,0.0
2026-05-28 15:21:58.934567,72726.56,3.3486,72726.55,0.00038,72726.54,0.00014,72726.5,7e-05,72726.01,8e-05,72726.0,0.01016,72725.78,0.07365,72725.66,0.06138,72725.65,0.25368,72725.64,0.15391,72726.57,0.36452,72726.58,0.0012,72726.59,0.00033,72726.69,0.00206,72727.1,0.00016,72727.11,0.07453,72727.35,7e-05,72727.71,8e-05,72728.0,0.0014,72728.01,0.00716,72726.565,0.010000000009313226,0.0013750133818795408,0.8036583789373895,3.90205,0.45151,0.7925789468848483,0.0
2026-05-28 15:21:59.144592,72726.56,3.36608,72726.55,0.00038,72726.54,0.00014,72726.5,7e-05,72726.02,8e-05,72726.0,0.01016,72725.78,0.07372,72725.66,0.06147,72725.65,0.25226,72725.64,0.15391,72726.57,0.36379,72726.58,0.00112,72726.59,0.00033,72726.69,0.00206,72726.92,0.00016,72726.93,0.07437,72727.11,0.00016,72727.35,7e-05,72727.71,8e-05,72728.0,0.0014,72726.565,0.010000000009313226,0.0013750133818795408,0.8049315391689256,3.9182699999999997,0.44354000000000005,0.796625712720178,0.0
2026-05-28 15:21:59.593294,72726.56,3.3392,72726.55,0.00038,72726.54,0.00014,72726.5,7e-05,72726.0,0.01016,72725.79,0.00016,72725.78,0.07372,72725.66,0.00024,72725.65,0.25242,72725.64,0.15391,72726.57,0.42872,72726.58,0.00152,72726.59,0.00033,72726.69,0.00206,72727.35,7e-05,72727.66,0.00016,72727.67,0.07481,72727.71,8e-05,72728.0,0.0014,72728.01,0.00716,72726.565,0.010000000009313226,0.0013750133818795408,0.7724367820972844,3.830399999999999,0.51631,0.7624364174283539,0.0
2026-05-28 15:22:00.086168,72726.56,3.37528,72726.55,0.00038,72726.54,0.00014,72726.5,7e-05,72726.0,0.01016,72725.78,0.07372,72725.66,8e-05,72725.65,0.25226,72725.64,0.15398,72725.63,0.0605,72726.57,0.38748,72726.58,0.00128,72726.59,0.0016,72726.69,0.00206,72727.35,7e-05,72727.66,0.00024,72727.67,0.07453,72727.71,8e-05,72728.0,0.0014,72728.01,0.00716,72726.565,0.010000000009313226,0.0013750133818795408,0.7940447969044,3.92657,0.47590000000000005,0.7838031832130599,0.0
2026-05-28 15:22:00.573910,72726.56,3.3738,72726.55,0.00038,72726.54,0.00014,72726.5,7e-05,72726.0,0.01016,72725.79,0.00016,72725.78,0.07372,72725.67,0.00688,72725.66,8e-05,72725.65,0.25226,72726.57,0.37671,72726.58,0.00136,72726.59,0.0016,72726.69,0.00206,72727.35,7e-05,72727.66,0.00024,72727.67,0.0746,72727.71,8e-05,72728.0,0.0014,72728.01,0.00716,72726.565,0.010000000009313226,0.0013750133818795408,0.799115320316437,3.7176500000000003,0.4652800000000001,0.7775339295661176,0.0
2026-05-28 15:22:01.108714,72726.56,3.35089,72726.55,0.00038,72726.54,0.00014,72726.5,7e-05,72726.01,0.02284,72726.0,0.01016,72725.78,0.07372,72725.66,8e-05,72725.65,0.25226,72725.64,0.15667,72726.57,0.31105,72726.58,0.00136,72726.59,0.0016,72726.69,0.00206,72727.35,7e-05,72727.66,0.00024,72727.67,0.07453,72727.71,8e-05,72728.0,0.0014,72728.01,0.00716,72726.565,0.010000000009313226,0.0013750133818795408,0.8301173694817502,3.86721,0.39955,0.8127150343586235,0.0
2026-05-28 15:22:01.588109,72726.56,5.95576,72726.55,0.00038,72726.54,0.00014,72726.5,7e-05,72726.01,0.00016,72726.0,0.01016,72725.78,0.07372,72725.71,0.08046,72725.66,8e-05,72725.65,0.25226,72726.57,0.01476,72726.58,0.00136,72726.59,0.00168,72726.69,0.00206,72727.35,7e-05,72727.66,0.00024,72727.67,0.07453,72727.71,8e-05,72728.0,0.0014,72728.01,0.00716,72726.565,0.010000000009313226,0.0013750133818795408,0.9950557070405928,6.373189999999999,0.10334,0.9680878495120071,0.0
2026-05-28 15:22:02.090397,72734.31,4.92679,72734.3,0.00038,72734.29,0.00014,72733.54,0.00016,72733.53,0.07371,72733.21,0.00016,72733.2,0.22347,72733.19,0.146,72732.83,0.00024,72732.82,0.12358,72734.32,0.20799,72734.33,0.00104,72735.28,8e-05,72735.43,0.00016,72735.44,0.0746,72735.52,7e-05,72735.64,0.00206,72735.67,0.00028,72735.73,8e-05,72735.8,8e-05,72734.315,0.010000000009313226,0.0013748668712028464,0.9189877657854866,5.494629999999999,0.2864400000000001,0.9009041578808076,0.00010656353699634025
2026-05-28 15:22:02.609192,72740.91,4.98392,72740.9,0.00161,72740.89,0.00014,72740.13,0.00016,72740.12,0.07462,72739.94,0.004,72739.85,0.00016,72739.84,0.06212,72739.4,8e-05,72739.35,0.00016,72740.92,0.49231,72740.93,0.0008,72740.94,8e-05,72740.96,8e-05,72741.07,0.00545,72741.12,0.003,72741.17,0.00206,72741.2,0.00042,72741.38,0.00011,72741.95,0.00016,72740.91500000001,0.00999999999476131,0.0013747421234337387,0.8202011237658025,5.126970000000001,0.5044700000000001,0.8208380094611679,9.074121341501318e-05
2026-05-28 15:22:03.124532,72740.91,4.98905,72740.9,0.00161,72740.89,0.00014,72740.13,0.00016,72740.12,0.07462,72739.94,0.004,72739.85,0.00016,72739.84,0.06212,72739.4,8e-05,72739.34,0.13326,72740.92,0.47331,72740.93,0.00072,72740.96,8e-05,72741.07,0.00545,72741.17,0.00206,72741.2,0.00042,72741.95,8e-05,72742.0,0.0014,72742.01,0.00716,72742.13,0.00016,72740.91500000001,0.00999999999476131,0.0013747421234337387,0.8267012793005222,5.2652,0.49084000000000005,0.8294521928270129,0.0
2026-05-28 15:22:03.612570,72744.03,1.9732,72744.02,0.00038,72744.01,0.8453,72744.0,0.32859,72743.58,0.004,72743.38,0.00016,72743.24,0.07456,72743.05,8e-05,72743.0,7e-05,72742.95,9e-05,72744.04,0.20825,72744.05,0.0008,72744.15,0.00024,72744.16,0.01871,72745.57,0.00206,72745.86,0.00767,72746.0,0.00156,72746.01,0.38624,72746.56,0.00016,72746.57,0.02431,72744.035,0.00999999999476131,0.0013746831605864743,0.8090719475578171,3.2264300000000006,0.6500000000000001,0.6646398877317531,4.28919542734274e-05
2026-05-28 15:22:04.167880,72744.03,3.19981,72744.02,0.07332,72744.01,0.8453,72744.0,0.32852,72743.94,0.00206,72743.58,0.004,72743.24,0.07456,72743.05,8e-05,72743.0,0.00151,72742.95,9e-05,72744.04,0.13386,72744.05,0.0008,72744.15,0.00016,72744.16,0.01871,72745.57,0.00206,72745.86,0.00767,72746.0,0.00156,72746.01,0.38624,72746.56,0.00016,72746.57,0.02431,72744.035,0.00999999999476131,0.0013746831605864743,0.9196921110967793,4.529249999999999,0.5755300000000001,0.7745132992998718,0.0
2026-05-28 15:22:04.641107,72744.03,1.96181,72744.02,0.07356,72744.01,1.59272,72744.0,0.32859,72743.94,0.00206,72743.58,0.004,72743.24,0.07456,72743.05,8e-05,72743.0,7e-05,72742.95,9e-05,72744.04,1.85683,72744.05,0.00094,72744.06,0.00014,72745.57,0.00206,72745.86,0.00767,72746.0,0.00156,72746.01,0.38624,72746.56,0.00016,72746.57,0.02431,72746.62,0.00025,72744.035,0.00999999999476131,0.0013746831605864743,0.027491462929210418,4.03754,2.28016,0.27816768760783195,0.0
2026-05-28 15:22:05.223928,72744.03,1.95295,72744.02,0.07372,72744.01,0.84546,72744.0,0.28259,72743.94,0.00206,72743.58,0.004,72743.25,0.00016,72743.24,0.07456,72743.05,8e-05,72743.0,7e-05,72744.04,1.87004,72744.05,0.00102,72744.06,0.00014,72745.57,0.00206,72745.86,0.00767,72745.96,8e-05,72745.99,8e-05,72746.0,0.00172,72746.01,0.38624,72746.56,0.00016,72744.035,0.00999999999476131,0.0013746831605864743,0.021687213411492063,3.23565,2.26921,0.17556123134829948,0.0
2026-05-28 15:22:05.580082,72744.03,2.91211,72744.02,0.07356,72744.01,1.15069,72744.0,0.28859,72743.94,0.00206,72743.58,0.004,72743.24,0.07456,72743.05,8e-05,72743.0,7e-05,72742.95,9e-05,72744.04,1.62959,72744.05,0.00094,72744.06,0.00014,72744.5,8e-05,72745.57,0.00206,72745.96,8e-05,72745.99,8e-05,72746.0,0.0014,72746.01,0.00723,72746.56,0.00016,72744.035,0.00999999999476131,0.0013746831605864743,0.28238765220071776,4.505809999999999,1.6417600000000003,0.46588326769764293,0.0
2026-05-28 15:22:06.222890,72753.44,7.51182,72753.43,0.50728,72753.42,0.00014,72753.19,0.40499,72753.18,0.73424,72753.07,0.00016,72753.02,0.00016,72752.68,0.004,72752.41,1.60267,72752.4,0.07309,72753.45,0.20412,72753.46,0.0008,72753.74,0.00015,72753.86,0.00545,72754.0,0.0014,72754.01,0.00716,72754.08,8e-05,72754.22,7e-05,72755.47,0.003,72755.65,8e-05,72753.445,0.00999999999476131,0.0013745053577547165,0.9470913459669206,10.838549999999998,0.22231,0.9598024023448447,0.00012935768547905901
2026-05-28 15:22:07.569787,72753.44,3.66166,72753.43,0.28323,72753.42,0.00014,72753.21,0.00016,72753.2,0.07052,72753.19,0.00016,72753.18,0.30096,72752.44,0.00155,72752.43,0.6017,72752.42,0.40499,72753.45,0.13026,72753.46,0.00104,72753.47,0.00014,72753.74,0.00015,72753.86,0.00545,72753.98,0.00024,72753.99,0.0746,72754.0,0.0014,72754.01,0.00716,72754.08,8e-05,72753.445,0.00999999999476131,0.0013745053577547165,0.9312960189033525,5.32507,0.22052000000000002,0.9204701393359409,0.0
2026-05-28 15:22:07.772526,72753.44,4.77594,72753.43,0.28323,72753.42,0.00014,72753.21,0.00151,72753.2,0.07052,72753.19,0.00016,72753.18,0.30096,72752.44,8e-05,72752.43,0.6017,72752.42,0.40499,72753.45,0.12776,72753.46,0.00104,72753.47,0.00014,72753.74,0.00015,72753.86,0.00545,72753.98,0.00024,72753.99,0.0746,72754.0,0.0014,72754.01,0.00716,72754.08,8e-05,72753.445,0.00999999999476131,0.0013745053577547165,0.9478924077737217,6.439229999999999,0.21802000000000005,0.9345014833452251,0.0
2026-05-28 15:22:07.961528,72753.44,4.70214,72753.43,0.28323,72753.42,0.00014,72753.21,0.00151,72753.2,0.07052,72753.19,0.00016,72753.18,0.30096,72752.44,0.00024,72752.43,0.60318,72752.42,0.40499,72753.45,0.16166,72753.46,0.00104,72753.47,0.00014,72753.74,0.00015,72753.86,0.00545,72753.98,0.00024,72753.99,0.0746,72754.0,0.0014,72754.01,0.00716,72754.08,8e-05,72753.445,0.00999999999476131,0.0013745053577547165,0.9335252271886179,6.367069999999999,0.2519200000000001,0.9238796251391829,0.0
2026-05-28 15:22:08.147307,72753.44,4.72507,72753.43,0.28316,72753.42,0.00014,72753.21,0.00135,72753.2,0.07052,72753.18,0.30096,72752.44,8e-05,72752.43,0.6017,72752.42,0.40499,72752.36,0.2233,72753.45,0.13762,72753.46,0.00112,72753.47,0.00014,72753.74,0.00015,72753.86,0.00545,72753.98,0.00024,72753.99,0.0746,72754.0,0.0014,72754.01,0.00716,72754.08,8e-05,72753.445,0.00999999999476131,0.0013745053577547165,0.9433975844645659,6.611269999999999,0.22796000000000002,0.9333375248383223,0.0
2026-05-28 15:22:08.591856,72753.44,3.69117,72753.43,0.28316,72753.42,0.00014,72753.21,0.00135,72753.2,0.07052,72753.18,0.30096,72752.68,0.004,72752.45,2.46185,72752.44,0.40507,72752.43,0.6017,72753.45,0.15905,72753.46,0.00112,72753.47,0.00025,72753.74,0.00015,72753.86,0.00545,72753.98,0.00024,72753.99,0.0746,72754.0,0.0014,72754.01,0.00716,72754.08,8e-05,72753.445,0.00999999999476131,0.0013745053577547165,0.9173813444426552,7.81992,0.24950000000000003,0.9381616026926347,0.0
2026-05-28 15:22:09.347849,72753.44,5.02638,72753.43,0.28316,72753.42,0.00014,72753.21,0.00151,72753.2,0.07052,72753.19,0.00016,72753.18,0.30096,72752.68,0.004,72752.49,0.00016,72752.48,1.33877,72753.45,0.14629,72753.46,0.0012,72753.47,0.00014,72753.74,0.00015,72753.86,0.00545,72753.98,0.00024,72753.99,0.0746,72754.0,0.0014,72754.01,0.00716,72754.08,8e-05,72753.445,0.00999999999476131,0.0013745053577547165,0.9434373350706696,7.025759999999999,0.23671000000000003,0.9348128116191873,0.0
2026-05-28 15:22:09.581786,72753.44,5.02646,72753.43,0.28316,72753.42,0.00014,72753.21,0.00151,72753.2,0.07052,72753.19,0.00016,72753.18,0.30096,72752.68,0.004,72752.49,0.00016,72752.48,1.33877,72753.45,0.14903,72753.46,0.00128,72753.47,0.00014,72753.74,0.00015,72753.79,0.00936,72753.86,0.00545,72753.98,0.00024,72753.99,0.0746,72754.0,0.0014,72754.01,0.00716,72753.445,0.00999999999476131,0.0013745053577547165,0.9424093177650813,7.02584,0.24881000000000003,0.931595334483446,0.0
2026-05-28 15:22:10.108320,72753.78,5.16996,72753.77,0.00022,72753.76,0.00014,72753.73,0.00016,72753.48,2.42918,72753.47,8e-05,72753.46,0.20359,72753.45,1.36585,72753.44,0.28831,72753.43,0.0003,72753.79,0.12371,72753.8,0.00072,72753.86,0.00545,72753.98,0.00024,72753.99,0.0746,72754.0,0.0014,72754.01,0.00716,72754.08,8e-05,72754.22,0.00092,72754.72,8e-05,72753.785,0.00999999999476131,0.001374498934283805,0.9532611590824513,9.45779,0.21436,0.9556747982609866,4.673318218850753e-06
2026-05-28 15:22:10.601935,72753.78,4.39435,72753.77,0.00038,72753.76,0.00014,72753.48,1.50134,72753.47,8e-05,72753.46,0.20375,72753.45,1.09585,72753.44,0.27599,72753.43,7e-05,72753.25,0.1032,72753.79,0.12238,72753.8,0.00072,72753.86,0.00545,72753.98,0.00024,72753.99,0.0746,72754.0,0.0014,72754.01,0.00716,72754.08,8e-05,72754.22,0.00092,72754.72,8e-05,72753.785,0.00999999999476131,0.001374498934283805,0.9458103539507565,7.575150000000001,0.21303,0.9452940224802201,0.0
2026-05-28 15:22:11.111312,72753.78,3.98312,72753.77,0.00038,72753.76,0.00014,72753.48,1.50134,72753.47,8e-05,72753.46,0.13976,72753.45,0.64106,72753.44,0.27592,72753.21,0.00135,72753.18,0.30096,72753.79,0.1229,72753.8,0.0009,72753.86,0.00545,72753.98,0.00024,72753.99,0.0746,72754.0,0.0014,72754.01,0.00716,72754.08,8e-05,72754.22,0.00092,72754.72,8e-05,72753.785,0.00999999999476131,0.001374498934283805,0.9401366773664035,6.84411,0.21373,0.9394347279054215,0.0
2026-05-28 15:22:11.594372,72753.98,3.94346,72753.97,0.00038,72753.96,0.00014,72753.81,8e-05,72753.78,0.60082,72753.46,1.38221,72753.45,0.50248,72753.44,0.15809,72753.21,0.0027,72753.18,0.30042,72753.99,0.11418,72754.0,0.00241,72754.01,0.0073,72754.08,8e-05,72754.22,0.00092,72754.72,8e-05,72755.1,0.00858,72756.0,0.00148,72756.01,0.00716,72756.11,0.00042,72753.985,0.010000000009313226,0.0013744951577997035,0.9437209806685659,6.8907799999999995,0.14261000000000001,0.9594477200894589,2.7489978700057094e-06
2026-05-28 15:22:12.276328,72764.0,6.97613,72763.99,3.57569,72763.98,0.00014,72763.7,8e-05,72763.69,0.00796,72763.68,0.00023,72763.6,0.004,72763.56,0.00028,72763.27,0.22122,72763.26,0.51394,72764.01,0.00769,72764.02,0.00056,72764.73,0.003,72765.09,8e-05,72765.26,8e-05,72765.44,7e-05,72765.65,0.00055,72766.0,0.0014,72766.01,0.00716,72766.45,0.00206,72764.005,0.00999999999476131,0.0013743058803265859,0.997797766838206,11.29967,0.02265,0.9959990531975778,0.00013772441468340446
2026-05-28 15:22:12.592726,72766.44,7.85104,72766.43,0.00038,72766.42,0.00014,72766.02,0.00016,72766.01,1.20646,72766.0,0.14282,72765.7,0.00016,72765.69,0.07063,72765.44,7e-05,72765.42,0.004,72766.45,0.14861,72766.46,0.0008,72766.48,8e-05,72766.53,8e-05,72766.65,0.00545,72767.97,0.00016,72767.98,0.07481,72768.0,0.0014,72768.01,0.00716,72768.03,0.0002,72766.445,0.00999999999476131,0.0013742597971855446,0.9628458745070098,9.275859999999998,0.23875,0.9498140228553772,3.353306349751506e-05
2026-05-28 15:22:13.105513,72766.44,7.90966,72766.43,0.00038,72766.42,0.00014,72766.01,1.2063,72766.0,0.14282,72765.97,0.00777,72765.69,0.07056,72765.44,7e-05,72765.42,0.004,72765.02,0.13758,72766.45,0.14848,72766.46,0.00064,72766.65,0.00545,72767.97,0.00024,72767.98,0.07481,72768.0,0.0014,72768.01,0.00716,72768.03,0.0002,72768.4,0.00024,72768.41,0.02431,72766.445,0.00999999999476131,0.0013742597971855446,0.9631478231949308,9.47928,0.26293,0.9460225143986835,0.0
2026-05-28 15:22:13.586676,72766.44,7.85834,72766.43,0.00038,72766.42,0.00014,72766.02,8e-05,72766.01,1.20622,72766.0,0.14282,72765.99,0.04108,72765.97,0.00777,72765.7,0.00149,72765.69,0.07056,72766.45,0.11403,72766.46,0.00078,72766.47,0.00014,72766.65,0.00545,72767.97,0.00024,72767.98,0.07481,72768.0,0.0014,72768.01,0.00716,72768.03,0.0002,72768.4,0.00024,72766.445,0.00999999999476131,0.0013742597971855446,0.9713937009948109,9.32888,0.20445000000000002,0.9571083766113205,0.0
2026-05-28 15:22:14.651261,72766.44,6.60468,72766.43,0.00038,72766.42,0.00014,72766.02,0.00024,72766.01,1.20638,72766.0,0.15282,72765.99,0.04108,72765.97,0.00777,72765.7,0.00165,72765.69,0.07056,72766.45,0.27028,72766.46,0.00086,72766.47,0.00014,72766.65,0.00545,72767.91,0.00818,72767.97,0.00024,72767.98,0.07495,72768.0,0.0014,72768.01,0.00716,72768.03,0.0002,72766.445,0.00999999999476131,0.0013742597971855446,0.9213726334407765,8.085700000000001,0.3688600000000001,0.912742945818588,0.0
2026-05-28 15:22:14.841032,72766.44,4.75114,72766.43,0.00038,72766.42,0.00014,72766.02,0.00024,72766.01,0.83068,72766.0,0.15298,72765.99,0.04108,72765.97,0.00016,72765.69,0.00023,72765.44,7e-05,72766.45,2.13783,72766.46,0.00122,72766.47,0.00014,72766.65,0.00545,72767.19,0.00016,72767.2,0.06996,72767.89,0.00016,72767.9,0.10059,72767.91,0.00818,72767.94,0.00016,72766.445,0.00999999999476131,0.0013742597971855446,0.37934698510807857,5.777100000000001,2.3238500000000006,0.4262771650238552,0.0
2026-05-28 15:22:15.096738,72766.44,4.70911,72766.43,0.00038,72766.42,0.00014,72766.02,0.00024,72766.01,0.83068,72766.0,0.15298,72765.99,0.04108,72765.69,7e-05,72765.44,7e-05,72765.0,9e-05,72766.45,2.42931,72766.46,0.00122,72766.47,0.00014,72766.65,0.00545,72767.19,0.00016,72767.2,0.07012,72767.86,8e-05,72767.89,0.00016,72767.9,0.10075,72767.91,0.00818,72766.445,0.00999999999476131,0.0013742597971855446,0.319370392888062,5.73484,2.615570000000001,0.3735469276358884,0.0
2026-05-28 15:22:15.658959,72766.44,4.83099,72766.43,0.00086,72766.42,0.00014,72766.03,0.00016,72766.02,0.0004,72766.01,0.83068,72766.0,0.15289,72765.99,0.04108,72765.69,7e-05,72765.44,7e-05,72766.45,1.91531,72766.46,0.00122,72766.47,0.00014,72766.65,0.00545,72767.91,0.00818,72767.94,0.10109,72767.95,0.06982,72767.97,0.00024,72767.98,0.07495,72768.0,0.0014,72766.445,0.00999999999476131,0.0013742597971855446,0.4321894964647288,5.857340000000001,2.1777999999999995,0.4579310379159543,0.0
2026-05-28 15:22:16.085266,72766.44,4.55297,72766.43,0.00086,72766.42,0.00014,72766.03,0.00016,72766.02,0.07022,72766.01,0.83068,72766.0,0.15282,72765.99,0.04108,72765.69,7e-05,72765.44,7e-05,72766.45,0.76615,72766.46,0.00138,72766.47,0.00024,72766.65,0.00545,72767.91,0.00818,72767.96,0.00016,72767.97,0.06059,72767.98,0.07488,72768.0,0.0014,72768.01,0.00797,72766.445,0.00999999999476131,0.0013742597971855446,0.7119260328776189,5.649070000000001,0.9264,0.7182254652519136,0.0
2026-05-28 15:22:16.582458,72766.44,5.92135,72766.43,0.00038,72766.42,0.00014,72766.02,0.07006,72766.01,0.83052,72766.0,0.15282,72765.99,0.04108,72765.69,7e-05,72765.44,0.00148,72765.42,0.004,72766.45,0.11333,72766.46,0.00094,72766.47,0.00014,72766.65,0.00545,72767.91,0.00818,72767.97,0.00015,72767.98,0.00037,72768.0,0.0014,72768.01,0.00797,72768.03,0.0002,72766.445,0.00999999999476131,0.0013742597971855446,0.96244042766145,7.0219,0.13813000000000003,0.9614163627806028,0.0
2026-05-28 15:22:17.100690,72766.44,5.93027,72766.43,0.00038,72766.42,0.00014,72766.27,0.00016,72766.02,0.07006,72766.0,0.15296,72765.99,0.04108,72765.69,7e-05,72765.44,7e-05,72765.42,0.13417,72766.45,0.11355,72766.46,0.00094,72766.47,0.00048,72766.65,0.00545,72767.91,0.00818,72767.97,8e-05,72768.0,0.0014,72768.01,0.00797,72768.03,0.0002,72768.4,0.00024,72766.445,0.00999999999476131,0.0013742597971855446,0.9624244269352826,6.32936,0.13849,0.957175877610025,0.0
2026-05-28 15:22:17.594138,72766.44,7.3129,72766.43,0.00038,72766.42,0.00014,72766.02,0.06998,72766.01,8e-05,72766.0,0.15289,72765.99,0.04108,72765.69,7e-05,72765.44,0.00153,72765.42,0.13424,72766.45,0.00157,72766.46,0.00094,72766.47,0.00048,72766.65,0.00545,72767.91,0.00828,72768.0,0.0014,72768.01,0.00797,72768.03,0.0002,72768.4,0.00016,72768.41,0.02431,72766.445,0.00999999999476131,0.0013742597971855446,0.9995707139409964,7.71329,0.05075999999999999,0.9869243500492655,0.0
2026-05-28 15:22:18.083134,72768.4,7.39386,72768.39,0.00047,72768.38,0.00014,72768.37,0.00206,72767.74,0.01118,72767.65,0.07012,72767.24,0.004,72767.14,8e-05,72767.02,0.13897,72766.9,0.07005,72768.41,0.0257,72768.42,0.0008,72768.59,8e-05,72768.76,8e-05,72769.18,0.00139,72769.79,8e-05,72770.0,0.0014,72770.01,0.00716,72770.22,0.00781,72770.71,0.00423,72768.405,0.010000000009313226,0.001374222783818503,0.9930723654771982,7.69093,0.048729999999999996,0.9874077155844055,2.69354920388043e-05
2026-05-28 15:22:18.583858,72768.4,5.89784,72768.39,0.00047,72768.38,0.00014,72768.37,0.00206,72767.65,0.07012,72767.24,0.004,72767.14,8e-05,72767.02,0.13758,72766.9,0.07149,72766.73,0.0746,72768.41,0.02553,72768.42,0.0008,72768.59,8e-05,72768.76,8e-05,72769.18,0.00139,72769.88,0.00024,72769.89,0.0746,72770.0,0.0014,72770.01,0.00716,72770.22,0.00781,72768.405,0.010000000009313226,0.001374222783818503,0.9913799070461579,6.25838,0.11909,0.9626529015424612,0.0
2026-05-28 15:22:19.095606,72772.0,5.16083,72771.99,0.00038,72771.98,0.00014,72771.25,0.10812,72771.24,0.07104,72770.88,0.004,72770.79,8e-05,72770.53,0.12063,72770.48,0.07104,72770.09,0.11462,72772.01,0.17787,72772.02,0.00064,72772.41,0.00016,72772.42,0.07474,72772.43,8e-05,72772.92,7e-05,72773.33,0.00333,72773.77,0.0002,72774.0,0.0014,72774.01,0.00716,72772.005,0.00999999999476131,0.0013741547996047807,0.9333658006630826,5.65088,0.26565000000000005,0.9102007426650418,4.947202017158148e-05
2026-05-28 15:22:19.595300,72772.0,5.16847,72771.99,0.00038,72771.98,0.00014,72771.25,0.07239,72771.24,0.07097,72770.88,0.004,72770.79,8e-05,72770.48,0.07104,72770.09,0.11462,72770.02,2.33078,72772.01,0.6629,72772.02,0.00064,72772.41,0.00024,72772.42,0.00037,72772.43,8e-05,72772.92,7e-05,72773.33,0.00333,72773.77,0.0002,72774.0,0.0014,72774.01,0.00716,72772.005,0.00999999999476131,0.0013741547996047807,0.7726434782906934,7.83287,0.67639,0.8410226036106548,0.0
2026-05-28 15:22:20.120859,72772.0,5.16713,72771.99,0.00038,72771.98,0.00014,72771.25,0.07239,72771.24,0.07097,72770.88,0.004,72770.79,8e-05,72770.48,0.07104,72770.09,0.11605,72770.02,2.33086,72772.01,0.77559,72772.02,0.0008,72772.2,0.00016,72772.21,0.0746,72772.41,8e-05,72772.43,8e-05,72772.92,7e-05,72773.33,0.00333,72773.77,0.0002,72774.0,0.0014,72772.005,0.00999999999476131,0.0013741547996047807,0.7389781110333314,7.8330400000000004,0.85631,0.8029058560191499,0.0
2026-05-28 15:22:20.636303,72772.0,5.27206,72771.99,0.00038,72771.98,0.00014,72771.79,0.00016,72771.25,0.23629,72771.24,0.07104,72771.0,0.0079,72770.88,0.004,72770.79,0.00142,72770.59,0.13757,72772.01,0.17869,72772.02,0.00086,72772.03,0.00014,72772.2,8e-05,72772.43,8e-05,72772.92,7e-05,72773.33,0.00333,72774.0,0.0014,72774.01,0.00716,72774.15,0.00746,72772.005,0.00999999999476131,0.0013741547996047807,0.9344347108196122,5.7309600000000005,0.19926999999999997,0.9327951866959628,0.0
2026-05-28 15:22:21.075863,72805.74,4.10319,72805.73,0.00038,72805.72,0.00014,72805.7,8e-05,72805.68,0.00037,72805.67,0.00016,72805.66,0.11479,72805.65,7e-05,72805.61,0.00016,72805.6,0.10237,72805.75,2.00577,72805.76,0.00064,72806.0,0.0014,72806.01,0.00716,72806.09,7e-05,72806.58,7e-05,72806.88,0.00016,72807.1,0.01713,72807.23,0.06426,72807.86,0.00544,72805.745,0.00999999999476131,0.001373517981961631,0.343335035750766,4.3217099999999995,2.1021,0.3455285881743077,0.0004636398296293809
2026-05-28 15:22:21.591714,72794.61,3.00881,72794.6,2.46217,72794.45,8e-05,72794.4,9e-05,72794.0,0.004,72793.89,0.09505,72793.88,0.06738,72793.54,8e-05,72793.53,0.03023,72793.41,0.00042,72794.62,1.02613,72794.63,0.00083,72794.64,0.00014,72795.36,7e-05,72797.4,0.00391,72797.54,0.00016,72797.58,0.00023,72798.32,0.00023,72798.5,0.00023,72799.05,8e-05,72794.61499999999,0.00999999999476131,0.0013737279872640734,0.4913778147878283,5.668309999999999,1.03201,0.6919520261718841,-0.00015287255147244938
2026-05-28 15:22:22.094751,72794.61,1.68137,72794.6,0.00016,72794.45,8e-05,72794.0,0.004,72793.89,0.00024,72793.54,0.03531,72793.53,0.03023,72793.41,0.00042,72793.17,7e-05,72793.16,7e-05,72794.62,2.67537,72794.63,0.00099,72794.64,0.00014,72795.34,0.00016,72795.35,0.06758,72795.36,7e-05,72795.57,0.00395,72796.06,0.00016,72796.07,0.11749,72796.08,0.06751,72794.61499999999,0.00999999999476131,0.0013737279872640734,-0.2281522422728921,1.7519500000000001,2.9334200000000004,-0.25216151552598837,0.0
2026-05-28 15:22:22.573738,72794.61,1.98299,72794.6,0.00016,72794.45,8e-05,72794.0,0.004,72793.89,8e-05,72793.55,0.00016,72793.54,0.00032,72793.53,0.03023,72793.41,0.00042,72793.17,7e-05,72794.62,2.57624,72794.63,0.00125,72794.64,0.00014,72794.68,7e-05,72795.34,0.00016,72795.35,0.06758,72795.36,7e-05,72795.57,0.00395,72795.6,8e-05,72796.06,0.00016,72794.61499999999,0.00999999999476131,0.0013737279872640734,-0.1301206563388993,2.0185100000000005,2.6497000000000006,-0.13521028402749663,0.0
2026-05-28 15:22:23.100956,72801.08,6.48543,72801.07,0.00038,72801.06,0.00014,72800.36,0.06642,72800.0,0.004,72799.94,0.06933,72799.64,0.06642,72799.1,7e-05,72798.93,0.2491,72798.92,0.06642,72801.09,0.54792,72801.1,0.00064,72801.2,0.00016,72801.21,0.01663,72801.48,0.00016,72801.49,0.0139,72801.75,9e-05,72801.79,8e-05,72801.9,0.003,72802.17,0.00752,72801.08499999999,0.00999999999476131,0.0013736059008957505,0.8441937341380706,7.007709999999999,0.5901000000000001,0.8446657655298041,8.888020082253867e-05
2026-05-28 15:22:23.562458,72801.08,6.85093,72801.07,0.00038,72801.06,0.00414,72800.78,0.36729,72800.77,0.45408,72800.37,0.06553,72800.36,0.06665,72800.0,0.0052,72799.99,8e-05,72799.94,0.00023,72801.09,0.11722,72801.1,0.00072,72801.21,0.00016,72801.49,0.00016,72801.79,8e-05,72801.9,0.003,72802.17,0.00016,72802.41,0.00016,72802.42,0.01717,72802.84,7e-05,72801.08499999999,0.00999999999476131,0.0013736059008957505,0.9663554889030805,7.814509999999999,0.13889999999999997,0.9650715856469113,0.0
2026-05-28 15:22:24.076584,72801.08,7.30075,72801.07,0.00038,72801.06,0.00414,72800.78,0.39832,72800.77,0.00016,72800.37,0.06553,72800.36,0.06665,72800.21,0.0746,72800.0,0.01736,72799.99,8e-05,72801.09,0.00165,72801.1,0.0008,72801.79,8e-05,72802.41,0.00016,72802.42,0.01733,72802.84,7e-05,72804.06,0.00024,72804.07,0.07453,72804.28,7e-05,72804.37,0.00024,72801.08499999999,0.00999999999476131,0.0013736059008957505,0.9995480937773883,7.927969999999999,0.09517,0.9762761213190845,0.0
2026-05-28 15:22:24.597861,72801.08,7.66861,72801.07,0.00038,72801.06,0.00414,72800.79,8e-05,72800.78,0.39832,72800.37,0.06553,72800.36,0.06665,72800.21,0.0746,72800.0,0.01897,72799.99,8e-05,72801.09,0.00221,72801.1,0.00094,72801.11,0.00014,72801.79,8e-05,72802.84,7e-05,72804.06,0.00024,72804.07,0.07453,72804.28,7e-05,72804.37,0.00024,72804.38,0.72794,72801.08499999999,0.00999999999476131,0.0013736059008957505,0.9994237904161485,8.29736,0.8064600000000001,0.8228304162428519,0.0
2026-05-28 15:22:25.089123,72804.37,6.07154,72804.36,0.00161,72804.35,0.00014,72804.1,0.00016,72804.09,0.06115,72804.08,2.34921,72804.07,2.46201,72803.64,8e-05,72803.32,0.0601,72802.96,0.023,72804.38,0.98796,72804.39,0.00072,72804.98,0.0002,72805.02,0.00544,72805.41,0.00206,72805.44,0.00023,72805.46,8e-05,72805.74,0.00024,72805.75,1.44192,72806.0,0.00156,72804.375,0.010000000009313226,0.0013735438302043285,0.7201048232877681,11.029,2.44041,0.6376366893575888,4.519163416327743e-05
2026-05-28 15:22:25.785482,72804.37,5.08542,72804.36,0.00161,72804.35,0.00014,72804.09,0.06115,72804.08,2.34905,72804.07,2.46201,72803.64,8e-05,72803.36,0.05609,72802.97,0.06467,72802.96,0.023,72804.38,0.73138,72804.39,0.00072,72804.98,0.0002,72805.02,0.00544,72805.41,0.00206,72805.44,0.00023,72805.46,8e-05,72805.74,0.00024,72805.75,1.44192,72806.0,0.00156,72804.375,0.010000000009313226,0.0013735438302043285,0.7485284004951177,10.103219999999999,2.18383,0.6445314375704501,0.0
2026-05-28 15:22:26.091478,72804.37,5.08818,72804.36,0.00161,72804.35,0.00014,72804.09,0.06115,72804.08,2.34913,72804.07,2.46201,72803.64,8e-05,72803.36,0.05609,72802.97,0.06602,72802.96,0.023,72804.38,0.73149,72804.39,0.00072,72804.98,0.0002,72805.02,0.00544,72805.41,0.00206,72805.44,0.00023,72805.46,8e-05,72805.74,0.00024,72805.75,1.44192,72806.0,0.00156,72804.375,0.010000000009313226,0.0013735438302043285,0.7486146121687313,10.10741,2.18394,0.6446378957559585,0.0
2026-05-28 15:22:26.577287,72805.01,3.23722,72805.0,0.00078,72804.99,0.00014,72804.72,0.004,72804.41,1.4102,72804.39,8e-05,72804.38,0.34761,72804.37,1.07642,72804.09,0.06122,72804.08,0.00016,72805.02,0.49278,72805.03,0.00072,72805.41,0.00206,72805.44,0.00023,72805.46,8e-05,72805.74,0.00024,72805.75,0.28423,72806.0,0.00148,72806.01,0.00716,72806.09,7e-05,72805.015,0.010000000009313226,0.0013735317559254987,0.7357747989276139,6.137829999999998,0.78905,0.7721773727854386,8.790680505077475e-06
2026-05-28 15:22:27.133479,72805.01,1.62307,72805.0,0.00102,72804.99,0.00014,72804.4,0.00016,72804.39,0.06485,72804.38,1.04479,72804.37,0.69387,72804.09,0.06468,72804.08,2.46201,72804.06,0.0011,72805.02,2.18946,72805.03,0.00104,72805.41,0.00206,72805.42,0.00016,72805.43,0.0746,72805.44,0.00023,72805.46,8e-05,72805.72,0.00023,72805.73,0.00016,72805.74,0.20537,72805.015,0.010000000009313226,0.0013735317559254987,-0.14856014247756738,5.95569,2.473390000000001,0.4131293094857325,0.0
2026-05-28 15:22:27.611269,72805.01,1.29113,72805.0,0.00102,72804.99,0.00014,72804.4,0.00016,72804.39,0.06477,72804.38,0.07777,72804.37,0.69387,72804.09,0.00031,72804.08,2.46201,72804.06,0.0011,72805.02,2.6816,72805.03,0.00134,72805.04,0.00014,72805.41,0.00206,72805.42,0.00024,72805.43,0.0746,72805.44,0.00023,72805.46,8e-05,72805.71,0.00016,72805.72,0.06468,72805.015,0.010000000009313226,0.0013735317559254987,-0.3500036498830778,4.59228,2.82513,0.23824353783867946,0.0
2026-05-28 15:22:28.097604,72805.01,1.35475,72805.0,0.00115,72804.99,0.00014,72804.4,0.00016,72804.39,0.06477,72804.38,1.02542,72804.37,0.69387,72804.09,0.00031,72804.08,2.46201,72804.06,0.0011,72805.02,2.13829,72805.03,0.00153,72805.04,0.00014,72805.41,0.00206,72805.42,0.00024,72805.43,0.0746,72805.46,8e-05,72805.71,0.00016,72805.72,0.06468,72805.73,0.00016,72805.015,0.010000000009313226,0.0013735317559254987,-0.2243146371069327,5.60368,2.28194,0.42124018149492365,0.0
2026-05-28 15:22:28.623847,72805.01,1.70596,72805.0,0.00123,72804.99,0.00014,72804.4,0.00016,72804.39,0.06477,72804.38,1.02542,72804.37,0.47027,72804.1,0.00016,72804.09,0.06498,72804.08,2.46201,72805.02,2.21055,72805.03,0.00113,72805.04,0.00014,72805.41,0.00206,72805.43,7e-05,72805.46,8e-05,72805.72,7e-05,72805.73,0.00024,72805.74,0.1862,72805.75,0.28437,72805.015,0.010000000009313226,0.0013735317559254987,-0.12883664282741525,5.7951,2.68491,0.36676725617068845,0.0
2026-05-28 15:22:29.123345,72810.0,4.61129,72809.99,2.73028,72809.98,0.00014,72809.92,8e-05,72809.91,0.29342,72809.9,0.71676,72809.31,0.00023,72809.21,0.00023,72809.2,0.06451,72809.17,0.03407,72810.01,0.0064,72810.02,0.00072,72810.32,7e-05,72810.61,8e-05,72811.4,0.00016,72811.86,7e-05,72812.0,0.0014,72812.01,0.00716,72812.07,0.00016,72812.08,0.02415,72810.005,0.00999999999476131,0.00137343761956359,0.9972280512550646,8.451010000000002,0.04037,0.9904915337671852,6.853923455696354e-05
2026-05-28 15:22:29.750040,72817.8,4.05875,72817.79,0.00038,72817.78,0.00014,72817.57,0.98667,72817.56,0.20323,72817.55,0.70056,72817.53,0.004,72817.27,0.12108,72817.23,0.0695,72816.93,0.05537,72817.81,0.29572,72817.82,0.00088,72818.0,0.00254,72818.01,0.00716,72818.95,0.003,72819.88,0.00099,72820.0,0.0014,72820.01,0.00894,72820.14,8e-05,72820.47,0.0002,72817.805,0.00999999999476131,0.0013732905015141988,0.8641763521163309,6.199679999999999,0.32091,0.901570256679227,0.00010712813438185087
2026-05-28 15:22:30.300145,72822.6,4.47519,72822.59,0.00161,72822.58,0.00014,72822.04,0.00024,72822.03,0.71652,72821.93,0.00016,72821.92,0.06288,72821.54,7e-05,72821.25,0.00016,72821.24,0.0642,72822.61,1.92323,72822.62,0.00088,72822.87,0.00014,72822.88,0.00016,72822.89,0.01664,72823.25,0.00042,72823.68,8e-05,72823.81,8e-05,72824.0,0.0014,72824.01,0.00716,72822.60500000001,0.00999999999476131,0.0013731999829944713,0.3988422141716235,5.3211699999999995,1.9501900000000003,0.463596906218369,6.591794410737428e-05
2026-05-28 15:22:30.602045,72822.6,4.09968,72822.59,0.00161,72822.58,0.00014,72822.04,0.00024,72822.03,0.71652,72821.93,0.00016,72821.92,0.06288,72821.54,7e-05,72821.25,0.00016,72821.24,0.06288,72822.61,1.92334,72822.62,0.00096,72822.65,0.00016,72822.66,0.07453,72822.87,0.00014,72822.88,0.00016,72822.89,0.01664,72823.25,0.00042,72823.68,8e-05,72823.81,8e-05,72822.60500000001,0.00999999999476131,0.0013731999829944713,0.36133700369582034,4.94434,2.0165100000000002,0.4206138618128533,0.0
2026-05-28 15:22:31.141800,72822.6,0.62611,72822.59,0.00038,72822.58,0.00014,72822.04,8e-05,72822.03,0.00016,72821.92,0.00023,72821.54,7e-05,72821.24,0.00023,72821.21,7e-05,72821.16,8e-05,72822.61,3.45765,72822.62,0.00064,72822.71,0.00016,72822.72,0.07034,72822.73,0.00016,72822.87,0.00014,72822.88,0.00016,72822.89,0.01664,72823.02,0.004,72823.25,0.00042,72822.60500000001,0.00999999999476131,0.0013731999829944713,-0.6933659176837033,0.62755,3.550310000000001,-0.699583040121019,0.0
2026-05-28 15:22:32.730118,72822.6,2.21653,72822.59,0.00086,72822.58,0.00014,72822.24,0.00016,72822.23,0.02,72822.21,0.00016,72822.2,0.01869,72822.0,0.004,72821.92,0.00016,72821.91,0.06341,72822.61,1.74747,72822.62,0.00105,72822.63,0.00022,72822.75,0.0002,72822.87,0.00014,72822.88,0.00016,72822.89,0.01664,72823.01,0.00016,72823.25,0.00042,72823.3,7e-05,72822.60500000001,0.00999999999476131,0.0013731999829944713,0.11832996972754793,2.3241100000000006,1.7665300000000002,0.13630629925879578,0.0
2026-05-28 15:22:32.915777,72822.6,2.21669,72822.59,0.00094,72822.58,0.00014,72822.21,0.00016,72822.2,0.01869,72822.0,0.01,72821.92,0.00016,72821.91,0.06341,72821.54,0.00142,72821.23,0.00113,72822.61,1.74179,72822.62,0.00105,72822.63,0.00033,72822.75,0.0002,72822.87,0.00014,72822.88,0.00016,72822.89,0.01664,72823.25,0.00042,72823.3,7e-05,72823.34,8e-05,72822.60500000001,0.00999999999476131,0.0013731999829944713,0.11997029162708917,2.31274,1.76088,0.13547164438509232,0.0
2026-05-28 15:22:33.072023,72822.6,2.21661,72822.59,0.00086,72822.58,0.00014,72822.21,0.00016,72822.2,0.01869,72822.0,0.01016,72821.92,0.00016,72821.91,0.06341,72821.54,0.00142,72821.23,0.00113,72822.61,1.74179,72822.62,0.00105,72822.63,0.00033,72822.75,0.0002,72822.87,0.00014,72822.88,0.00016,72822.89,0.01664,72823.25,0.00042,72823.3,7e-05,72823.34,8e-05,72822.60500000001,0.00999999999476131,0.0013731999829944713,0.11995250606305584,2.3127400000000002,1.76088,0.13547164438509243,0.0
2026-05-28 15:22:33.334492,72822.6,2.21661,72822.59,0.00086,72822.58,0.00014,72822.21,0.00016,72822.2,0.01869,72822.0,0.01016,72821.92,0.00016,72821.91,0.06341,72821.54,0.00142,72821.23,0.00113,72822.61,1.74202,72822.62,0.00105,72822.63,0.00033,72822.75,0.0002,72822.87,0.00014,72822.88,0.00016,72822.89,0.01664,72823.25,0.00042,72823.3,7e-05,72823.34,8e-05,72822.60500000001,0.00999999999476131,0.0013731999829944713,0.11988743580481133,2.3127400000000002,1.76111,0.13540753832369878,0.0
2026-05-28 15:22:33.599091,72822.6,2.46912,72822.59,0.00078,72822.58,0.00014,72822.2,0.01869,72822.0,0.01016,72821.91,0.06341,72821.54,7e-05,72821.23,0.00097,72821.22,0.06348,72821.19,0.004,72822.61,1.35331,72822.62,0.00105,72822.63,0.00033,72822.75,0.0002,72822.87,0.00014,72823.1,0.00016,72823.11,0.01707,72823.25,0.00042,72823.3,7e-05,72823.34,8e-05,72822.60500000001,0.00999999999476131,0.0013731999829944713,0.2919111664569397,2.6308200000000004,1.37283,0.3142107826608221,0.0
2026-05-28 15:22:34.080221,72822.6,2.46936,72822.59,0.00086,72822.58,0.00014,72822.21,0.00016,72822.2,0.01869,72822.0,0.01016,72821.92,0.00016,72821.91,0.06341,72821.54,7e-05,72821.23,0.00113,72822.61,1.35348,72822.62,0.00105,72822.63,0.00033,72822.75,0.0002,72822.87,0.00014,72823.1,0.00016,72823.11,0.01723,72823.25,0.00042,72823.34,8e-05,72823.68,8e-05,72822.60500000001,0.00999999999476131,0.0013731999829944713,0.2918981699469504,2.56414,1.3731700000000002,0.3024831674417305,0.0
2026-05-28 15:22:34.696095,72822.6,1.28183,72822.59,0.00094,72822.58,0.00014,72822.21,0.00016,72822.2,0.01869,72822.0,0.01016,72821.92,0.00016,72821.91,0.06341,72821.54,7e-05,72821.23,0.00113,72822.61,2.70394,72822.62,0.00145,72822.63,0.00033,72822.75,0.0002,72822.87,0.00014,72823.1,0.00016,72823.11,0.01723,72823.23,0.00016,72823.24,0.05782,72823.25,0.00042,72822.60500000001,0.00999999999476131,0.0013731999829944713,-0.35679680463248004,1.37669,2.7818500000000004,-0.33789743515753135,0.0
2026-05-28 15:22:35.077544,72822.6,1.67881,72822.59,0.00094,72822.58,0.00014,72822.21,0.00016,72822.2,0.01869,72822.0,0.01016,72821.92,0.00016,72821.91,0.06341,72821.54,7e-05,72821.23,0.00113,72822.61,2.75292,72822.62,0.00145,72822.63,0.00033,72822.75,0.0002,72822.87,0.00014,72823.1,0.00016,72823.11,0.01723,72823.23,0.00016,72823.24,0.05782,72823.25,0.00042,72822.60500000001,0.00999999999476131,0.0013731999829944713,-0.24236810455510605,1.7736699999999999,2.8308300000000006,-0.22959278966228702,0.0
2026-05-28 15:22:35.594455,72822.6,2.08031,72822.59,0.00094,72822.58,0.00014,72822.21,0.00016,72822.2,0.01869,72822.0,0.01016,72821.92,0.00016,72821.91,0.06341,72821.54,7e-05,72821.23,0.00113,72822.61,2.22594,72822.62,0.00145,72822.63,0.00033,72822.75,0.0002,72822.87,0.00014,72823.1,0.00016,72823.11,0.01723,72823.23,0.00016,72823.24,0.0392,72823.25,0.00042,72822.60500000001,0.00999999999476131,0.0013731999829944713,-0.03381828737300439,2.17517,2.2852300000000008,-0.024674917047798558,0.0
2026-05-28 15:22:36.097236,72822.6,2.21363,72822.59,0.00094,72822.58,0.00014,72822.21,0.00016,72822.2,0.01869,72822.0,0.01016,72821.92,0.00016,72821.91,0.06341,72821.54,0.00156,72821.23,0.00113,72822.61,2.10048,72822.62,0.00145,72822.63,0.00033,72822.75,0.0002,72822.87,0.00014,72823.1,0.00016,72823.11,0.01723,72823.23,0.00016,72823.24,0.01494,72823.25,0.00042,72822.60500000001,0.00999999999476131,0.0013731999829944713,0.026227889414039068,2.3099800000000004,2.135510000000001,0.0392465172568152,0.0
2026-05-28 15:22:36.597217,72822.6,2.21418,72822.59,0.00102,72822.58,0.00014,72822.22,0.00016,72822.21,0.02032,72822.2,0.01869,72822.0,0.01016,72821.92,0.00016,72821.91,0.06477,72821.54,7e-05,72822.61,1.81963,72822.62,0.00129,72822.63,0.00033,72822.75,0.0002,72822.87,0.00014,72823.1,0.00016,72823.11,0.01723,72823.25,0.00042,72823.34,8e-05,72823.68,8e-05,72822.60500000001,0.00999999999476131,0.0013731999829944713,0.09781075459677073,2.32967,1.8395600000000003,0.11755408072953513,0.0
2026-05-28 15:22:37.075465,72822.6,2.53346,72822.59,0.00038,72822.58,0.00014,72822.21,0.02016,72822.2,0.01869,72822.0,0.01016,72821.91,0.06341,72821.54,7e-05,72821.23,0.00237,72821.22,0.06355,72822.61,1.09267,72822.62,0.00105,72822.63,0.00033,72822.75,0.0002,72822.87,0.00014,72823.1,0.00016,72823.11,0.01723,72823.25,0.00042,72823.34,8e-05,72823.68,8e-05,72822.60500000001,0.00999999999476131,0.0013731999829944713,0.39733545129380354,2.71239,1.1123600000000002,0.4183358389437217,0.0
2026-05-28 15:22:37.585243,72831.95,1.7359,72831.94,0.00038,72831.93,0.00014,72831.27,0.00016,72831.26,0.06348,72830.65,8e-05,72830.61,0.00016,72830.6,1.04538,72830.59,2.58768,72830.5,0.00016,72831.96,3.50134,72831.97,0.00072,72832.0,0.00147,72832.01,0.00716,72832.59,0.003,72832.76,0.00407,72832.97,0.00205,72833.93,0.00024,72833.94,0.02431,72833.99,0.00016,72831.955,0.010000000009313226,0.0013730236967157104,-0.337093583643293,5.433520000000001,3.5445199999999994,0.21040227042873513,0.00012839419847709976
2026-05-28 15:22:38.148056,72831.95,2.11556,72831.94,0.00162,72831.93,0.00014,72831.26,0.06463,72830.77,0.45405,72830.65,8e-05,72830.63,0.0002,72830.62,1.05677,72830.61,2.46201,72830.6,8e-05,72831.96,0.23446,72831.97,0.00072,72832.0,0.00147,72832.01,0.00716,72832.76,7e-05,72832.97,0.00205,72833.92,0.00016,72833.93,0.00024,72833.94,0.02431,72834.0,0.00156,72831.955,0.010000000009313226,0.0013730236967157104,0.8004612726700199,6.15514,0.2722,0.9152993306717865,0.0
2026-05-28 15:22:38.578156,72831.95,2.43515,72831.94,0.00162,72831.93,0.00014,72831.26,0.00115,72831.25,0.06432,72831.15,9e-05,72830.83,0.45389,72830.78,0.06212,72830.65,8e-05,72830.63,8e-05,72831.96,0.08482,72831.97,0.00129,72831.98,0.00014,72832.0,0.00147,72832.01,0.00716,72832.66,0.00023,72832.76,7e-05,72832.96,0.00016,72832.97,0.00205,72833.93,0.00024,72831.955,0.010000000009313226,0.0013730236967157104,0.9326817382746619,3.0186400000000004,0.09763,0.9373417579349671,0.0
2026-05-28 15:22:39.480187,72833.93,3.12351,72833.92,0.00038,72833.91,0.00014,72833.9,0.00761,72833.31,0.07392,72833.23,0.06416,72832.84,8e-05,72832.76,7e-05,72832.53,0.06425,72832.17,0.004,72833.94,0.17435,72833.95,0.00056,72834.0,0.0014,72834.01,0.00716,72834.82,8e-05,72835.9,0.00016,72835.91,0.07452,72836.0,0.0014,72836.01,0.00716,72836.02,0.00551,72833.935,0.010000000009313226,0.0013729863708878596,0.8942647656358972,3.3381200000000004,0.27230000000000004,0.8491588236271681,2.71858691696103e-05
2026-05-28 15:22:39.951523,72835.9,6.56103,72835.89,3.20719,72835.88,0.00014,72835.2,0.06408,72834.82,0.0002,72834.81,0.47934,72834.11,0.06409,72834.0,0.16047,72833.94,7e-05,72833.93,0.91515,72835.91,0.66043,72835.92,0.00072,72836.0,0.0014,72836.01,0.00716,72836.02,0.00551,72836.12,0.00545,72836.5,7e-05,72837.18,0.003,72837.43,0.0002,72838.0,0.0014,72835.905,0.010000000009313226,0.001372949235588303,0.8170923885197731,11.45176,0.68534,0.8870669270254015,2.7047831481219475e-05
2026-05-28 15:22:40.105852,72835.99,5.74476,72835.98,0.00038,72835.97,0.00014,72835.93,2.15256,72835.92,0.00031,72835.91,0.93262,72835.9,3.12223,72835.89,0.00032,72835.83,0.004,72835.48,0.12,72836.0,0.00133,72836.01,0.0078,72836.12,0.00545,72836.5,7e-05,72838.0,0.0014,72838.01,0.00716,72838.17,0.00042,72838.49,8e-05,72838.72,0.00103,72839.09,7e-05,72835.995,0.00999999999476131,0.001372947537101856,0.9995370765163789,12.07732,0.02481,0.9958998953076854,1.2356543108715812e-06
2026-05-28 15:22:41.070875,72835.99,6.56107,72835.98,0.00038,72835.97,0.00014,72835.93,0.45402,72835.92,0.00775,72835.91,1.7864,72835.9,2.97791,72835.89,0.00016,72835.83,0.0055,72835.72,0.01669,72836.0,0.14886,72836.01,0.00804,72836.12,0.00545,72836.5,7e-05,72837.44,0.00024,72837.45,0.07445,72838.0,0.0014,72838.01,0.00716,72838.17,0.00042,72838.49,8e-05,72835.995,0.00999999999476131,0.001372947537101856,0.9556299395075657,11.810019999999998,0.24617,0.9591628864508606,0.0
2026-05-28 15:22:41.427345,72839.82,8.753,72839.81,0.00168,72839.8,0.00014,72839.49,0.004,72839.12,0.06444,72838.68,8e-05,72838.54,0.13728,72838.5,9e-05,72838.42,0.06437,72838.26,0.07452,72839.83,0.05236,72839.84,0.00072,72840.0,0.00493,72840.01,0.00716,72840.24,7e-05,72840.66,0.00205,72842.0,0.0014,72842.01,0.00716,72842.16,8e-05,72843.09,0.00024,72839.82500000001,0.00999999999476131,0.0013728753459747204,0.9881072437697038,9.0996,0.07616999999999999,0.9833975786228296,5.258389069884295e-05
2026-05-28 15:22:41.794761,72839.99,4.42642,72839.98,0.00038,72839.97,0.00014,72839.84,8e-05,72839.83,2.46201,72839.82,1.42124,72839.81,7e-05,72839.49,0.004,72839.12,0.06582,72838.82,0.10289,72840.0,0.14205,72840.01,0.00788,72840.24,7e-05,72840.66,0.00205,72842.0,0.0014,72842.01,0.00716,72842.16,8e-05,72843.09,0.00024,72843.1,0.03749,72843.37,8e-05,72839.995,0.00999999999476131,0.0013728721418447807,0.9378128782721566,8.483049999999999,0.19849999999999998,0.9542708387327149,2.333888089234293e-06
2026-05-28 15:22:42.085082,72839.99,4.26081,72839.98,0.00038,72839.97,0.00014,72839.84,3.07522,72839.83,2.46201,72839.82,0.98921,72839.81,7e-05,72839.49,0.004,72839.12,0.06582,72838.81,0.13728,72840.0,0.00156,72840.01,0.00788,72840.24,7e-05,72840.66,0.00205,72842.0,0.0014,72842.01,0.00716,72842.16,8e-05,72843.09,0.00024,72843.1,0.03749,72843.39,0.00544,72839.995,0.00999999999476131,0.0013728721418447807,0.9992680128660818,10.99494,0.06337000000000001,0.9885389358771818,0.0
2026-05-28 15:22:42.581744,72840.0,5.46602,72839.99,0.36335,72839.98,0.00014,72839.85,0.00024,72839.84,3.08376,72839.83,2.46201,72839.82,0.23828,72839.81,7e-05,72839.79,7e-05,72839.49,0.004,72840.01,0.74812,72840.02,0.00094,72840.03,0.00014,72840.24,7e-05,72840.66,0.00205,72840.79,0.00028,72841.55,0.00686,72842.0,0.0014,72842.01,0.00716,72842.16,8e-05,72840.005,0.00999999999476131,0.0013728719533670144,0.7592201012529489,11.617939999999995,0.7671,0.8761247440460427,1.372872144855819e-07
2026-05-28 15:22:43.405850,72837.22,0.0014,72837.21,0.00072,72836.5,0.00014,72836.01,8e-05,72836.0,0.00452,72835.99,0.00085,72835.92,7e-05,72835.91,0.00031,72835.9,0.00056,72835.72,0.00016,72837.23,3.74077,72837.24,0.00038,72837.25,0.00014,72837.66,0.004,72837.93,0.06414,72838.01,0.00954,72838.43,0.03067,72838.54,0.13729,72838.63,0.06414,72839.12,2.17841,72837.225,0.00999999999476131,0.001372924352178616,-0.9992517710312466,0.00881,6.229480000000001,-0.9971755080318483,-3.81658403235674e-05
2026-05-28 15:22:43.815763,72832.71,0.86132,72832.7,0.00356,72832.3,7e-05,72832.03,7e-05,72832.01,0.00016,72832.0,0.3299,72831.98,8e-05,72831.95,0.00313,72831.94,0.00124,72831.67,7e-05,72832.72,3.9186,72832.73,0.00038,72832.74,0.00014,72833.28,0.00205,72833.42,7e-05,72833.76,0.00016,72833.77,0.01673,72834.0,0.004,72834.12,7e-05,72834.13,0.00016,72832.715,0.00999999999476131,0.001373009367392292,-0.6396090311134914,1.1996000000000002,3.9423600000000003,-0.5334074944184707,-6.191888831585945e-05
2026-05-28 15:22:44.075656,72832.71,0.75727,72832.7,0.00088,72832.3,7e-05,72832.03,0.00023,72832.02,0.05904,72832.01,0.31598,72832.0,0.3239,72831.98,8e-05,72831.95,0.00313,72831.94,0.00124,72832.72,2.9031,72832.73,0.00038,72832.74,0.00014,72833.28,0.00205,72833.42,0.00023,72833.43,0.06079,72833.76,0.00016,72833.77,0.01673,72834.0,0.004,72834.12,7e-05,72832.715,0.00999999999476131,0.001373009367392292,-0.5862330857263063,1.4618200000000001,2.98765,-0.3429239886997777,0.0
2026-05-28 15:22:44.794322,72832.71,0.70852,72832.7,0.00094,72832.69,0.00014,72832.3,7e-05,72832.03,7e-05,72832.02,0.00016,72832.01,0.06516,72832.0,0.02114,72831.95,0.00313,72831.94,0.00124,72832.72,2.90105,72832.73,0.00038,72832.74,0.00014,72833.28,0.00205,72833.42,0.00023,72833.43,0.06086,72833.75,0.00024,72833.76,0.08268,72833.77,0.01673,72834.0,0.004,72832.715,0.00999999999476131,0.001373009367392292,-0.6074213826023598,0.8005700000000002,3.0683599999999998,-0.5861543113987588,0.0
2026-05-28 15:22:45.160812,72832.71,1.9728,72832.7,0.00094,72832.69,0.00014,72832.3,7e-05,72832.03,7e-05,72832.02,0.00016,72832.01,0.06516,72832.0,0.02414,72831.95,0.00313,72831.94,0.00124,72832.72,2.35216,72832.73,0.00038,72832.74,0.00014,72833.28,0.00205,72833.4,0.00016,72833.41,0.05601,72833.42,7e-05,72833.43,7e-05,72833.75,8e-05,72833.76,0.00016,72832.715,0.00999999999476131,0.001373009367392292,-0.08771410602641411,2.0678500000000004,2.4112800000000005,-0.07667337183783458,0.0
2026-05-28 15:22:45.575112,72832.71,2.0538,72832.7,0.00046,72832.69,0.00014,72832.3,7e-05,72832.03,7e-05,72832.02,8e-05,72832.01,0.06499,72832.0,0.0243,72831.95,0.00313,72831.94,0.00124,72832.72,0.96841,72832.73,0.00038,72832.74,0.00014,72833.28,0.00205,72833.42,7e-05,72833.81,0.00024,72833.82,0.01699,72834.0,0.004,72834.01,0.003,72834.12,7e-05,72832.715,0.00999999999476131,0.001373009367392292,0.3591378494545382,2.14828,0.9953500000000001,0.3667511761880374,0.0
2026-05-28 15:22:46.093404,72832.71,2.19802,72832.7,0.0003,72832.69,0.00014,72832.3,7e-05,72832.17,0.004,72832.03,7e-05,72832.02,8e-05,72832.01,0.06499,72832.0,0.0243,72831.95,0.00313,72832.72,0.41319,72832.73,0.00038,72832.74,0.00014,72833.28,0.00205,72833.42,7e-05,72833.81,8e-05,72834.01,0.003,72834.06,0.00016,72834.07,0.01684,72834.12,7e-05,72832.715,0.00999999999476131,0.001373009367392292,0.6835260281631887,2.2951000000000006,0.43598000000000003,0.6807270383877442,0.0
2026-05-28 15:22:46.586884,72837.22,4.81073,72837.21,2.46239,72837.2,0.00014,72836.51,0.06506,72836.5,7e-05,72836.13,0.0772,72836.05,0.27364,72836.04,0.00023,72835.83,0.004,72835.8,0.06506,72837.23,0.38259,72837.24,0.00478,72837.25,0.00014,72837.93,7e-05,72838.0,0.0014,72838.01,0.003,72838.11,0.00205,72839.12,0.00016,72839.13,1.19469,72839.84,0.00016,72837.225,0.00999999999476131,0.001372924352178616,0.8526607257014782,7.758520000000001,1.58904,0.6600096709729598,6.192272250205022e-05
2026-05-28 15:22:47.319107,72837.22,0.19605,72837.21,0.00102,72837.2,0.00014,72836.51,0.00014,72836.5,7e-05,72836.49,8e-05,72836.13,7e-05,72836.05,8e-05,72836.04,7e-05,72835.8,7e-05,72837.23,3.04253,72837.24,0.0043,72837.25,0.00014,72837.6,0.00702,72837.66,0.004,72837.93,7e-05,72837.94,0.00016,72837.95,0.06573,72838.0,0.0014,72838.01,0.003,72837.225,0.00999999999476131,0.001372924352178616,-0.8789284192454717,0.19778999999999994,3.12835,-0.8810693476522335,0.0
2026-05-28 15:22:47.743024,72837.22,0.62409,72837.21,0.00118,72837.2,0.00014,72836.51,7e-05,72836.5,7e-05,72836.49,8e-05,72836.04,7e-05,72835.8,7e-05,72835.76,8e-05,72835.18,7e-05,72837.23,2.76666,72837.24,0.00478,72837.25,0.00014,72837.6,0.00702,72837.66,0.004,72837.93,7e-05,72837.94,0.00024,72837.95,0.06566,72838.0,0.0014,72838.01,0.003,72837.225,0.00999999999476131,0.001372924352178616,-0.6318867507188676,0.62592,2.852969999999999,-0.6401610858635944,0.0
2026-05-28 15:22:48.109251,72837.22,0.18815,72837.21,0.00158,72837.2,0.00014,72836.51,7e-05,72836.5,7e-05,72836.49,8e-05,72836.04,7e-05,72836.0,0.006,72835.8,7e-05,72835.18,7e-05,72837.23,4.50817,72837.24,0.00448,72837.25,0.00014,72837.6,0.00702,72837.66,0.004,72837.93,7e-05,72837.94,8e-05,72837.95,0.06566,72838.0,0.0014,72838.01,0.003,72837.225,0.00999999999476131,0.001372924352178616,-0.919873432815481,0.19629999999999995,4.5940199999999995,-0.9180430534912073,0.0
2026-05-28 15:22:48.607640,72837.22,0.07513,72837.21,0.0015,72837.2,0.00014,72836.51,7e-05,72836.5,7e-05,72836.49,8e-05,72836.04,7e-05,72836.0,0.00616,72835.8,7e-05,72835.76,8e-05,72837.23,4.50422,72837.24,0.00448,72837.25,0.00014,72837.6,0.00702,72837.66,0.004,72837.78,8e-05,72837.79,0.13603,72837.93,7e-05,72837.95,0.06566,72838.0,0.0014,72837.225,0.00999999999476131,0.001372924352178616,-0.9671874829397187,0.08337,4.7231,-0.9653092602263198,0.0
2026-05-28 15:22:49.101880,72837.22,0.20219,72837.21,0.00182,72837.2,0.00014,72836.51,7e-05,72836.5,7e-05,72836.49,8e-05,72836.04,7e-05,72836.0,0.00616,72835.8,7e-05,72835.76,8e-05,72837.23,2.96707,72837.24,0.00448,72837.25,0.00033,72837.6,0.00702,72837.66,0.004,72837.78,8e-05,72837.93,7e-05,72837.94,0.00016,72837.95,0.06573,72838.0,0.0014,72837.225,0.00999999999476131,0.001372924352178616,-0.8724055457740925,0.21074999999999994,3.05034,-0.8707487373853527,0.0
2026-05-28 15:22:49.622876,72837.22,0.06408,72837.21,0.00166,72837.2,0.00014,72836.51,7e-05,72836.5,7e-05,72836.49,8e-05,72836.04,7e-05,72836.0,0.00616,72835.8,7e-05,72835.76,8e-05,72837.23,4.50056,72837.24,0.00448,72837.25,0.00033,72837.6,0.00702,72837.66,0.004,72837.93,7e-05,72837.95,0.06573,72838.0,0.0014,72838.01,0.003,72838.02,7e-05,72837.225,0.00999999999476131,0.001372924352178616,-0.9719233061095729,0.07247999999999999,4.58666,-0.9688869619715228,0.0
2026-05-28 15:22:50.306612,72837.22,0.03901,72837.21,0.00174,72837.2,0.00014,72836.51,7e-05,72836.5,7e-05,72836.49,8e-05,72836.04,7e-05,72836.0,0.00616,72835.8,7e-05,72835.76,8e-05,72837.23,4.50046,72837.24,0.00448,72837.25,0.00033,72837.6,0.00702,72837.66,0.004,72837.93,7e-05,72837.95,0.06573,72838.0,0.0014,72838.01,0.003,72838.02,7e-05,72837.225,0.00999999999476131,0.001372924352178616,-0.9828129715583537,0.04749,4.58656,-0.9795038896861278,0.0
2026-05-28 15:22:51.060129,72837.22,0.03695,72837.21,0.00166,72837.2,0.00014,72836.51,7e-05,72836.5,7e-05,72836.49,8e-05,72836.04,7e-05,72836.0,0.00616,72835.8,7e-05,72835.76,8e-05,72837.23,4.50046,72837.24,0.00448,72837.25,0.00033,72837.6,0.00702,72837.66,0.004,72837.93,7e-05,72837.95,0.06573,72838.0,0.0014,72838.01,0.003,72838.02,7e-05,72837.225,0.00999999999476131,0.001372924352178616,-0.9837131755781382,0.045349999999999994,4.58656,-0.9804184450906861,0.0
2026-05-28 15:22:51.226845,72837.22,0.16465,72837.21,0.00174,72837.2,0.00014,72836.51,7e-05,72836.5,7e-05,72836.49,8e-05,72836.04,7e-05,72836.0,0.00616,72835.8,7e-05,72835.76,8e-05,72837.23,3.05317,72837.24,0.00448,72837.25,0.00033,72837.6,0.00702,72837.66,0.004,72837.93,7e-05,72837.94,0.00016,72837.95,0.06573,72838.0,0.0014,72838.01,0.003,72837.225,0.00999999999476131,0.001372924352178616,-0.8976636356290906,0.17312999999999992,3.13936,-0.895468363678079,0.0
2026-05-28 15:22:51.666189,72837.22,0.33424,72837.21,0.00206,72837.2,0.00014,72836.51,7e-05,72836.5,7e-05,72836.49,8e-05,72836.04,7e-05,72836.0,0.00616,72835.8,7e-05,72835.76,8e-05,72837.23,3.04326,72837.24,0.00448,72837.25,0.00033,72837.6,0.00702,72837.66,0.004,72837.93,7e-05,72837.94,0.00016,72837.95,0.06566,72838.0,0.0014,72838.01,0.003,72837.225,0.00999999999476131,0.001372924352178616,-0.802078460399704,0.34304000000000007,3.12938,-0.8024202141446022,0.0
2026-05-28 15:22:52.363373,72837.22,2.80425,72837.21,0.0011,72837.2,0.00014,72837.12,0.00205,72836.53,0.05859,72836.51,7e-05,72836.5,0.06573,72836.49,8e-05,72836.34,0.00016,72836.04,7e-05,72837.23,0.28074,72837.24,0.00486,72837.25,0.00022,72837.93,7e-05,72838.0,0.0014,72838.01,0.003,72839.07,8e-05,72839.12,0.00016,72839.13,0.01737,72839.85,7e-05,72837.225,0.00999999999476131,0.001372924352178616,0.8179961685451167,2.9322400000000006,0.30797,0.809907382546193,0.0
2026-05-28 15:22:52.766029,72837.22,2.87554,72837.21,0.0011,72837.2,0.00014,72837.12,0.00205,72836.51,0.00031,72836.5,0.06573,72836.49,8e-05,72836.04,7e-05,72836.0,0.00616,72835.83,0.004,72837.23,1.55167,72837.24,0.00494,72837.25,0.00022,72837.9,0.00024,72837.91,0.07445,72837.93,7e-05,72838.0,0.0014,72838.01,0.003,72838.26,0.00702,72839.12,0.00016,72837.225,0.00999999999476131,0.001372924352178616,0.29903031480322817,2.95518,1.64317,0.28532190894560006,0.0
2026-05-28 15:22:53.090907,72837.22,2.87554,72837.21,0.0011,72837.2,0.00014,72837.12,0.00205,72836.51,0.00015,72836.5,0.06573,72836.49,8e-05,72836.04,7e-05,72836.0,0.00616,72835.83,0.004,72837.23,1.55175,72837.24,0.00528,72837.25,0.00022,72837.9,0.00024,72837.91,0.07445,72837.93,7e-05,72838.0,0.0014,72838.01,0.003,72838.26,0.00702,72839.12,0.00016,72837.225,0.00999999999476131,0.001372924352178616,0.2990068416570859,2.95502,1.6435899999999999,0.2851796521122688,0.0
2026-05-28 15:22:53.608129,72832.72,0.0297,72832.71,0.01022,72832.3,7e-05,72832.03,7e-05,72832.0,0.00856,72831.95,0.00013,72831.94,0.00124,72831.67,7e-05,72831.48,8e-05,72831.26,0.00108,72832.73,7.75274,72832.74,0.00182,72832.75,0.00014,72833.45,0.06567,72833.68,0.01267,72833.71,7e-05,72833.97,0.1275,72834.0,0.00431,72834.01,0.56251,72834.23,0.1373,72832.725,0.00999999999476131,0.0013730091788768455,-0.9923674323219966,0.05121999999999999,8.66473,-0.9882468348258077,-6.178159588043908e-05
2026-05-28 15:22:54.102207,72832.72,0.14264,72832.71,0.01022,72832.3,7e-05,72832.11,8e-05,72832.03,7e-05,72832.0,0.00856,72831.95,0.00013,72831.94,0.00124,72831.67,7e-05,72831.48,8e-05,72832.73,7.77024,72832.74,0.00166,72832.75,0.00014,72833.0,0.00205,72833.45,0.06567,72833.68,0.01267,72833.71,7e-05,72833.97,0.1275,72834.0,0.00415,72834.01,0.56858,72832.725,0.00999999999476131,0.0013730091788768455,-0.9639473870449191,0.16315999999999994,8.55273,-0.9625603352038634,0.0
2026-05-28 15:22:54.940509,72832.72,0.35577,72832.71,0.01076,72832.7,0.00014,72832.3,7e-05,72832.03,7e-05,72832.0,0.00856,72831.95,0.00013,72831.94,0.00124,72831.67,7e-05,72831.48,8e-05,72832.73,6.01277,72832.74,0.00184,72832.75,0.00014,72833.0,0.00205,72833.44,0.00016,72833.45,0.06724,72833.68,0.01241,72833.71,7e-05,72833.92,0.07108,72833.99,8e-05,72832.725,0.00999999999476131,0.0013730091788768455,-0.888272665320466,0.37689000000000006,6.167839999999999,-0.884826417590947,0.0
2026-05-28 15:22:55.178917,72832.72,0.40102,72832.71,0.01076,72832.7,0.00014,72832.3,7e-05,72832.03,7e-05,72832.0,0.00856,72831.95,0.00013,72831.94,0.00124,72831.67,7e-05,72831.48,8e-05,72832.73,6.02652,72832.74,0.00184,72832.75,0.00014,72833.0,0.00205,72833.44,0.00016,72833.45,0.06724,72833.68,0.01241,72833.71,7e-05,72833.92,0.07108,72833.99,8e-05,72832.725,0.00999999999476131,0.0013730091788768455,-0.8752182016759134,0.42214000000000007,6.181589999999999,-0.8721510419111624,0.0
2026-05-28 15:22:55.574993,72832.72,0.34964,72832.71,0.01068,72832.7,0.00014,72832.3,7e-05,72832.03,7e-05,72832.0,0.00856,72831.95,0.00013,72831.94,0.00124,72831.67,7e-05,72831.48,8e-05,72832.73,6.03414,72832.74,0.00184,72832.75,0.00033,72833.0,0.00205,72833.44,0.00016,72833.45,0.06724,72833.56,8e-05,72833.68,0.01241,72833.71,7e-05,72833.91,0.00016,72832.725,0.00999999999476131,0.0013730091788768455,-0.8904598842691948,0.3706800000000001,6.118479999999999,-0.8857540883565823,0.0
2026-05-28 15:22:56.121387,72832.72,0.34614,72832.71,0.01068,72832.7,0.00014,72832.3,7e-05,72832.03,7e-05,72832.0,0.00856,72831.94,0.00124,72831.67,7e-05,72831.48,8e-05,72831.38,8e-05,72832.73,5.99754,72832.74,0.00184,72832.75,0.00033,72833.0,0.00205,72833.44,0.00016,72833.45,0.06724,72833.56,8e-05,72833.68,0.01241,72833.71,7e-05,72833.91,0.00016,72832.725,0.00999999999476131,0.0013730091788768455,-0.8908709140435835,0.3671300000000001,6.081879999999999,-0.8861437647018688,0.0
2026-05-28 15:22:56.571684,72832.72,0.3425,72832.71,0.01016,72832.7,0.00014,72832.3,7e-05,72832.03,7e-05,72832.0,0.00856,72831.94,0.00124,72831.67,7e-05,72831.48,8e-05,72831.38,8e-05,72832.73,5.9965,72832.74,0.00184,72832.75,0.00033,72833.0,0.00205,72833.44,0.00024,72833.45,0.06724,72833.56,8e-05,72833.68,0.01241,72833.71,7e-05,72833.91,8e-05,72832.725,0.00999999999476131,0.0013730091788768455,-0.891938791607509,0.3629700000000001,6.0808399999999985,-0.8873430470482525,0.0
2026-05-28 15:22:57.092033,72832.72,0.61631,72832.71,0.01024,72832.7,0.00014,72832.3,7e-05,72832.03,7e-05,72832.0,0.00856,72831.94,0.00124,72831.67,7e-05,72831.48,8e-05,72831.38,8e-05,72832.73,5.72816,72832.74,0.00232,72832.75,0.00033,72833.0,0.00205,72833.44,8e-05,72833.45,0.0018,72833.56,8e-05,72833.68,0.01241,72833.71,7e-05,72833.87,0.00016,72832.725,0.00999999999476131,0.0013730091788768455,-0.8057174200524235,0.6368600000000001,5.747459999999999,-0.8004924565184701,0.0
2026-05-28 15:22:57.914442,72832.72,0.34395,72832.71,0.00968,72832.7,0.00014,72832.3,7e-05,72832.03,7e-05,72832.0,0.00856,72831.94,0.00124,72831.67,7e-05,72831.48,8e-05,72831.38,8e-05,72832.73,3.56802,72832.74,0.00184,72832.75,0.00033,72833.0,0.00205,72833.45,0.00157,72833.46,0.06657,72833.56,8e-05,72833.68,0.01173,72833.71,7e-05,72833.99,0.06666,72832.725,0.00999999999476131,0.0013730091788768455,-0.824155093213905,0.3639400000000001,3.7189200000000007,-0.821723007891527,0.0
2026-05-28 15:22:58.134427,72832.72,0.34621,72832.71,0.00968,72832.7,0.00014,72832.3,7e-05,72832.03,7e-05,72832.0,0.00856,72831.94,0.00124,72831.67,7e-05,72831.48,8e-05,72831.38,8e-05,72832.73,3.56786,72832.74,0.00184,72832.75,0.00033,72833.0,0.00205,72833.45,0.00173,72833.46,0.06657,72833.56,8e-05,72833.68,0.01173,72833.71,7e-05,72833.98,0.00016,72832.725,0.00999999999476131,0.0013730091788768455,-0.8230946303975145,0.36620000000000014,3.65242,-0.8177483812851177,0.0
2026-05-28 15:22:59.253441,72832.72,0.34166,72832.71,0.01042,72832.7,0.00014,72832.3,7e-05,72832.03,7e-05,72832.0,0.00856,72831.94,0.00124,72831.67,7e-05,72831.48,8e-05,72831.38,8e-05,72832.73,4.98595,72832.74,0.00184,72832.75,0.00033,72833.0,0.00205,72833.45,0.00181,72833.46,0.06664,72833.56,8e-05,72833.68,0.01173,72833.71,7e-05,72833.88,0.00016,72832.725,0.00999999999476131,0.0013730091788768455,-0.8717398608381619,0.3623900000000001,5.070659999999998,-0.8665979514269148,0.0
2026-05-28 15:22:59.405247,72832.72,3.30101,72832.71,0.01066,72832.7,0.00014,72832.3,7e-05,72832.03,7e-05,72832.0,0.00872,72831.99,0.06657,72831.94,0.00124,72831.67,7e-05,72831.48,8e-05,72832.73,4.61063,72832.74,0.00088,72832.75,0.00033,72833.0,0.00205,72833.45,0.00165,72833.56,8e-05,72833.68,0.01173,72833.71,7e-05,72833.99,0.00016,72834.0,0.15551,72832.725,0.00999999999476131,0.0013730091788768455,-0.1655307875484728,3.3886300000000005,4.783089999999999,-0.17064461337392844,0.0
2026-05-28 15:22:59.925799,72832.72,3.32014,72832.71,0.01066,72832.7,0.00014,72832.3,7e-05,72832.03,7e-05,72832.0,0.00872,72831.99,0.06657,72831.94,0.00124,72831.67,0.00144,72831.48,8e-05,72832.73,4.3756,72832.74,0.00096,72832.75,0.00033,72833.0,0.00205,72833.06,0.00758,72833.45,0.00157,72833.56,8e-05,72833.68,0.01173,72833.71,7e-05,72833.99,0.00024,72832.725,0.00999999999476131,0.0013730091788768455,-0.13714860429276463,3.40913,4.4002099999999995,-0.12690957238383774,0.0
2026-05-28 15:23:00.096725,72832.72,3.17501,72832.71,0.01066,72832.7,0.00014,72832.3,7e-05,72832.03,7e-05,72832.0,0.00872,72831.99,0.06657,72831.94,0.00124,72831.67,0.00144,72831.48,8e-05,72832.73,4.37559,72832.74,0.00104,72832.75,0.00033,72833.0,0.00205,72833.06,0.00774,72833.45,0.00157,72833.56,8e-05,72833.68,0.01173,72833.71,7e-05,72833.99,0.00024,72832.725,0.00999999999476131,0.0013730091788768455,-0.15900458241729135,3.2640000000000002,4.400439999999999,-0.14827436838177332,0.0
2026-05-28 15:23:00.910510,72832.72,3.17841,72832.71,0.01066,72832.7,0.00014,72832.3,7e-05,72832.03,7e-05,72832.0,0.00872,72831.99,0.06657,72831.94,0.00124,72831.67,0.00144,72831.48,8e-05,72832.73,4.51048,72832.74,0.00104,72832.75,0.00033,72833.0,0.00205,72833.06,0.00774,72833.45,0.00157,72833.56,8e-05,72833.68,0.01173,72833.71,7e-05,72833.99,0.00016,72832.725,0.00999999999476131,0.0013730091788768455,-0.17324607323033625,3.2674000000000003,4.53525,-0.16248966697211836,0.0
2026-05-28 15:23:01.103367,72832.72,3.42815,72832.71,0.0101,72832.7,0.00014,72832.61,0.00028,72832.3,7e-05,72832.17,0.004,72832.03,7e-05,72832.01,0.02283,72832.0,0.00856,72831.99,0.06657,72832.73,1.72948,72832.74,0.0008,72832.75,0.00033,72833.0,0.00205,72833.06,0.00016,72833.45,0.00157,72833.56,8e-05,72833.68,0.01173,72833.71,7e-05,72834.0,0.00023,72832.725,0.00999999999476131,0.0013730091788768455,0.32935088403006807,3.54077,1.7465,0.33935660558284336,0.0
2026-05-28 15:23:01.605346,72837.75,6.05782,72837.74,0.00038,72837.73,0.00014,72837.66,0.004,72837.02,0.06664,72836.67,0.06049,72836.5,7e-05,72836.49,8e-05,72836.29,0.0665,72836.01,1.71968,72837.76,0.82503,72837.77,0.0008,72837.93,7e-05,72838.0,0.0014,72838.01,0.00716,72838.5,7e-05,72840.0,0.00184,72840.01,0.08943,72840.24,7e-05,72840.31,8e-05,72837.755,0.00999999999476131,0.001372914362168536,0.7602650065016672,7.9758,0.9259499999999999,0.791962254612857,6.906236173365166e-05
2026-05-28 15:23:03.310846,72848.0,4.23528,72847.99,0.00038,72847.98,0.00014,72847.72,7e-05,72847.3,0.00016,72847.29,0.06485,72847.28,0.00016,72847.27,0.06677,72846.71,8e-05,72846.55,0.00016,72848.01,2.32685,72848.02,0.00072,72848.3,0.00205,72849.5,8e-05,72849.59,0.00787,72850.0,0.0014,72850.01,0.00716,72850.05,0.00702,72850.2,7e-05,72850.21,0.004,72848.005,0.00999999999476131,0.001372721187733461,0.29082477793033673,4.36805,2.3572199999999994,0.2989961741312989,0.00014072372219597895
2026-05-28 15:23:03.467082,72848.0,4.23528,72847.99,0.00038,72847.98,0.00014,72847.93,0.00205,72847.72,7e-05,72847.3,0.00016,72847.29,0.06485,72847.28,0.00016,72847.27,0.06677,72846.71,8e-05,72848.01,2.60134,72848.02,0.00072,72848.3,0.00205,72849.5,8e-05,72849.59,0.00787,72850.0,0.0014,72850.01,0.00716,72850.05,0.00702,72850.2,7e-05,72850.21,0.004,72848.005,0.00999999999476131,0.001372721187733461,0.23899821841787322,4.36994,2.6317099999999995,0.2482600529875101,0.0
2026-05-28 15:23:03.653107,72848.0,4.2356,72847.99,0.00038,72847.98,0.00014,72847.93,0.00205,72847.72,7e-05,72847.29,0.06485,72847.27,0.06677,72846.71,8e-05,72846.54,0.06684,72846.08,1.33919,72848.01,2.32356,72848.02,0.00072,72848.3,0.00205,72849.5,8e-05,72849.59,0.00787,72850.0,0.0014,72850.01,0.00716,72850.05,0.00702,72850.2,7e-05,72850.21,0.004,72848.005,0.00999999999476131,0.001372721187733461,0.2915068392903969,5.775969999999999,2.3539299999999996,0.42092030652283546,0.0
2026-05-28 15:23:03.845071,72848.0,4.24933,72847.99,0.00038,72847.98,0.00014,72847.93,0.00205,72847.72,7e-05,72847.3,0.00016,72847.29,0.06485,72847.28,0.00016,72847.27,0.06677,72846.71,8e-05,72848.01,2.32367,72848.02,0.00072,72848.3,0.00205,72849.5,8e-05,72849.59,0.00787,72850.0,0.0014,72850.01,0.00716,72850.05,0.00702,72850.2,7e-05,72850.21,0.004,72848.005,0.00999999999476131,0.001372721187733461,0.2929651605050966,4.383989999999999,2.3540399999999995,0.3012675811772877,0.0
2026-05-28 15:23:04.102177,72848.0,4.24933,72847.99,0.00038,72847.98,0.00014,72847.93,0.00205,72847.72,7e-05,72847.3,0.00016,72847.29,0.06485,72847.28,0.00024,72847.27,0.06684,72846.72,8e-05,72848.01,2.32361,72848.02,0.00072,72848.3,0.00205,72849.5,8e-05,72849.59,0.00016,72850.0,0.0014,72850.01,0.00716,72850.05,0.00702,72850.2,7e-05,72850.21,0.004,72848.005,0.00999999999476131,0.001372721187733461,0.2929769631245683,4.384139999999999,2.3462699999999996,0.3027854172331254,0.0
2026-05-28 15:23:04.586493,72848.0,4.2653,72847.99,0.00038,72847.98,0.00014,72847.93,0.00205,72847.72,7e-05,72847.67,0.07429,72847.66,0.011,72847.44,0.00028,72847.29,0.06485,72847.28,8e-05,72848.01,0.41829,72848.02,0.00086,72848.03,0.00014,72848.3,0.00205,72849.5,8e-05,72850.0,0.0014,72850.01,0.00716,72850.21,0.004,72850.41,8e-05,72850.42,0.00016,72848.005,0.00999999999476131,0.001372721187733461,0.8213806076108285,4.4184399999999995,0.43422000000000005,0.8210383583436713,0.0
2026-05-28 15:23:05.090546,72848.0,4.3405,72847.99,0.00038,72847.98,0.00014,72847.93,0.00205,72847.72,7e-05,72847.29,0.06485,72847.27,0.06677,72846.81,0.00557,72846.71,8e-05,72846.55,8e-05,72848.01,0.67443,72848.02,0.00105,72848.03,0.00014,72848.3,0.00205,72849.5,8e-05,72850.0,0.0014,72850.01,0.00716,72850.21,0.004,72850.41,8e-05,72850.48,0.003,72848.005,0.00999999999476131,0.001372721187733461,0.7310311410129353,4.480489999999998,0.69339,0.7319651789372772,0.0
2026-05-28 15:23:05.619557,72848.0,4.80034,72847.99,0.07483,72847.98,0.00014,72847.93,0.00205,72847.72,7e-05,72847.29,0.06485,72847.28,0.00782,72847.27,0.06691,72846.95,0.0014,72846.81,0.004,72848.01,0.37121,72848.02,0.00097,72848.03,0.00022,72848.3,0.00205,72849.5,8e-05,72850.0,0.0014,72850.01,0.00716,72850.21,0.004,72850.48,0.003,72851.1,0.00423,72848.005,0.00999999999476131,0.001372721187733461,0.856441492395897,5.02241,0.39432000000000006,0.8544066253994567,0.0
2026-05-28 15:23:06.078844,72853.32,5.20239,72853.31,0.00038,72853.3,0.00014,72853.11,0.13792,72853.1,1.21285,72852.84,0.1019,72852.6,7e-05,72852.55,8e-05,72852.3,0.004,72852.18,0.08762,72853.33,0.30424,72853.34,0.00072,72853.44,8e-05,72853.76,8e-05,72853.98,8e-05,72854.0,0.0014,72854.01,0.00716,72855.2,7e-05,72855.3,0.00185,72855.79,0.00024,72853.32500000001,0.00999999999476131,0.0013726209469178392,0.8895004748820966,6.747349999999999,0.31592000000000015,0.9105456820990844,7.30287672257024e-05
2026-05-28 15:23:06.603506,72853.32,4.87023,72853.31,0.00038,72853.3,0.00014,72853.11,0.13792,72853.1,1.21361,72852.84,0.03423,72852.6,7e-05,72852.55,8e-05,72852.3,0.004,72852.21,0.07214,72853.33,0.33778,72853.34,0.0008,72853.76,8e-05,72853.98,8e-05,72854.0,0.0014,72854.01,0.00716,72855.2,7e-05,72855.3,0.00185,72855.38,0.00024,72855.39,0.07452,72853.32500000001,0.00999999999476131,0.0013726209469178392,0.870284427257244,6.3328,0.42398000000000013,0.87450235171191,0.0
2026-05-28 15:23:07.094355,72853.32,4.85443,72853.31,0.00038,72853.3,0.00014,72853.12,8e-05,72853.11,0.13792,72853.1,0.12924,72852.6,7e-05,72852.55,8e-05,72852.3,0.004,72852.21,0.07102,72853.33,0.30575,72853.34,0.00099,72853.76,8e-05,72853.98,8e-05,72854.0,0.0014,72854.01,0.00716,72855.2,7e-05,72855.3,0.00185,72855.38,0.00024,72855.39,0.07466,72853.32500000001,0.00999999999476131,0.0013726209469178392,0.8814963819091582,5.197359999999999,0.39228000000000013,0.8596403346190451,0.0
2026-05-28 15:23:07.583551,72853.32,4.8531,72853.31,0.00038,72853.3,0.00014,72853.12,8e-05,72853.11,0.13792,72853.1,0.12924,72852.6,7e-05,72852.55,8e-05,72852.3,0.00555,72852.21,0.07102,72853.33,0.29258,72853.34,0.00113,72853.35,0.00014,72853.76,8e-05,72853.98,8e-05,72854.0,0.0014,72854.01,0.00716,72854.58,0.00016,72854.59,0.07429,72855.2,7e-05,72853.32500000001,0.00999999999476131,0.0013726209469178392,0.886281307815488,5.19758,0.37709000000000004,0.8647130682174909,0.0
2026-05-28 15:23:08.090007,72853.32,5.82645,72853.31,0.00038,72853.3,0.00014,72853.2,9e-05,72853.12,8e-05,72853.11,0.13792,72853.1,0.12924,72852.6,7e-05,72852.55,8e-05,72852.46,0.05939,72853.33,0.03077,72853.34,0.00113,72853.35,0.00024,72853.76,8e-05,72853.98,8e-05,72854.0,0.0014,72854.01,0.00716,72854.58,0.00016,72854.59,0.07445,72855.2,7e-05,72853.32500000001,0.00999999999476131,0.0013726209469178392,0.989493309112514,6.15384,0.11553999999999999,0.9631414908651253,0.0
2026-05-28 15:23:08.578672,72853.32,5.28294,72853.31,0.00038,72853.3,0.00014,72853.2,9e-05,72853.12,8e-05,72853.11,0.13792,72853.1,0.12924,72852.6,7e-05,72852.55,0.00148,72852.46,0.05946,72853.33,0.01104,72853.34,0.00102,72853.35,0.00022,72853.76,8e-05,72853.98,8e-05,72854.0,0.0014,72854.01,0.00716,72855.2,7e-05,72855.3,0.00185,72855.59,7e-05,72853.32500000001,0.00999999999476131,0.0013726209469178392,0.9958292248931804,5.6118,0.02299,0.9918399798395326,0.0
2026-05-28 15:23:09.067574,72853.32,5.27091,72853.31,0.00038,72853.3,0.00014,72853.2,9e-05,72853.12,8e-05,72853.11,0.13792,72853.1,0.12924,72852.6,7e-05,72852.55,0.00148,72852.46,0.05939,72853.33,0.21489,72853.34,0.00094,72853.35,0.00014,72853.76,8e-05,72853.98,8e-05,72854.0,0.0014,72854.01,0.00716,72855.2,7e-05,72855.3,0.00185,72855.59,7e-05,72853.32500000001,0.00999999999476131,0.0013726209469178392,0.9216559116263809,5.5996999999999995,0.22667999999999996,0.9221883914197152,0.0
2026-05-28 15:23:09.725828,72853.32,3.07683,72853.31,0.00078,72853.3,0.00014,72853.2,9e-05,72853.13,0.00016,72853.12,0.1541,72853.11,0.13792,72853.1,0.00082,72852.61,0.00016,72852.6,0.06591,72853.33,2.57206,72853.34,0.00102,72853.35,0.00014,72853.4,0.00702,72853.76,8e-05,72853.98,8e-05,72854.0,0.0014,72854.01,0.00716,72855.2,7e-05,72855.3,0.00185,72853.32500000001,0.00999999999476131,0.0013726209469178392,0.08935737817518136,3.4369100000000006,2.59088,0.14035492278264516,0.0
2026-05-28 15:23:10.075683,72853.32,3.06793,72853.31,0.00078,72853.3,0.00014,72853.2,9e-05,72853.13,0.00024,72853.12,0.15402,72853.11,0.13792,72853.1,0.00082,72852.61,0.00016,72852.6,0.06591,72853.33,2.59722,72853.34,0.0011,72853.35,0.00014,72853.4,0.00702,72853.76,8e-05,72853.98,8e-05,72854.0,0.0014,72854.01,0.00716,72855.2,7e-05,72855.3,0.00185,72853.32500000001,0.00999999999476131,0.0013726209469178392,0.08308870903683042,3.42801,2.61612,0.13432702473308814,0.0
2026-05-28 15:23:10.606231,72850.0,0.19232,72849.99,0.0004,72849.77,7e-05,72849.72,7e-05,72849.67,7e-05,72849.04,7e-05,72849.02,8e-05,72849.01,7e-05,72848.96,0.00014,72848.3,8e-05,72850.01,5.49207,72850.02,0.00038,72850.03,0.00014,72850.47,0.004,72850.73,0.06584,72851.05,0.03423,72851.1,0.05913,72851.45,0.06577,72851.46,7e-05,72851.68,8e-05,72850.005,0.00999999999476131,0.0013726835014989099,-0.9323339883435163,0.19336999999999993,5.721709999999998,-0.9346179595204123,-4.5571015461653985e-05
2026-05-28 15:23:11.144918,72850.0,3.23359,72849.99,0.00048,72849.77,7e-05,72849.67,7e-05,72849.3,0.00016,72849.29,0.08161,72849.28,0.06584,72849.01,7e-05,72848.96,7e-05,72848.9,8e-05,72850.01,1.56707,72850.02,0.00038,72850.03,0.00014,72850.73,7e-05,72851.09,0.00016,72851.1,0.02107,72851.45,7e-05,72851.46,7e-05,72851.68,0.00024,72851.69,0.00043,72850.005,0.00999999999476131,0.0013726835014989099,0.34714393437569,3.3820400000000004,1.5897,0.3605055775241667,0.0
2026-05-28 15:23:11.597199,72850.0,3.23215,72849.99,0.00062,72849.98,0.00014,72849.77,7e-05,72849.67,7e-05,72849.3,0.00016,72849.29,0.08161,72849.28,0.06584,72849.01,7e-05,72848.96,7e-05,72850.01,1.58938,72850.02,0.00056,72850.03,0.00014,72850.73,7e-05,72851.09,0.00024,72851.1,0.02107,72851.45,7e-05,72851.46,7e-05,72851.69,0.00051,72851.7,1.4305,72850.005,0.00999999999476131,0.0013726835014989099,0.3407154990220946,3.3808000000000002,3.04261,0.05264960511628565,0.0
2026-05-28 15:23:12.595391,72850.0,1.26356,72849.99,0.00078,72849.98,0.00014,72849.77,7e-05,72849.67,7e-05,72849.52,0.00205,72849.3,8e-05,72849.28,7e-05,72849.01,7e-05,72848.96,7e-05,72850.01,3.02191,72850.02,0.00056,72850.03,0.00033,72850.71,0.00024,72850.72,0.06486,72850.73,7e-05,72851.08,8e-05,72851.09,0.00016,72851.1,0.02107,72851.42,0.00016,72850.005,0.00999999999476131,0.0013726835014989099,-0.4103050540547478,1.2669600000000003,3.10944,-0.4210035645736221,0.0
2026-05-28 15:23:12.769197,72850.0,1.12387,72849.99,0.00078,72849.98,0.00014,72849.77,7e-05,72849.67,7e-05,72849.52,0.00205,72849.3,8e-05,72849.28,7e-05,72849.01,7e-05,72848.96,7e-05,72850.01,3.27222,72850.02,0.00056,72850.03,0.00033,72850.47,0.004,72850.71,0.00024,72850.72,0.06486,72850.73,7e-05,72851.08,8e-05,72851.09,0.00016,72851.1,0.02107,72850.005,0.00999999999476131,0.0013726835014989099,-0.48869563634957425,1.1272700000000002,3.36359,-0.49797143531528476,0.0
2026-05-28 15:23:13.459654,72842.71,0.36238,72842.7,0.0008,72842.16,8e-05,72842.0,0.00856,72841.6,8e-05,72841.58,7e-05,72841.48,0.00014,72841.47,8e-05,72840.44,8e-05,72840.24,7e-05,72842.72,5.23851,72842.73,0.00038,72842.74,0.00014,72842.97,0.00205,72843.15,0.004,72843.41,0.00016,72843.42,0.15301,72843.43,0.06501,72843.98,0.0013,72843.99,8e-05,72842.715,0.00999999999476131,0.0013728208777996963,-0.8705991369228819,0.3723400000000001,5.464639999999998,-0.8724203269498951,-0.00010006862731182231
2026-05-28 15:23:13.635373,72842.71,0.36238,72842.7,0.0008,72842.16,8e-05,72842.0,0.00856,72841.6,8e-05,72841.58,7e-05,72841.48,0.00014,72841.47,8e-05,72840.87,8e-05,72840.44,8e-05,72842.72,5.23851,72842.73,0.00038,72842.74,0.00014,72842.97,0.00205,72843.15,0.004,72843.41,0.00016,72843.42,0.15301,72843.43,0.06501,72843.98,0.0013,72843.99,8e-05,72842.715,0.00999999999476131,0.0013728208777996963,-0.8705991369228819,0.3723500000000001,5.464639999999998,-0.872417119097343,0.0
2026-05-28 15:23:14.403941,72842.71,0.36128,72842.7,0.00094,72842.69,0.00014,72842.16,8e-05,72842.0,0.00856,72841.6,8e-05,72841.58,7e-05,72841.48,7e-05,72840.24,7e-05,72840.02,0.00028,72842.72,5.20446,72842.73,0.00038,72842.74,0.00014,72842.97,0.00205,72843.15,0.004,72843.41,0.00024,72843.42,0.15301,72843.43,0.06501,72843.78,0.00149,72843.98,0.01398,72842.715,0.00999999999476131,0.0013728208777996963,-0.8701771911731414,0.37157000000000007,5.44476,-0.8722321463878424,0.0
2026-05-28 15:23:14.586054,72842.71,3.11635,72842.7,0.00062,72842.69,0.00014,72842.16,8e-05,72842.01,0.06052,72842.0,0.07326,72841.6,8e-05,72841.58,7e-05,72841.48,7e-05,72841.29,0.0647,72842.72,4.61062,72842.73,0.00038,72842.74,0.00014,72842.97,0.00205,72843.15,0.004,72843.41,0.00024,72843.42,0.05503,72843.43,0.0003,72843.78,0.00149,72843.98,0.00023,72842.715,0.00999999999476131,0.0013728208777996963,-0.19338369373764877,3.3158900000000004,4.67448,-0.17002842171263652,0.0
2026-05-28 15:23:15.071483,72842.71,3.47762,72842.7,0.00086,72842.69,0.00014,72842.16,8e-05,72842.02,0.00016,72842.01,0.06092,72842.0,0.07326,72841.6,8e-05,72841.58,7e-05,72841.48,7e-05,72842.72,2.6086,72842.73,0.00038,72842.74,0.00014,72842.97,0.00205,72843.43,7e-05,72843.78,8e-05,72843.98,7e-05,72844.01,0.004,72844.14,0.00014,72844.3,7e-05,72842.715,0.00999999999476131,0.0013728208777996963,0.14278484839522723,3.61326,2.6156,0.16016735004479146,0.0
2026-05-28 15:23:15.573610,72842.71,3.47754,72842.7,0.00094,72842.69,0.00014,72842.16,8e-05,72842.02,0.00016,72842.01,0.06092,72842.0,0.07326,72841.6,8e-05,72841.58,7e-05,72841.48,7e-05,72842.72,2.60861,72842.73,0.00038,72842.74,0.00014,72842.97,0.00205,72843.43,7e-05,72843.98,7e-05,72844.01,0.004,72844.14,0.00014,72844.3,7e-05,72844.51,8e-05,72842.715,0.00999999999476131,0.0013728208777996963,0.14277170296492853,3.61326,2.61561,0.16016548748007256,0.0
2026-05-28 15:23:16.095181,72842.71,3.77916,72842.7,0.0003,72842.69,0.00014,72842.55,0.04131,72842.16,8e-05,72842.01,0.06076,72842.0,0.07326,72841.85,0.09516,72841.6,8e-05,72841.58,7e-05,72842.72,0.03836,72842.73,0.00086,72842.74,0.00014,72842.97,0.00205,72843.43,7e-05,72843.98,7e-05,72844.01,0.01,72844.14,0.00014,72844.3,7e-05,72844.51,8e-05,72842.715,0.00999999999476131,0.0013728208777996963,0.9799031832184245,4.05032,0.051840000000000004,0.9747255104627806,0.0
2026-05-28 15:23:16.586167,72849.28,5.05163,72849.27,0.00038,72849.26,0.00014,72849.25,0.00024,72849.24,0.149,72849.02,0.00016,72849.01,0.04131,72848.64,0.004,72848.57,7e-05,72848.21,7e-05,72849.29,2.37897,72849.3,0.0028,72849.52,0.00205,72849.99,0.00016,72850.0,0.21635,72850.01,0.20325,72850.04,0.00702,72850.96,0.00755,72851.46,7e-05,72851.48,0.00011,72849.285,0.00999999999476131,0.0013726970683049682,0.35968293273759866,5.247,2.81833,0.30112469049623514,9.019433171886249e-05
2026-05-28 15:23:17.115133,72849.28,4.8684,72849.27,0.00038,72849.26,0.00014,72849.25,0.00024,72849.24,0.149,72849.02,0.00016,72849.01,0.04131,72848.64,0.004,72848.57,7e-05,72848.21,7e-05,72849.29,2.3785,72849.3,0.0028,72849.52,0.00205,72849.99,0.00016,72850.0,0.21635,72850.01,0.20025,72850.04,0.00702,72850.96,0.00755,72851.46,0.00144,72851.48,0.00011,72849.285,0.00999999999476131,0.0013726970683049682,0.3435813934233949,5.06377,2.81623,0.2852208121827411,0.0
2026-05-28 15:23:17.578644,72849.28,4.86847,72849.27,0.00038,72849.26,0.0003,72849.25,0.09716,72849.24,0.149,72849.02,0.00016,72849.01,0.04131,72848.64,0.004,72848.57,7e-05,72848.21,7e-05,72849.29,2.06633,72849.3,0.00302,72849.31,0.00014,72849.34,8e-05,72849.35,0.0165,72849.52,0.00205,72849.99,0.00016,72850.0,0.21635,72850.01,0.20025,72850.04,0.00702,72849.285,0.00999999999476131,0.0013726970683049682,0.40406933148757,5.16092,2.5119,0.34524724938158335,0.0
2026-05-28 15:23:18.159943,72849.28,4.86882,72849.27,0.00038,72849.26,0.0003,72849.25,0.09716,72849.24,0.149,72849.02,0.00016,72849.01,0.04131,72848.64,0.004,72848.57,7e-05,72848.21,7e-05,72849.29,2.35704,72849.3,0.0032,72849.31,0.00014,72849.43,0.01684,72849.52,0.00205,72849.99,0.00016,72850.0,0.21635,72850.01,0.20172,72850.04,0.00694,72851.06,0.00751,72849.285,0.00999999999476131,0.0013726970683049682,0.34760983467711803,5.16127,2.8119500000000004,0.294651345378655,0.0
2026-05-28 15:23:18.606033,72853.32,8.87942,72853.31,0.00038,72853.3,0.00014,72853.2,9e-05,72852.62,0.14595,72852.61,0.13911,72852.59,0.00566,72852.57,0.00566,72852.55,8e-05,72852.3,0.004,72853.33,0.40641,72853.34,0.00072,72853.76,8e-05,72853.98,8e-05,72854.0,0.0014,72854.01,0.00716,72854.55,8e-05,72855.2,7e-05,72855.3,0.00185,72855.59,0.00132,72853.32500000001,0.00999999999476131,0.0013726209469178392,0.9124666292620047,9.18049,0.4191700000000001,0.9126698237229236,5.545696158870683e-05
2026-05-28 15:23:19.096019,72853.32,8.16803,72853.31,0.00038,72853.3,0.00014,72853.2,9e-05,72853.03,0.01657,72852.62,0.14595,72852.61,0.06482,72852.55,8e-05,72852.3,0.004,72852.07,0.09909,72853.33,0.56,72853.34,0.00072,72853.76,8e-05,72853.98,8e-05,72854.0,0.0014,72854.01,0.00716,72854.55,8e-05,72855.2,7e-05,72855.3,0.00185,72855.59,0.00132,72853.32500000001,0.00999999999476131,0.0013726209469178392,0.8716778012907838,8.499149999999998,0.5727599999999999,0.8737289060407345,0.0
2026-05-28 15:23:19.570641,72853.32,8.16803,72853.31,0.00038,72853.3,0.00014,72853.2,9e-05,72853.03,0.01657,72852.63,8e-05,72852.62,0.14595,72852.61,0.06482,72852.55,8e-05,72852.3,0.004,72853.33,0.56014,72853.34,0.00086,72853.35,0.00014,72853.76,8e-05,72853.98,8e-05,72854.0,0.0014,72854.01,0.00716,72854.55,8e-05,72855.2,7e-05,72855.3,0.00185,72853.32500000001,0.00999999999476131,0.0013726209469178392,0.8716477795459987,8.400139999999999,0.5718599999999998,0.8725234061524745,0.0
2026-05-28 15:23:20.082865,72853.32,8.16026,72853.31,0.00038,72853.3,0.00014,72853.2,9e-05,72853.03,0.01657,72852.63,8e-05,72852.62,0.14595,72852.61,0.06482,72852.55,8e-05,72852.3,0.004,72853.33,0.50455,72853.34,0.00112,72853.35,0.00014,72853.76,8e-05,72853.98,8e-05,72854.0,0.0014,72854.01,0.00716,72854.55,0.00066,72855.2,7e-05,72855.3,0.00185,72853.32500000001,0.00999999999476131,0.0013726209469178392,0.8835404353932746,8.392369999999998,0.51711,0.8839191512860458,0.0
2026-05-28 15:23:20.577784,72853.32,8.15988,72853.31,0.00038,72853.3,0.00014,72853.2,9e-05,72853.03,0.01657,72852.63,8e-05,72852.62,0.14595,72852.61,0.06482,72852.55,8e-05,72852.3,0.004,72853.33,0.50537,72853.34,0.00112,72853.35,0.00014,72853.76,8e-05,72853.98,8e-05,72854.0,0.0014,72854.01,0.00716,72854.55,0.00066,72855.2,7e-05,72855.3,0.00185,72853.32500000001,0.00999999999476131,0.0013726209469178392,0.8833570872161797,8.391989999999998,0.51793,0.8837408192217214,0.0
2026-05-28 15:23:21.092864,72853.32,7.94989,72853.31,0.00038,72853.3,0.00014,72853.2,9e-05,72853.04,0.00016,72853.03,0.01657,72852.63,0.00024,72852.62,0.09022,72852.61,7e-05,72852.55,8e-05,72853.33,1.83969,72853.34,0.00112,72853.35,0.00033,72853.76,8e-05,72853.98,8e-05,72854.0,0.0014,72854.01,0.00716,72854.55,0.00066,72855.2,7e-05,72855.3,0.00185,72853.32500000001,0.00999999999476131,0.0013726209469178392,0.6241534366132152,8.057839999999999,1.8524400000000003,0.6261578885763065,0.0
2026-05-28 15:23:21.584121,72853.32,7.9726,72853.31,0.00094,72853.3,0.00014,72853.2,9e-05,72853.04,0.00016,72853.03,0.01657,72852.63,0.00024,72852.62,0.09022,72852.61,7e-05,72852.55,8e-05,72853.33,1.83881,72853.34,0.0012,72853.35,0.00033,72853.76,8e-05,72853.98,8e-05,72854.0,0.0014,72854.01,0.00716,72854.55,0.00066,72855.2,7e-05,72855.3,0.00185,72853.32500000001,0.00999999999476131,0.0013726209469178392,0.6251690633660196,8.081109999999999,1.8516400000000004,0.6271646824897434,0.0
2026-05-28 15:23:22.078608,72853.32,2.00079,72853.31,0.00094,72853.3,0.00014,72853.04,0.00016,72853.03,0.00016,72852.63,0.00024,72852.62,0.00016,72852.61,7e-05,72852.55,8e-05,72852.03,0.00016,72853.33,2.42608,72853.34,0.00112,72853.35,0.00033,72853.76,8e-05,72853.98,8e-05,72854.0,0.0014,72854.01,0.00716,72854.06,0.06582,72854.55,0.00066,72854.79,0.06582,72853.32500000001,0.00999999999476131,0.0013726209469178392,-0.0960701353326391,2.0029000000000003,2.5685499999999992,-0.12373535749051152,0.0
2026-05-28 15:23:22.585276,72843.5,1.70263,72843.49,0.00078,72843.48,0.00021,72843.46,8e-05,72843.44,0.00016,72843.43,0.25749,72843.42,0.61546,72842.73,8e-05,72842.72,0.00016,72842.71,0.13234,72843.51,2.72528,72843.52,0.00038,72843.53,0.00014,72843.98,7e-05,72844.04,0.00016,72844.05,0.04059,72844.22,0.00016,72844.23,0.06056,72844.24,7e-05,72844.97,7e-05,72843.505,0.00999999999476131,0.0013728059893275742,-0.23095546205772022,2.7093900000000004,2.8274800000000004,-0.021327934374475114,-0.00013479137705807442
2026-05-28 15:23:23.100349,72843.5,2.43896,72843.49,0.00094,72843.48,0.00021,72843.46,0.45113,72843.45,0.40491,72843.44,0.06501,72843.43,8e-05,72843.42,0.61546,72843.15,0.004,72842.71,0.13234,72843.51,0.84444,72843.52,0.00038,72843.53,0.00014,72843.98,7e-05,72844.04,0.00016,72844.05,0.04059,72844.24,7e-05,72844.97,7e-05,72845.7,7e-05,72846.18,0.00016,72843.505,0.00999999999476131,0.0013728059893275742,0.48563074861424127,4.11304,0.8861500000000002,0.6454825681760443,0.0
2026-05-28 15:23:23.624392,72843.5,2.43993,72843.49,0.00086,72843.48,0.00021,72843.46,0.45113,72843.45,0.40499,72843.44,0.06509,72843.43,8e-05,72843.42,0.61546,72843.15,0.00562,72842.71,0.13234,72843.51,0.82479,72843.52,0.00038,72843.53,0.00014,72843.98,7e-05,72844.01,0.004,72844.04,0.00024,72844.05,0.04059,72844.24,7e-05,72844.51,8e-05,72844.97,7e-05,72843.505,0.00999999999476131,0.0013728059893275742,0.4947254282143644,4.11571,0.8704300000000001,0.6508601844312434,0.0
2026-05-28 15:23:24.101772,72843.5,2.45847,72843.49,0.00094,72843.48,1.20492,72843.47,2.46201,72843.45,0.40499,72843.44,0.06509,72843.43,8e-05,72843.42,0.61546,72843.15,0.00547,72843.07,0.00205,72843.51,0.82279,72843.52,0.00038,72843.53,0.00014,72843.98,7e-05,72844.01,0.004,72844.04,0.00024,72844.05,0.04059,72844.14,0.01375,72844.24,7e-05,72844.51,8e-05,72843.505,0.00999999999476131,0.0013728059893275742,0.49849143316896566,7.219479999999998,0.8821100000000002,0.7822378076402287,0.0
2026-05-28 15:23:24.586906,72843.5,2.45815,72843.49,0.00094,72843.48,1.20492,72843.47,2.46201,72843.45,0.40499,72843.44,0.06509,72843.43,8e-05,72843.42,0.61546,72843.15,0.00563,72843.07,0.00205,72843.51,0.82272,72843.52,0.00038,72843.53,0.00014,72843.98,7e-05,72844.01,0.004,72844.04,0.00024,72844.05,0.04059,72844.24,7e-05,72844.51,8e-05,72844.97,7e-05,72843.505,0.00999999999476131,0.0013728059893275742,0.4984744899980798,7.219319999999998,0.8683600000000001,0.7852635119094721,0.0
2026-05-28 15:23:25.327916,72843.5,2.44249,72843.49,0.00102,72843.48,1.22837,72843.47,2.46201,72843.46,0.00016,72843.45,0.40499,72843.43,0.00016,72843.42,0.61546,72843.15,0.00553,72843.07,0.00205,72843.51,2.03369,72843.52,0.00086,72843.53,0.00014,72843.98,7e-05,72844.01,0.01016,72844.04,0.00024,72844.05,0.04059,72844.24,7e-05,72844.51,8e-05,72844.66,0.00702,72843.505,0.00999999999476131,0.0013728059893275742,0.09132787332055456,7.162239999999999,2.0929199999999994,0.547729050605284,0.0
2026-05-28 15:23:25.579245,72843.5,2.44189,72843.49,0.00102,72843.48,1.22837,72843.47,2.46201,72843.46,0.00016,72843.45,0.40499,72843.43,0.00016,72843.42,0.61546,72843.15,0.00553,72843.07,0.00205,72843.51,2.02429,72843.52,0.00086,72843.53,0.00014,72843.98,7e-05,72844.01,0.01016,72844.04,0.00024,72844.05,0.04059,72844.24,7e-05,72844.51,8e-05,72844.66,0.00702,72843.505,0.00999999999476131,0.0013728059893275742,0.0935027249237603,7.161639999999999,2.0835199999999996,0.5492733495147732,0.0
2026-05-28 15:23:26.073775,72843.5,2.44336,72843.49,0.06558,72843.48,1.22821,72843.47,2.46201,72843.45,0.40499,72843.42,0.61546,72843.15,0.00553,72843.07,0.00205,72842.71,0.13234,72842.16,8e-05,72843.51,1.74246,72843.52,0.00086,72843.53,0.00014,72843.98,7e-05,72844.01,0.01016,72844.04,0.00024,72844.05,0.04059,72844.24,7e-05,72844.51,8e-05,72844.66,0.00702,72843.505,0.00999999999476131,0.0013728059893275742,0.1674462829266429,7.35961,1.80169,0.6066737253446564,0.0
2026-05-28 15:23:26.575597,72843.5,2.48552,72843.49,0.06518,72843.48,1.22821,72843.47,2.46201,72843.45,0.40499,72843.42,0.61546,72843.15,0.004,72843.07,0.00205,72842.71,0.13369,72842.16,8e-05,72843.51,0.32904,72843.52,0.00094,72843.53,0.00014,72843.98,7e-05,72844.01,0.01016,72844.05,0.00016,72844.24,7e-05,72844.51,8e-05,72844.66,0.00016,72844.97,7e-05,72843.505,0.00999999999476131,0.0013728059893275742,0.7661872548462282,7.401189999999997,0.34089,0.9119383938166488,0.0
2026-05-28 15:23:27.106437,72843.5,1.72103,72843.49,0.0655,72843.48,0.00045,72843.47,0.00016,72843.46,0.43398,72843.45,0.40499,72843.43,0.00016,72843.42,0.61546,72843.15,0.00531,72843.07,0.00205,72843.51,2.07362,72843.52,0.00094,72843.53,0.00014,72843.98,7e-05,72844.01,0.01016,72844.24,7e-05,72844.51,8e-05,72844.97,7e-05,72845.09,0.00702,72845.1,0.04908,72843.505,0.00999999999476131,0.0013728059893275742,-0.09291766039028632,3.2490900000000007,2.14125,0.2055232137490401,0.0
2026-05-28 15:23:27.637240,72843.5,0.29812,72843.49,0.00093,72843.48,0.00021,72843.46,0.00016,72843.45,0.00016,72843.43,0.00024,72843.42,0.02388,72843.07,0.00205,72842.71,0.00021,72842.16,8e-05,72843.51,3.14793,72843.52,0.00038,72843.53,0.00014,72843.83,0.00028,72843.98,7e-05,72844.01,0.01016,72844.21,0.00016,72844.22,0.11492,72844.23,0.06479,72844.24,7e-05,72843.505,0.00999999999476131,0.0013728059893275742,-0.8269787147603779,0.32604,3.3389,-0.8220762140717175,0.0
2026-05-28 15:23:28.066195,72837.22,1.22399,72837.21,0.00072,72836.79,0.00011,72836.57,0.00016,72836.56,0.01705,72836.5,0.00023,72836.49,0.06575,72836.11,0.00544,72836.05,0.00408,72836.04,0.06584,72837.23,2.18146,72837.24,0.00038,72837.25,0.00014,72837.4,0.00205,72837.93,0.00016,72837.94,0.07139,72837.95,0.06495,72838.18,0.00016,72838.19,0.04064,72838.66,0.00016,72837.225,0.00999999999476131,0.001372924352178616,-0.281158143563993,1.38337,2.3614900000000003,-0.26119000443274254,-8.621221617488573e-05
2026-05-28 15:23:28.888742,72837.22,2.05722,72837.21,0.00056,72836.79,0.00011,72836.57,0.00016,72836.56,0.01705,72836.5,0.00023,72836.49,0.06575,72836.11,0.00544,72836.05,0.00416,72836.04,0.06736,72837.23,1.83436,72837.24,0.00038,72837.25,0.00014,72837.4,0.00205,72837.95,0.00014,72838.18,0.01793,72838.19,0.05805,72838.67,0.00015,72839.39,7e-05,72839.42,0.05932,72837.225,0.00999999999476131,0.001372924352178616,0.05726722822092827,2.2180400000000002,1.9725900000000003,0.05857114562726844,0.0
2026-05-28 15:23:29.102765,72837.22,2.05535,72837.21,0.00056,72836.79,0.00011,72836.57,0.00016,72836.56,0.01705,72836.5,0.00023,72836.49,0.06575,72836.11,0.00544,72836.05,0.00416,72836.04,0.06584,72837.23,1.83521,72837.24,0.00038,72837.25,0.00014,72837.4,0.00205,72837.6,0.00016,72837.61,0.01375,72837.95,0.00014,72838.17,0.00016,72838.18,0.01809,72838.19,0.05812,72837.225,0.00999999999476131,0.001372924352178616,0.05658311399901294,2.2146500000000002,1.9282,0.0691432226607288,0.0
2026-05-28 15:23:29.595016,72837.22,2.05571,72837.21,0.0007,72837.2,0.00014,72836.79,0.00011,72836.56,0.01705,72836.5,7e-05,72836.49,0.06575,72836.11,0.00544,72836.05,0.004,72836.04,0.06568,72837.23,1.34478,72837.24,0.00038,72837.25,0.00014,72837.4,0.00205,72837.6,0.00016,72837.61,0.01391,72837.95,0.00014,72838.01,0.004,72838.18,0.00024,72838.19,0.05791,72837.225,0.00999999999476131,0.001372924352178616,0.2090669285897032,2.21465,1.4237100000000003,0.21738915335480807,0.0
2026-05-28 15:23:30.095247,72837.22,2.07187,72837.21,0.00062,72837.2,0.00014,72836.79,0.00011,72836.57,0.00016,72836.56,0.01705,72836.5,0.00023,72836.49,0.06575,72836.05,0.00416,72836.04,0.06584,72837.23,1.56433,72837.24,0.0019,72837.25,0.00014,72837.4,0.00205,72837.95,0.00014,72838.01,0.004,72838.18,0.00024,72838.19,0.05791,72838.67,0.00015,72839.39,7e-05,72837.225,0.00999999999476131,0.001372924352178616,0.13957978109014907,2.2259300000000004,1.6309300000000002,0.15427057243457115,0.0
2026-05-28 15:23:30.569014,72837.22,2.07384,72837.21,0.00062,72837.2,0.00014,72836.79,0.00011,72836.57,0.00016,72836.56,0.01705,72836.5,0.00023,72836.49,0.06575,72836.05,0.00416,72836.04,0.06584,72837.23,1.49272,72837.24,0.0019,72837.25,0.00014,72837.4,0.00205,72837.95,0.00014,72838.01,0.004,72838.18,0.00024,72838.19,0.05784,72838.67,0.00015,72839.39,7e-05,72837.225,0.00999999999476131,0.001372924352178616,0.16293571396527748,2.2279000000000004,1.5592500000000005,0.17655756967640568,0.0
2026-05-28 15:23:31.561826,72837.22,2.04768,72837.21,0.00062,72837.2,0.00014,72836.79,0.00011,72836.57,0.00016,72836.56,0.01705,72836.5,0.00023,72836.49,0.06575,72836.05,0.00416,72836.04,0.06584,72837.23,1.49274,72837.24,0.00238,72837.25,0.00014,72837.4,0.00205,72837.95,0.00014,72838.01,0.004,72838.18,0.00024,72838.19,0.05784,72838.67,0.00015,72838.98,0.01391,72837.225,0.00999999999476131,0.001372924352178616,0.1567441151049876,2.2017400000000005,1.5735900000000003,0.16638280627123989,0.0
2026-05-28 15:23:31.755146,72837.22,2.04652,72837.21,0.00062,72837.2,0.00014,72836.79,0.00011,72836.57,0.00016,72836.56,0.01705,72836.5,0.00023,72836.49,0.06575,72836.05,0.00416,72836.04,0.06584,72837.23,1.48863,72837.24,0.00238,72837.25,0.00014,72837.4,0.00205,72837.95,0.00014,72838.01,0.004,72838.18,0.00024,72838.19,0.05784,72838.67,0.00015,72838.98,0.01391,72837.225,0.00999999999476131,0.001372924352178616,0.15781225690564765,2.2005800000000004,1.5694800000000004,0.16739786634695464,0.0
2026-05-28 15:23:32.136226,72837.22,2.0461,72837.21,0.00062,72837.2,0.00014,72836.79,0.00011,72836.57,0.00016,72836.56,0.01705,72836.5,0.00023,72836.49,0.06575,72836.05,0.00416,72836.04,0.06584,72837.23,1.48863,72837.24,0.00238,72837.25,0.00014,72837.4,0.00205,72837.95,0.00014,72838.01,0.004,72838.18,0.00024,72838.19,0.05784,72838.67,0.00015,72838.98,0.01391,72837.225,0.00999999999476131,0.001372924352178616,0.15771218735235795,2.2001600000000003,1.5694800000000004,0.16730510075232644,0.0
2026-05-28 15:23:32.639298,72837.22,2.04599,72837.21,0.00062,72837.2,0.00014,72836.79,0.00011,72836.57,0.00016,72836.56,0.01705,72836.5,0.00023,72836.49,0.06575,72836.05,0.00416,72836.04,0.06584,72837.23,1.48672,72837.24,0.00238,72837.25,0.00014,72837.4,0.00205,72837.95,0.00014,72838.01,0.004,72838.18,0.00024,72838.19,0.05784,72838.67,0.00015,72838.98,0.01391,72837.225,0.00999999999476131,0.001372924352178616,0.15831189087131411,2.2000500000000005,1.5675700000000004,0.16787255614950553,0.0
2026-05-28 15:23:33.087060,72837.22,2.04296,72837.21,0.00062,72837.2,0.00014,72836.79,0.00011,72836.57,0.00016,72836.56,0.01705,72836.5,0.00023,72836.49,0.06575,72836.05,0.004,72836.04,0.06568,72837.23,1.48461,72837.24,0.00246,72837.25,0.00014,72837.4,0.00205,72837.95,0.00014,72838.01,0.004,72838.18,0.00024,72838.19,0.05784,72838.67,0.00015,72838.98,0.01391,72837.225,0.00999999999476131,0.001372924352178616,0.15828176336685024,2.1967,1.5655400000000004,0.16776175895211348,0.0
2026-05-28 15:23:33.615582,72837.22,1.97418,72837.21,0.00062,72837.2,0.00014,72836.79,0.00011,72836.57,0.00016,72836.56,0.01705,72836.5,0.00023,72836.49,0.06575,72836.05,0.00416,72836.04,0.06584,72837.23,1.57034,72837.24,0.00246,72837.25,0.00014,72837.4,0.00205,72837.95,0.00014,72838.01,0.004,72838.18,0.00024,72838.19,0.05784,72838.67,0.00015,72838.98,0.01391,72837.225,0.00999999999476131,0.001372924352178616,0.11393362147766127,2.1282400000000004,1.6512700000000002,0.1261988987990507,0.0
2026-05-28 15:23:34.082736,72837.22,1.97157,72837.21,0.0003,72837.2,0.00014,72836.79,0.00011,72836.56,0.01705,72836.5,7e-05,72836.49,0.06575,72836.05,0.004,72836.04,0.06568,72836.03,1.20919,72837.23,1.50132,72837.24,0.00246,72837.25,0.00014,72837.4,0.00205,72837.95,0.00014,72838.01,0.004,72838.18,0.00024,72838.19,0.05784,72838.67,0.00149,72838.98,0.01391,72837.225,0.00999999999476131,0.001372924352178616,0.13540595872601782,3.33386,1.58359,0.3559304110870471,0.0
2026-05-28 15:23:34.573812,72837.22,1.97205,72837.21,0.00062,72837.2,0.00014,72836.79,0.00011,72836.56,0.01705,72836.5,7e-05,72836.49,0.06575,72836.05,0.004,72836.04,0.06568,72836.03,1.20919,72837.23,1.50131,72837.24,0.00246,72837.25,0.00014,72837.4,0.00205,72837.95,0.00014,72838.01,0.004,72838.18,0.00024,72838.19,0.05784,72838.67,0.00149,72838.98,0.01391,72837.225,0.00999999999476131,0.001372924352178616,0.13552870995232286,3.3346600000000004,1.58358,0.35603793226845376,0.0
2026-05-28 15:23:35.104580,72837.22,1.97197,72837.21,0.00062,72837.2,0.00014,72836.79,0.00011,72836.56,0.01705,72836.5,7e-05,72836.49,0.06575,72836.05,0.004,72836.04,0.06568,72836.03,1.20919,72837.23,1.50131,72837.24,0.00246,72837.25,0.00014,72837.4,0.00205,72837.95,0.00014,72838.01,0.004,72838.18,0.00024,72838.19,0.05784,72838.67,0.00149,72838.98,0.01391,72837.225,0.00999999999476131,0.001372924352178616,0.13550879859959464,3.3345800000000003,1.58358,0.3560274574231014,0.0
2026-05-28 15:23:35.615833,72837.22,1.97229,72837.21,0.00062,72837.2,0.00014,72836.79,0.00011,72836.57,0.00016,72836.56,0.01705,72836.5,0.00023,72836.49,0.06575,72836.05,0.00416,72836.04,0.06584,72837.23,1.5021,72837.24,0.00246,72837.25,0.00014,72837.4,0.00205,72837.95,0.00014,72838.01,0.004,72838.18,0.00024,72838.19,0.05791,72838.67,0.00149,72838.98,0.01391,72837.225,0.00999999999476131,0.001372924352178616,0.13533023063041286,2.1263500000000004,1.58444,0.14603628876869892,0.0
2026-05-28 15:23:36.093018,72837.22,1.971,72837.21,0.00062,72837.2,0.00014,72836.79,0.00011,72836.57,0.00016,72836.56,0.01705,72836.5,0.00023,72836.49,0.06575,72836.05,0.00416,72836.04,0.06584,72837.23,1.50194,72837.24,0.00246,72837.25,0.00014,72837.4,0.00205,72837.95,0.00014,72838.01,0.004,72838.18,0.00024,72838.19,0.05791,72838.67,0.00149,72838.98,0.01391,72837.225,0.00999999999476131,0.001372924352178616,0.13506136011563688,2.1250600000000004,1.5842800000000001,0.14578873869745027,0.0
2026-05-28 15:23:36.588696,72837.22,1.97064,72837.21,0.00062,72837.2,0.00014,72836.79,0.00011,72836.57,0.00016,72836.56,0.01705,72836.5,0.00023,72836.49,0.06575,72836.05,0.00416,72836.04,0.06584,72837.23,1.50194,72837.24,0.00246,72837.25,0.00014,72837.4,0.00205,72837.95,0.00014,72838.01,0.004,72838.18,0.00024,72838.19,0.05791,72838.67,0.00149,72838.98,0.01391,72837.225,0.00999999999476131,0.001372924352178616,0.13497169251680305,2.1247000000000003,1.5842800000000001,0.14570582747817462,0.0
2026-05-28 15:23:37.107477,72837.22,2.84514,72837.21,0.0003,72837.2,0.00014,72836.79,0.00011,72836.56,0.01705,72836.5,7e-05,72836.49,0.06575,72836.05,0.004,72836.04,0.06568,72836.03,1.20919,72837.23,0.22756,72837.24,0.00238,72837.25,0.00014,72837.4,0.00205,72837.95,0.00014,72838.01,0.004,72838.18,0.00024,72838.19,0.04078,72838.67,0.00149,72838.98,0.01391,72837.225,0.00999999999476131,0.001372924352178616,0.8518827090181273,4.20743,0.29268999999999995,0.869919024381572,0.0
2026-05-28 15:23:37.651035,72843.68,6.8299,72843.67,0.00061,72843.66,0.00014,72843.61,0.00205,72843.51,2.04978,72843.5,0.39977,72843.49,0.00023,72843.15,0.004,72842.77,0.0655,72842.04,0.06543,72843.69,0.07726,72843.7,0.00064,72843.98,7e-05,72844.0,0.0014,72844.01,0.00716,72844.52,0.003,72844.91,0.00205,72845.13,0.00016,72845.44,0.00702,72845.63,0.00042,72843.685,0.010000000009313226,0.001372802599060334,0.977629011055195,9.41741,0.09917999999999999,0.9791563995086474,8.869091319718692e-05
2026-05-28 15:23:38.082301,72843.68,6.11635,72843.67,0.00061,72843.66,0.00014,72843.61,0.00205,72843.52,1.96855,72843.5,2.52692,72843.49,0.00075,72843.15,0.004,72842.77,0.06573,72842.3,0.13736,72843.69,0.13444,72843.7,0.00072,72843.98,7e-05,72844.0,0.0014,72844.01,0.00716,72844.52,0.003,72844.91,0.00205,72845.44,0.00702,72845.56,0.00024,72845.57,0.07445,72843.685,0.010000000009313226,0.001372802599060334,0.9569846371418653,10.82246,0.23054999999999998,0.9582828568869477,0.0
2026-05-28 15:23:38.636277,72843.68,7.28824,72843.67,0.00061,72843.66,0.00014,72843.61,0.00205,72843.52,1.96855,72843.5,2.52692,72843.49,0.00075,72843.15,0.004,72842.77,0.06712,72842.33,8e-05,72843.69,0.13453,72843.7,0.00056,72843.98,7e-05,72844.0,0.0014,72844.01,0.00716,72844.91,0.00205,72845.44,0.00702,72845.63,0.00042,72845.67,0.00024,72845.68,0.07437,72843.685,0.010000000009313226,0.001372802599060334,0.9637520763811893,11.85846,0.22782000000000002,0.9623010554115907,0.0
2026-05-28 15:23:39.100305,72843.68,7.28832,72843.67,0.00061,72843.66,0.00014,72843.61,0.00205,72843.52,1.96847,72843.51,8e-05,72843.5,2.52692,72843.49,0.00075,72843.15,0.004,72842.77,0.06573,72843.69,0.13274,72843.7,0.00056,72843.98,7e-05,72844.0,0.0014,72844.01,0.00716,72844.91,0.00205,72845.44,0.00702,72845.63,0.00042,72845.67,0.00024,72845.68,0.07437,72843.685,0.010000000009313226,0.001372802599060334,0.96422613481093,11.85707,0.22603,0.9625874154811266,0.0
2026-05-28 15:23:39.617851,72845.67,4.85213,72845.66,0.00161,72845.65,0.08887,72845.62,7e-05,72845.4,0.04135,72844.98,0.004,72844.95,0.06449,72844.52,8e-05,72844.26,0.13735,72844.23,0.06449,72845.68,0.00123,72845.69,0.00086,72845.7,0.00014,72845.83,8e-05,72846.0,0.00345,72846.01,0.00716,72846.78,0.00027,72847.41,0.004,72847.72,7e-05,72847.99,7e-05,72845.67499999999,0.00999999999476131,0.0013727650948064263,0.9994931346531064,5.25444,0.017329999999999998,0.9934253580865628,2.7318771695705735e-05
2026-05-28 15:23:40.070945,72853.08,5.98012,72853.07,0.00022,72853.06,0.00014,72852.35,0.06508,72852.3,0.004,72852.01,5.96267,72852.0,0.86978,72851.96,0.00205,72851.56,0.04119,72851.46,7e-05,72853.09,0.64168,72853.1,0.00056,72853.17,8e-05,72853.23,7e-05,72853.31,0.00023,72853.32,0.7922,72853.33,0.27423,72853.45,0.00026,72853.76,8e-05,72853.98,0.00024,72853.08499999999,0.00999999999476131,0.0013726254687445715,0.8061916699386874,12.92532,1.70963,0.7663633972101032,0.00010172189357859907
2026-05-28 15:23:40.611449,72853.08,5.88221,72853.07,0.00038,72853.06,0.00014,72852.35,0.06538,72852.3,0.004,72852.03,0.81266,72852.02,8e-05,72852.01,2.88745,72852.0,0.51501,72851.96,0.00205,72853.09,0.36242,72853.1,0.00056,72853.17,8e-05,72853.23,7e-05,72853.31,0.00023,72853.32,0.7922,72853.33,0.2743,72853.45,0.00026,72853.76,8e-05,72853.98,8e-05,72853.08499999999,0.00999999999476131,0.0013726254687445715,0.8839258691067364,10.16936,1.4302800000000002,0.7533923466590343,0.0
2026-05-28 15:23:41.111127,72853.32,7.39628,72853.31,1.43635,72853.3,0.00014,72853.2,9e-05,72853.08,0.37451,72852.35,0.06531,72852.3,0.004,72852.02,8e-05,72852.01,2.59714,72852.0,0.44899,72853.33,0.27537,72853.34,0.00086,72853.76,8e-05,72853.98,8e-05,72854.0,0.0014,72854.01,0.00716,72854.55,0.00058,72854.73,8e-05,72855.2,7e-05,72855.3,0.00185,72853.32500000001,0.00999999999476131,0.0013726209469178392,0.9282110106691521,12.322890000000001,0.2875300000000002,0.9543980295660255,3.294301126999244e-06
2026-05-28 15:23:41.581551,72853.32,10.41578,72853.31,1.43635,72853.3,0.00014,72853.2,9e-05,72853.08,0.37451,72852.35,0.06538,72852.3,0.004,72852.03,0.13726,72852.02,0.00149,72852.01,2.59572,72853.33,0.15252,72853.34,0.00086,72853.76,8e-05,72853.98,8e-05,72854.0,0.0014,72854.01,0.00716,72854.55,0.00058,72854.73,8e-05,72855.2,7e-05,72855.3,0.00185,72853.32500000001,0.00999999999476131,0.0013726209469178392,0.9711363227766053,15.030719999999999,0.16467999999999997,0.9783250194137699,0.0
2026-05-28 15:23:42.091055,72855.79,6.47907,72855.78,0.00534,72855.77,0.00014,72855.59,8e-05,72855.58,0.29467,72855.2,7e-05,72855.19,0.27138,72855.05,0.06626,72854.35,0.13885,72854.31,0.06626,72855.8,0.11636,72855.81,0.00072,72855.92,0.00094,72856.0,0.0014,72856.01,0.00716,72856.08,0.0002,72856.68,0.00205,72856.84,8e-05,72858.0,0.0014,72858.01,0.00716,72855.795,0.010000000009313226,0.001372574413512779,0.9647149617234964,7.322119999999999,0.13747,0.9631427464512123,3.39037374064155e-05
2026-05-28 15:23:42.659124,72858.0,2.61787,72857.99,0.00045,72857.98,0.00014,72857.79,0.004,72857.52,0.11368,72857.25,0.06685,72856.6,0.00016,72856.5,0.06685,72856.22,0.04282,72856.09,0.40507,72858.01,0.33264,72858.02,0.00064,72858.26,0.003,72858.41,0.0002,72858.94,7e-05,72859.33,0.00205,72859.46,0.07425,72859.97,8e-05,72859.98,7e-05,72860.0,0.0014,72858.005,0.00999999999476131,0.0013725327772509432,0.7745203371620499,3.31789,0.4144,0.7779379415854609,3.0333894510459203e-05
2026-05-28 15:23:43.086086,72863.02,4.53377,72863.01,0.00038,72863.0,0.00014,72862.88,0.06636,72862.68,7e-05,72861.93,0.06229,72861.61,8e-05,72861.6,0.13229,72861.45,0.00546,72861.42,0.07448,72863.03,0.53305,72863.04,0.00078,72863.05,0.00014,72864.0,0.0014,72864.01,0.00716,72864.18,8e-05,72864.28,0.00205,72865.18,0.00429,72865.46,0.00553,72866.0,0.0014,72863.025,0.00999999999476131,0.0013724382146858866,0.7895918939295257,4.87532,0.5558799999999999,0.7953012225659154,6.890114545399229e-05
2026-05-28 15:23:43.606884,72863.02,4.13045,72863.01,0.00038,72863.0,0.00014,72862.88,0.06636,72862.68,7e-05,72862.04,0.12123,72862.0,0.00616,72861.95,0.06229,72861.61,8e-05,72861.6,0.13229,72863.03,0.49978,72863.04,0.00078,72863.05,0.00014,72864.0,0.0014,72864.01,0.00716,72864.18,8e-05,72864.28,0.00205,72865.18,0.00429,72865.46,0.00553,72865.81,7e-05,72863.025,0.00999999999476131,0.0013724382146858866,0.7841230349248309,4.51945,0.5212800000000001,0.7931728142550781,0.0
2026-05-28 15:23:44.076918,72863.02,4.01255,72863.01,0.00038,72863.0,0.00014,72862.88,0.06636,72862.68,7e-05,72862.04,0.12116,72862.0,0.00616,72861.61,0.00146,72861.6,0.13229,72861.45,0.004,72863.03,0.53414,72863.04,0.00078,72863.05,0.00014,72864.0,0.0014,72864.01,0.00716,72864.18,8e-05,72864.28,0.00205,72865.18,0.00429,72865.46,0.00553,72865.81,7e-05,72863.025,0.00999999999476131,0.0013724382146858866,0.7650422615133208,4.34457,0.55564,0.7732178824989133,0.0
2026-05-28 15:23:44.668522,72863.02,3.75927,72863.01,0.00038,72863.0,0.00014,72862.89,0.00016,72862.88,0.06636,72862.68,7e-05,72862.05,0.00016,72862.04,0.12116,72862.0,0.01016,72861.61,0.00024,72863.03,1.77393,72863.04,0.00105,72863.05,0.00014,72864.0,0.0014,72864.01,0.00716,72864.18,8e-05,72864.28,0.00205,72864.44,0.00016,72864.45,0.07441,72865.18,0.00429,72863.025,0.00999999999476131,0.0013724382146858866,0.35880503144654086,3.9581,1.8646700000000003,0.359524762269504,0.0
2026-05-28 15:23:45.085564,72863.02,3.75799,72863.01,0.00038,72863.0,0.00014,72862.89,0.00016,72862.88,0.06636,72862.68,7e-05,72862.05,0.00016,72862.04,0.12116,72862.0,0.01146,72861.61,0.00024,72863.03,1.90369,72863.04,0.00113,72863.05,0.00014,72864.0,0.0014,72864.01,0.00716,72864.18,8e-05,72864.28,0.00205,72864.44,0.00016,72864.45,0.07448,72865.18,0.00429,72863.025,0.00999999999476131,0.0013724382146858866,0.32751762727670936,3.95812,1.9945800000000005,0.329857039662674,0.0
2026-05-28 15:23:45.578189,72863.02,3.79681,72863.01,0.00038,72863.0,0.00014,72862.99,0.03423,72862.88,0.06643,72862.68,7e-05,72862.45,0.06805,72862.04,0.12123,72862.0,0.01016,72861.8,0.07441,72863.03,0.5439,72863.04,0.00105,72863.05,0.00033,72864.0,0.0014,72864.01,0.00716,72864.18,8e-05,72864.28,0.00205,72864.45,7e-05,72865.18,0.00429,72865.46,0.00553,72863.025,0.00999999999476131,0.0013724382146858866,0.7493958361650513,4.17191,0.5658600000000001,0.7611281256793807,0.0
2026-05-28 15:23:46.097781,72866.62,6.67087,72866.61,0.00022,72866.6,0.00014,72866.42,7e-05,72866.41,3.72513,72866.01,0.00023,72865.99,0.47541,72865.47,8e-05,72865.46,1.77115,72865.45,0.94898,72866.63,0.00106,72866.64,0.00056,72866.67,0.00333,72867.21,0.00954,72867.6,8e-05,72867.67,0.003,72867.85,8e-05,72867.96,8e-05,72868.0,0.00182,72868.01,0.00716,72866.625,0.010000000009313226,0.001372370410913532,0.9996822508629437,13.59228,0.026709999999999998,0.9960775358525119,4.9407775754684025e-05
2026-05-28 15:23:46.574868,72871.1,8.59262,72871.09,0.00038,72871.08,0.00014,72870.66,0.12108,72870.6,0.004,72870.48,0.07455,72870.42,0.12283,72870.34,0.06766,72870.16,7e-05,72870.15,0.13831,72871.11,0.0011,72871.12,0.0008,72871.52,8e-05,72872.0,0.0014,72872.01,0.00716,72872.07,0.00019,72873.72,0.00543,72873.9,7e-05,72874.0,0.0014,72874.01,0.00716,72871.10500000001,0.00999999999476131,0.0013722860377595905,0.9997439991063244,9.12164,0.02479,0.9945793058056532,6.148219435186952e-05
2026-05-28 15:23:47.101037,72871.1,7.08022,72871.09,0.00038,72871.08,0.00014,72870.66,0.12108,72870.6,0.004,72870.48,7e-05,72870.34,0.06766,72870.16,7e-05,72870.15,0.13838,72870.07,7e-05,72871.11,0.25039,72871.12,0.00096,72871.52,8e-05,72872.0,0.0014,72872.01,0.00716,72872.07,0.00019,72872.35,0.00702,72873.21,0.00024,72873.22,0.07448,72873.72,0.00543,72871.10500000001,0.00999999999476131,0.0013722860377595905,0.9316864490131107,7.412069999999999,0.3473500000000001,0.9104701124568587,0.0
2026-05-28 15:23:47.585902,72871.1,6.71481,72871.09,0.00038,72871.08,0.00014,72870.67,0.00016,72870.66,0.12108,72870.48,7e-05,72870.39,0.00016,72870.38,0.01677,72870.35,0.00016,72870.34,0.06766,72871.11,2.50595,72871.12,0.00118,72871.13,0.00014,72871.52,8e-05,72872.0,0.0014,72872.01,0.00716,72872.07,0.00019,72872.35,0.00702,72873.21,8e-05,72873.22,7e-05,72871.10500000001,0.00999999999476131,0.0013722860377595905,0.45645478246912397,6.921390000000001,2.5232699999999997,0.4656726658238624,0.0
2026-05-28 15:23:48.094049,72856.0,0.01023,72855.99,0.00072,72855.96,0.00159,72855.2,7e-05,72854.54,8e-05,72854.0,0.00856,72853.96,7e-05,72853.76,8e-05,72853.47,8e-05,72853.17,8e-05,72856.01,5.5647,72856.02,0.00038,72856.03,0.00014,72856.77,0.00016,72856.78,0.06801,72856.83,0.00016,72856.84,0.21506,72856.85,0.13393,72857.51,0.00016,72857.53,0.13725,72856.005,0.00999999999476131,0.0013725704552097402,-0.9963299987623163,0.02156,6.119950000000001,-0.9929789253782865,-0.00020721519181032821
2026-05-28 15:23:48.609250,72837.24,3.15823,72837.23,0.0004,72837.22,0.00013,72837.21,0.00148,72836.79,0.00011,72836.5,7e-05,72836.48,0.06684,72836.3,0.00706,72836.24,0.00737,72836.01,0.06708,72837.25,5.44669,72837.26,0.00038,72837.27,0.00014,72837.66,0.004,72839.49,0.004,72840.24,7e-05,72841.05,0.06684,72841.29,0.27,72841.32,0.004,72841.81,0.06684,72837.245,0.00999999999476131,0.001372923975194464,-0.2659478530886981,3.3087699999999995,5.862959999999998,-0.2784850840572061,-0.00025749421753240576
2026-05-28 15:23:49.138931,72836.3,0.12041,72836.29,0.00072,72836.01,0.00024,72836.0,0.01516,72835.1,0.00543,72834.82,8e-05,72834.47,7e-05,72834.13,0.00015,72834.0,0.00856,72833.7,8e-05,72836.31,3.61867,72836.32,0.00038,72836.33,0.00014,72836.35,0.00016,72836.5,0.00038,72836.51,0.24732,72836.8,7e-05,72837.04,0.00016,72837.05,0.06526,72837.06,0.06598,72836.305,0.00999999999476131,0.0013729416936734107,-0.9355937824277629,0.1509,3.99852,-0.9272669433318391,-1.290548537358216e-05
2026-05-28 15:23:49.585824,72836.3,0.12065,72836.29,0.00088,72836.01,0.00024,72836.0,0.01516,72835.1,0.00543,72835.03,8e-05,72834.82,0.00031,72834.47,7e-05,72834.13,7e-05,72834.09,0.00016,72836.31,3.09197,72836.32,0.00038,72836.33,0.00014,72836.5,0.00038,72836.51,0.24732,72836.8,7e-05,72837.04,0.00016,72837.05,0.06526,72837.06,0.06598,72837.21,0.00016,72836.305,0.00999999999476131,0.0013729416936734107,-0.9248899651997435,0.14304999999999995,3.47182,-0.9208546918699704,0.0
2026-05-28 15:23:50.151877,72836.3,0.12322,72836.29,0.00088,72836.01,0.00024,72836.0,0.01676,72835.1,0.00543,72835.03,8e-05,72834.84,0.00016,72834.83,0.06004,72834.82,0.06113,72834.47,7e-05,72836.31,3.75982,72836.32,0.00161,72836.33,0.00014,72836.5,0.00038,72836.51,0.24732,72836.8,7e-05,72837.04,0.00016,72837.05,0.06526,72837.06,0.06598,72837.21,8e-05,72836.305,0.00999999999476131,0.0013729416936734107,-0.9365342618154848,0.26801,4.14082,-0.8784212591549232,0.0
2026-05-28 15:23:50.568334,72836.3,0.65735,72836.29,0.0011,72836.28,0.00014,72836.01,0.00016,72836.0,0.01676,72835.57,0.00016,72835.56,0.06493,72835.1,0.00543,72835.03,8e-05,72834.84,0.00016,72836.31,2.01126,72836.32,0.00161,72836.33,0.00014,72836.5,0.00038,72836.51,0.16327,72836.8,7e-05,72837.04,0.00016,72837.05,0.06526,72837.06,0.06598,72837.21,8e-05,72836.305,0.00999999999476131,0.0013729416936734107,-0.5073465212226589,0.7462700000000002,2.30821,-0.5113603624839579,0.0
2026-05-28 15:23:51.077711,72836.3,2.42042,72836.29,0.00086,72836.28,0.00014,72836.01,0.00016,72836.0,0.01676,72835.57,0.00016,72835.56,0.06509,72835.1,0.00543,72835.03,8e-05,72834.84,0.00016,72836.31,1.24671,72836.32,0.00161,72836.33,0.00014,72836.5,7e-05,72837.22,7e-05,72837.23,0.00894,72837.24,0.00016,72837.25,0.12684,72837.4,0.00205,72837.94,8e-05,72836.305,0.00999999999476131,0.0013729416936734107,0.32006228303877965,2.5092600000000007,1.38667,0.2881442941736634,0.0
2026-05-28 15:23:51.593255,72836.3,2.41727,72836.29,0.00086,72836.28,0.00014,72836.01,0.00016,72836.0,0.01676,72835.57,0.00024,72835.56,0.06509,72835.1,0.00543,72835.03,8e-05,72834.84,0.00016,72836.31,1.24574,72836.32,0.00209,72836.33,0.00014,72836.5,7e-05,72837.22,7e-05,72837.23,0.00894,72837.24,0.00016,72837.25,0.12684,72837.4,0.00205,72837.94,8e-05,72836.305,0.00999999999476131,0.0013729416936734107,0.31982713669905344,2.50619,1.3861800000000002,0.28774499854844215,0.0
2026-05-28 15:23:52.072209,72836.3,2.4351,72836.29,0.00086,72836.28,0.00014,72836.01,0.00016,72836.0,0.01676,72835.57,0.00024,72835.56,0.06509,72835.1,0.00543,72835.03,8e-05,72834.84,0.00016,72836.31,1.4578,72836.32,0.00209,72836.33,0.00014,72836.5,7e-05,72837.22,7e-05,72837.23,0.00894,72837.24,0.00016,72837.25,0.12684,72837.4,0.00205,72837.94,8e-05,72836.305,0.00999999999476131,0.0013729416936734107,0.25104677746667003,2.52402,1.59824,0.22458069117425875,0.0
2026-05-28 15:23:52.578535,72836.3,0.1226,72836.29,0.00078,72836.28,0.00014,72836.01,0.00024,72836.0,0.01676,72835.1,0.00543,72835.03,8e-05,72834.82,8e-05,72834.47,7e-05,72834.13,7e-05,72836.31,4.20744,72836.32,0.00161,72836.33,0.00014,72836.5,7e-05,72837.05,0.06516,72837.21,8e-05,72837.22,7e-05,72837.23,0.19976,72837.24,0.00016,72837.25,0.12698,72836.305,0.00999999999476131,0.0013729416936734107,-0.9433723475995601,0.14624999999999996,4.60147,-0.9383914805422391,0.0
2026-05-28 15:23:53.120339,72836.3,0.2658,72836.29,0.00102,72836.28,0.00014,72836.01,0.00024,72836.0,0.01676,72835.1,0.00543,72835.03,8e-05,72834.84,0.00016,72834.83,0.07237,72834.82,0.06517,72836.31,2.72821,72836.32,0.00161,72836.33,0.00014,72836.5,7e-05,72837.04,0.00016,72837.05,0.06516,72837.21,8e-05,72837.22,0.00031,72837.23,0.19976,72837.24,0.00016,72836.305,0.00999999999476131,0.0013729416936734107,-0.8224454828140186,0.42717,2.99566,-0.7503995232015613,0.0
2026-05-28 15:23:53.568929,72836.3,0.26308,72836.29,0.00094,72836.28,0.00014,72836.01,0.00024,72836.0,0.01676,72835.1,0.00543,72835.03,8e-05,72834.82,8e-05,72834.47,7e-05,72834.3,8e-05,72836.31,2.73011,72836.32,0.00161,72836.33,0.00014,72836.5,7e-05,72837.04,0.00016,72837.05,0.06516,72837.21,8e-05,72837.22,0.00031,72837.23,0.19976,72837.24,0.00016,72836.305,0.00999999999476131,0.0013729416936734107,-0.8242142997938654,0.28690000000000004,2.99756,-0.8252985270029167,0.0
2026-05-28 15:23:54.088986,72836.3,2.4444,72836.29,0.00094,72836.28,0.00014,72836.01,8e-05,72836.0,0.01276,72835.6,0.00016,72835.59,0.84055,72835.58,2.46201,72835.56,0.06509,72835.11,0.00703,72836.31,1.46304,72836.32,0.00209,72836.33,0.00014,72836.5,7e-05,72837.05,7e-05,72837.21,8e-05,72837.22,7e-05,72837.23,0.00894,72837.24,0.00016,72837.25,0.12698,72836.305,0.00999999999476131,0.0013729416936734107,0.25115164916159943,5.8331599999999995,1.60164,0.5691504815193416,0.0
2026-05-28 15:23:54.603856,72836.3,2.46345,72836.29,0.00078,72836.28,0.00014,72836.0,0.01276,72835.83,0.004,72835.61,0.00016,72835.6,0.40515,72835.59,0.84063,72835.58,2.46201,72835.56,0.06509,72836.31,1.54048,72836.32,0.00217,72836.33,0.00014,72836.4,0.00016,72836.41,0.01389,72836.5,7e-05,72837.05,7e-05,72837.22,7e-05,72837.23,0.00135,72837.24,0.00016,72836.305,0.00999999999476131,0.0013729416936734107,0.23051601801230284,6.254169999999999,1.55856,0.6010203859598373,0.0
2026-05-28 15:23:55.078061,72836.3,1.97541,72836.29,0.00094,72836.28,0.00014,72836.0,0.01276,72835.64,0.00016,72835.63,0.06525,72835.62,0.93685,72835.61,2.46217,72835.6,0.40506,72835.59,8e-05,72836.31,1.83824,72836.32,0.00249,72836.33,0.00014,72836.4,0.00024,72836.41,0.01389,72836.5,7e-05,72837.05,7e-05,72837.22,7e-05,72837.23,0.00135,72837.24,0.00016,72836.305,0.00999999999476131,0.0013729416936734107,0.03596816697914072,5.85882,1.8567200000000001,0.5187064029218953,0.0
2026-05-28 15:23:55.616853,72836.3,1.97408,72836.29,0.00094,72836.28,0.00014,72836.0,0.01276,72835.64,0.00016,72835.63,0.06525,72835.62,0.93693,72835.61,2.46217,72835.6,0.40506,72835.03,8e-05,72836.31,1.83824,72836.32,0.00241,72836.33,0.00014,72836.4,0.00024,72836.41,0.01389,72836.5,7e-05,72837.05,7e-05,72837.22,7e-05,72837.23,0.00135,72837.24,0.00016,72836.305,0.00999999999476131,0.0013729416936734107,0.035631846224870936,5.857569999999999,1.85664,0.518644164470503,0.0
2026-05-28 15:23:56.065939,72836.3,3.89398,72836.29,0.0003,72836.28,0.00014,72836.0,0.01276,72835.83,0.004,72835.63,0.06509,72835.62,0.93677,72835.61,2.46201,72835.6,0.40651,72835.29,0.0906,72836.31,0.14719,72836.32,0.00217,72836.33,0.00014,72836.4,8e-05,72836.5,7e-05,72837.05,7e-05,72837.22,7e-05,72837.23,0.00135,72837.24,0.00016,72837.25,0.08572,72836.305,0.00999999999476131,0.0013729416936734107,0.9271547596364419,7.87216,0.23701999999999995,0.9415427947092061,0.0
2026-05-28 15:23:56.592689,72837.39,8.6147,72837.38,0.00038,72837.37,0.00014,72837.25,1.72848,72837.24,1.36831,72837.23,7e-05,72836.5,7e-05,72836.49,0.87157,72836.4,0.00205,72836.31,7e-05,72837.4,0.09103,72837.41,0.00072,72837.79,7e-05,72838.01,0.01016,72838.34,0.00121,72838.52,0.00019,72838.53,0.00025,72839.27,0.00014,72839.48,0.00027,72839.66,0.00205,72837.39499999999,0.00999999999476131,0.001372921147819923,0.9790873367310955,12.585839999999996,0.10609,0.9832822904002779,1.4965064468741573e-05
2026-05-28 15:23:57.324772,72837.39,8.54683,72837.38,0.00038,72837.37,0.00014,72837.26,8e-05,72837.25,1.7284,72837.24,1.36831,72837.23,7e-05,72836.5,7e-05,72836.49,0.2662,72836.4,0.00205,72837.4,0.11914,72837.41,0.00086,72837.42,0.00014,72837.79,7e-05,72838.01,0.01016,72838.34,0.00121,72838.52,0.00019,72838.53,0.00025,72838.67,8e-05,72839.27,0.00014,72837.39499999999,0.00999999999476131,0.001372921147819923,0.9725039435862345,11.912529999999999,0.13223999999999997,0.978041921929601,0.0
2026-05-28 15:23:57.607343,72837.39,8.54916,72837.38,0.00038,72837.37,0.00014,72837.26,8e-05,72837.25,1.7284,72837.24,1.36831,72837.23,7e-05,72836.5,7e-05,72836.49,0.26768,72836.4,0.00205,72837.4,0.09284,72837.41,0.00086,72837.42,0.00014,72837.79,7e-05,72838.01,0.01016,72838.34,0.00121,72838.52,0.00019,72838.53,0.00025,72838.67,8e-05,72839.27,0.00014,72837.39499999999,0.00999999999476131,0.001372921147819923,0.9785142328164775,11.91634,0.10594,0.9823760551243191,0.0
2026-05-28 15:23:58.099574,72837.39,8.5481,72837.38,0.00038,72837.37,0.00014,72837.26,8e-05,72837.25,1.7284,72837.24,1.36831,72837.23,7e-05,72836.5,7e-05,72836.49,0.26768,72836.4,0.00205,72837.4,0.09332,72837.41,0.00086,72837.42,0.00014,72837.79,7e-05,72838.01,0.01016,72838.53,7e-05,72838.67,8e-05,72839.27,0.00014,72839.48,0.00027,72839.66,0.00205,72837.39499999999,0.00999999999476131,0.001372921147819923,0.9784016978691001,11.91528,0.10716,0.9821733358619381,0.0
2026-05-28 15:23:58.588296,72850.88,6.01631,72850.87,0.00038,72850.86,0.00014,72850.47,0.004,72850.15,0.06398,72850.13,0.06608,72849.86,0.4049,72849.85,0.88501,72849.41,0.06398,72849.4,0.93046,72850.89,0.00163,72850.9,0.00112,72851.46,7e-05,72852.0,7e-05,72852.01,0.00336,72853.09,0.00042,72853.17,8e-05,72853.33,0.00333,72853.76,8e-05,72853.92,0.00553,72850.88500000001,0.00999999999476131,0.0013726669202112382,0.9994582863903596,8.435239999999999,0.015690000000000003,0.996286799204348,0.00018520706293823075
2026-05-28 15:23:59.111071,72857.24,1.12206,72857.23,0.00038,72857.22,0.00014,72856.51,0.0003,72856.2,7e-05,72856.17,0.00016,72856.16,0.00016,72855.78,0.00016,72855.48,0.80596,72855.47,2.46201,72857.25,3.27583,72857.26,0.00086,72857.27,0.00014,72857.79,0.004,72857.96,0.00205,72857.98,0.06397,72858.0,0.0014,72858.01,0.00716,72858.02,8e-05,72858.15,0.00666,72857.245,0.00999999999476131,0.001372547094631606,-0.4897280286682931,4.3914,3.3621499999999997,0.13274564554300936,8.730161617087617e-05
2026-05-28 15:23:59.602897,72857.24,0.47756,72857.23,0.00038,72857.22,0.00014,72856.0,0.004,72855.52,0.00016,72855.51,0.77726,72855.5,2.46201,72855.47,7e-05,72855.46,8e-05,72855.45,0.14012,72857.25,3.14773,72857.26,0.0003,72857.27,0.00014,72857.79,0.004,72857.96,0.00205,72857.97,0.00024,72857.98,0.06427,72858.0,0.0014,72858.01,0.00716,72858.15,0.00666,72857.245,0.00999999999476131,0.001372547094631606,-0.7365396975138541,3.8617799999999995,3.23395,0.0884799731669609,0.0
2026-05-28 15:24:00.087020,72857.24,1.48074,72857.23,0.00038,72857.22,0.00014,72856.52,0.00016,72856.51,0.06415,72856.0,0.004,72855.79,0.00016,72855.78,0.06422,72855.53,0.00016,72855.52,0.06083,72857.25,3.09548,72857.26,0.00086,72857.27,0.00014,72857.79,0.004,72857.96,0.00205,72857.97,0.00024,72857.98,0.06427,72858.0,0.0014,72858.01,0.00716,72858.15,0.00666,72857.245,0.00999999999476131,0.001372547094631606,-0.3528545393359585,1.6749399999999997,3.1822599999999994,-0.3103269373301491,0.0
2026-05-28 15:24:00.936323,72857.24,3.15849,72857.23,0.00038,72857.22,0.00014,72856.82,0.00205,72856.65,0.06018,72856.51,0.06415,72856.2,7e-05,72856.0,0.004,72855.96,0.004,72855.78,0.06422,72857.25,0.24368,72857.26,0.00128,72857.27,0.00014,72857.96,0.00205,72858.0,0.0014,72858.01,0.00716,72858.15,0.00666,72858.27,0.00027,72858.38,7e-05,72858.94,7e-05,72857.245,0.00999999999476131,0.001372547094631606,0.8567502505753681,3.35768,0.26278,0.8548361257961694,0.0
2026-05-28 15:24:01.102872,72857.24,2.54906,72857.23,0.00038,72857.22,0.00014,72856.82,0.00205,72856.65,0.06018,72856.51,0.06415,72856.2,7e-05,72856.01,0.02282,72856.0,0.004,72855.96,0.00554,72857.25,0.24218,72857.26,0.00128,72857.27,0.00022,72857.96,0.00205,72858.0,0.0014,72858.01,0.00716,72858.15,0.00666,72858.27,0.00027,72858.38,7e-05,72858.94,7e-05,72857.245,0.00999999999476131,0.001372547094631606,0.8264713890600595,2.7083899999999996,0.26136000000000004,0.823985183938042,0.0
2026-05-28 15:24:01.566453,72857.24,2.54906,72857.23,0.00038,72857.22,0.00014,72856.82,0.00205,72856.65,0.06018,72856.51,0.06415,72856.2,7e-05,72856.01,0.02298,72856.0,0.004,72855.98,0.03423,72857.25,0.24018,72857.26,0.00128,72857.27,0.00033,72857.96,0.00205,72858.0,0.0014,72858.01,0.00716,72858.15,0.00666,72858.27,0.00027,72858.38,7e-05,72858.94,7e-05,72857.245,0.00999999999476131,0.001372547094631606,0.8277810442988054,2.73724,0.25947000000000003,0.826830090332398,0.0
2026-05-28 15:24:02.069601,72857.24,2.54748,72857.23,0.00094,72857.22,0.00014,72856.82,0.00205,72856.52,0.00016,72856.51,0.06399,72856.2,7e-05,72856.0,0.01,72855.96,0.004,72855.79,0.00024,72857.25,1.80068,72857.26,0.0012,72857.27,0.00033,72857.91,0.00024,72857.92,0.01389,72857.96,0.00205,72858.0,0.0014,72858.01,0.00716,72858.15,0.00666,72858.27,0.00027,72857.245,0.00999999999476131,0.001372547094631606,0.17175080953782754,2.62907,1.8338800000000004,0.17817587022036985,0.0
2026-05-28 15:24:02.577778,72857.24,2.14592,72857.23,0.00094,72857.22,0.00014,72856.82,0.00205,72856.52,0.00016,72856.51,0.06415,72856.2,7e-05,72856.0,0.01016,72855.79,0.00024,72855.78,0.06422,72857.25,2.08406,72857.26,0.00144,72857.27,0.00033,72857.91,0.00024,72857.92,0.01389,72857.96,0.00205,72858.0,0.0014,72858.01,0.00716,72858.15,0.00666,72858.27,0.00027,72857.245,0.00999999999476131,0.001372547094631606,0.014624182620248751,2.28805,2.1174999999999997,0.03871253305489676,0.0
2026-05-28 15:24:03.692851,72857.24,2.45644,72857.23,0.00094,72857.22,0.00014,72856.82,0.00205,72856.52,0.00016,72856.51,0.06415,72856.2,7e-05,72856.0,0.01016,72855.79,0.00024,72855.78,0.06422,72857.25,1.79056,72857.26,0.00144,72857.27,0.00033,72857.91,0.00024,72857.92,0.01389,72857.96,0.00205,72858.0,0.0014,72858.01,0.00716,72858.15,0.00666,72858.27,0.00027,72857.245,0.00999999999476131,0.001372547094631606,0.15678832116788327,2.5985700000000005,1.8240000000000003,0.17514024650825202,0.0
2026-05-28 15:24:03.855183,72857.24,2.45644,72857.23,0.00094,72857.22,0.00014,72856.82,0.00205,72856.52,0.00016,72856.51,0.06415,72856.2,7e-05,72856.0,0.01016,72855.79,0.00024,72855.78,0.06422,72857.25,1.79056,72857.26,0.00144,72857.27,0.00033,72857.91,0.00024,72857.92,0.01389,72857.96,0.00205,72858.0,0.0014,72858.01,0.00716,72858.15,0.00666,72858.27,0.00027,72857.245,0.00999999999476131,0.001372547094631606,0.15678832116788327,2.5985700000000005,1.8240000000000003,0.17514024650825202,0.0
2026-05-28 15:24:04.078229,72857.24,2.45644,72857.23,0.00094,72857.22,0.00014,72856.82,0.00205,72856.52,0.00016,72856.51,0.06415,72856.2,7e-05,72856.0,0.01016,72855.79,0.00024,72855.78,0.06422,72857.25,1.79056,72857.26,0.00144,72857.27,0.00033,72857.91,0.00024,72857.92,0.01389,72857.96,0.00205,72858.0,0.0014,72858.01,0.00716,72858.15,0.00666,72858.27,0.00027,72857.245,0.00999999999476131,0.001372547094631606,0.15678832116788327,2.5985700000000005,1.8240000000000003,0.17514024650825202,0.0
2026-05-28 15:24:04.801278,72857.24,2.66853,72857.23,0.00094,72857.22,0.00014,72856.82,0.00205,72856.52,0.00016,72856.51,0.06415,72856.2,7e-05,72856.0,0.01016,72855.79,0.00144,72855.78,0.06422,72857.25,1.77094,72857.26,0.0012,72857.27,0.00126,72857.91,0.00024,72857.92,0.01389,72857.96,0.00205,72858.0,0.00224,72858.01,0.00716,72858.15,0.00666,72858.27,0.00027,72857.245,0.00999999999476131,0.001372547094631606,0.20218404449179747,2.8118600000000007,1.8059100000000003,0.21784324468303967,0.0
2026-05-28 15:24:05.087044,72857.24,2.66213,72857.23,0.00094,72857.22,0.00014,72856.82,0.00205,72856.52,0.00016,72856.51,0.06415,72856.2,7e-05,72856.0,0.01016,72855.79,0.0016,72855.78,0.06422,72857.25,1.76844,72857.26,0.0012,72857.27,0.00126,72857.91,0.00024,72857.92,0.01389,72857.96,0.00205,72858.0,0.00224,72858.01,0.00716,72858.15,0.00666,72858.27,0.00027,72857.245,0.00999999999476131,0.001372547094631606,0.2017099379989482,2.8056200000000002,1.8034100000000004,0.21744488536633516,0.0
2026-05-28 15:24:05.597665,72857.24,2.66221,72857.23,0.00102,72857.22,0.00014,72856.82,0.00205,72856.52,0.00016,72856.51,0.06415,72856.2,7e-05,72856.0,0.01016,72855.79,0.0016,72855.78,0.06422,72857.25,1.76897,72857.26,0.00128,72857.27,0.00126,72857.91,0.00024,72857.92,0.01389,72857.96,0.00205,72858.0,0.00224,72858.01,0.00716,72858.15,0.00666,72858.27,0.00027,72857.245,0.00999999999476131,0.001372547094631606,0.20158061735248853,2.8057800000000004,1.8040200000000002,0.2173109462449564,0.0
2026-05-28 15:24:06.109446,72857.24,2.66221,72857.23,0.00102,72857.22,0.00014,72856.82,0.00205,72856.52,0.00016,72856.51,0.06415,72856.2,7e-05,72856.0,0.01016,72855.79,0.0016,72855.78,0.06422,72857.25,1.76889,72857.26,0.00128,72857.27,0.00126,72857.91,0.00024,72857.92,0.01389,72857.96,0.00205,72858.0,0.00224,72858.01,0.00716,72858.15,0.00666,72858.27,0.00027,72857.245,0.00999999999476131,0.001372547094631606,0.2016023109385931,2.8057800000000004,1.8039400000000003,0.21733207222998355,0.0
2026-05-28 15:24:06.577936,72857.24,2.66096,72857.23,0.00102,72857.22,0.00014,72856.82,0.00205,72856.52,0.00016,72856.51,0.06415,72856.2,7e-05,72856.0,0.01016,72855.79,0.0016,72855.78,0.06422,72857.25,1.76874,72857.26,0.0012,72857.27,0.00126,72857.91,0.00024,72857.92,0.01389,72857.96,0.00205,72858.0,0.00224,72858.01,0.00716,72858.15,0.00666,72858.27,0.00027,72857.245,0.00999999999476131,0.001372547094631606,0.20141770323046712,2.8045300000000006,1.8037100000000004,0.2171805287919032,0.0
2026-05-28 15:24:07.089723,72857.24,2.63347,72857.23,0.00102,72857.22,0.00014,72856.82,0.00205,72856.52,0.00016,72856.51,0.06415,72856.2,7e-05,72856.0,0.01016,72855.79,0.0016,72855.78,0.06422,72857.25,1.76903,72857.26,0.0012,72857.27,0.00126,72857.91,0.00024,72857.92,0.01389,72857.96,0.00205,72858.0,0.00224,72858.01,0.00716,72858.15,0.00666,72858.27,0.00027,72857.245,0.00999999999476131,0.001372547094631606,0.19635207268597385,2.7770400000000004,1.8040000000000005,0.21240591656043165,0.0
2026-05-28 15:24:07.590123,72857.24,3.03506,72857.23,0.00038,72857.22,0.00014,72856.82,0.00205,72856.51,0.06415,72856.2,7e-05,72856.0,0.01016,72855.96,0.004,72855.79,8e-05,72855.78,0.06544,72857.25,1.252,72857.26,0.0011,72857.27,0.00115,72857.65,7e-05,72857.91,8e-05,72857.92,0.00016,72857.96,0.00205,72858.0,0.00224,72858.01,0.00716,72858.15,0.00666,72857.245,0.00999999999476131,0.001372547094631606,0.4159167354783931,3.1815300000000004,1.2726700000000004,0.428552826545732,0.0
2026-05-28 15:24:08.085435,72857.24,3.12796,72857.23,0.00038,72857.22,0.00014,72856.82,0.00205,72856.51,0.06415,72856.2,7e-05,72856.0,0.01016,72855.96,0.004,72855.79,0.00148,72855.78,0.06422,72857.25,1.24122,72857.26,0.00113,72857.27,0.00115,72857.65,7e-05,72857.96,0.00205,72858.0,0.00224,72858.01,0.00716,72858.27,0.00027,72858.38,7e-05,72858.94,7e-05,72857.245,0.00999999999476131,0.001372547094631606,0.4318293135096288,3.27461,1.2554300000000003,0.44573116352173475,0.0
2026-05-28 15:24:08.666435,72863.02,4.31947,72863.01,0.00038,72863.0,0.00014,72862.68,7e-05,72862.54,1.4547,72862.53,0.40507,72862.52,0.26127,72862.43,0.91206,72862.42,0.01125,72862.35,0.09033,72863.03,0.55415,72863.04,0.00064,72864.0,0.0014,72864.01,0.00716,72864.18,8e-05,72864.22,7e-05,72864.54,0.003,72864.9,0.00016,72864.91,0.07441,72865.18,0.00065,72863.025,0.00999999999476131,0.0013724382146858866,0.7725920363097657,7.45474,0.6417200000000001,0.8414813387579262,7.933322211117755e-05
2026-05-28 15:24:09.079530,72863.02,4.34122,72863.01,0.00038,72863.0,0.00014,72862.68,7e-05,72862.54,1.4547,72862.53,0.40507,72862.52,0.26127,72862.43,0.89089,72862.42,0.01125,72862.35,0.05037,72863.03,0.56415,72863.04,0.0008,72864.0,0.0014,72864.01,0.00716,72864.18,8e-05,72864.22,7e-05,72864.54,0.003,72864.9,0.00016,72864.91,0.07441,72865.18,0.00065,72863.025,0.00999999999476131,0.0013724382146858866,0.7699867696014776,7.41536,0.65188,0.8383883459522711,0.0
2026-05-28 15:24:09.578950,72863.02,4.50215,72863.01,0.00038,72863.0,0.00014,72862.68,7e-05,72862.55,8e-05,72862.54,1.4547,72862.53,0.40499,72862.52,0.26127,72862.43,0.89232,72862.42,0.00983,72863.03,0.56394,72863.04,0.00086,72863.05,0.00014,72864.0,0.0014,72864.01,0.00716,72864.18,8e-05,72864.22,7e-05,72864.9,0.00016,72864.91,0.07448,72865.18,0.00065,72863.025,0.00999999999476131,0.0013724382146858866,0.777366766085877,7.525929999999999,0.64894,0.8412353957922267,0.0
2026-05-28 15:24:10.091724,72851.7,1.57877,72851.63,0.00016,72851.62,7e-05,72851.47,0.00011,72851.46,7e-05,72851.09,8e-05,72850.92,7e-05,72850.91,8e-05,72850.89,0.00016,72850.86,0.00473,72851.71,3.76194,72851.72,0.00024,72852.0,1.25615,72852.01,1.80714,72852.3,0.004,72852.75,0.06457,72853.49,0.06457,72854.13,0.004,72854.23,0.00732,72854.97,0.06457,72851.705,0.010000000009313226,0.001372651471823923,-0.4087789825697333,1.5843,7.034499999999998,-0.632361813709565,-0.0001553600059837068
2026-05-28 15:24:10.619479,72850.42,2.20347,72850.41,0.00088,72850.22,0.00014,72850.09,0.00016,72850.08,0.0682,72850.02,0.00024,72850.01,0.08183,72850.0,0.00856,72849.63,8e-05,72849.5,8e-05,72850.43,3.38339,72850.44,0.0003,72850.45,0.00014,72850.47,0.004,72850.78,0.00951,72850.85,0.00016,72850.86,0.14366,72850.87,0.49219,72851.46,7e-05,72851.62,0.00016,72850.42499999999,0.00999999999476131,0.0013726755876525515,-0.21119555528507966,2.36364,4.033580000000001,-0.26104151490803823,-1.756993882318092e-05
2026-05-28 15:24:11.067231,72850.42,2.20121,72850.41,0.00088,72850.22,0.00014,72850.09,0.00016,72850.08,0.0682,72850.02,0.00024,72850.01,0.08199,72850.0,0.02956,72849.63,8e-05,72849.5,8e-05,72850.43,3.3457,72850.44,0.00038,72850.45,0.00014,72850.47,0.004,72850.78,0.00951,72850.85,0.00016,72850.86,0.14366,72850.87,0.49219,72851.46,0.00149,72851.62,0.00016,72850.42499999999,0.00999999999476131,0.0013726755876525515,-0.20632928964053854,2.38254,3.99739,-0.2531140623799948,0.0
2026-05-28 15:24:11.584092,72850.42,2.20135,72850.41,0.00102,72850.4,0.00014,72850.22,0.00014,72850.09,0.00016,72850.08,0.0682,72850.02,0.00024,72850.01,0.08199,72850.0,0.06316,72849.63,8e-05,72850.43,3.44189,72850.44,0.00038,72850.45,0.00014,72850.47,0.004,72850.78,0.00951,72850.85,0.00016,72850.86,0.14366,72850.87,0.49219,72851.46,0.00149,72851.62,0.00016,72850.42499999999,0.00999999999476131,0.0013726755876525515,-0.21982761675916665,2.41648,4.093580000000001,-0.25761667327182863,0.0
2026-05-28 15:24:12.173676,72850.42,2.20122,72850.41,0.00102,72850.4,0.00014,72850.22,0.00014,72850.09,0.00016,72850.08,0.0682,72850.02,0.00024,72850.01,0.08199,72850.0,0.06316,72849.63,8e-05,72850.43,3.46042,72850.44,0.00038,72850.45,0.00014,72850.47,0.004,72850.78,0.00951,72850.85,0.00016,72850.86,0.14366,72850.87,0.49219,72851.46,0.00149,72851.62,0.00016,72850.42499999999,0.00999999999476131,0.0013726755876525515,-0.222409054620216,2.41635,4.112110000000001,-0.25974885348152565,0.0
2026-05-28 15:24:12.589753,72850.42,2.20122,72850.41,0.00102,72850.4,0.00014,72850.22,0.00014,72850.09,0.00016,72850.08,0.0682,72850.02,0.00024,72850.01,0.08199,72850.0,0.06316,72849.63,8e-05,72850.43,3.31911,72850.44,0.00038,72850.45,0.00014,72850.47,0.004,72850.78,0.00951,72850.85,0.00016,72850.86,0.14366,72850.87,0.49219,72851.46,0.00149,72851.62,0.00016,72850.42499999999,0.00999999999476131,0.0013726755876525515,-0.2025041981185907,2.41635,3.9708,-0.24337145675301192,0.0
2026-05-28 15:24:13.101569,72851.7,6.68193,72851.69,0.00062,72851.68,0.00014,72851.46,7e-05,72850.92,0.06821,72850.61,0.06337,72850.47,0.004,72850.44,1.18024,72850.43,2.59564,72850.42,0.91357,72851.71,0.98825,72851.72,0.00117,72851.76,0.00205,72852.0,0.00016,72852.01,0.02484,72852.75,7e-05,72853.3,0.00016,72853.31,0.07441,72853.49,0.0016,72854.97,0.00025,72851.705,0.010000000009313226,0.001372651471823923,0.7423137397036315,11.507789999999998,1.0929600000000002,0.8265246116302601,1.7570247531351058e-05
2026-05-28 15:24:13.597046,72851.7,8.81119,72851.69,0.00038,72851.68,0.00014,72851.57,0.05206,72851.46,7e-05,72850.92,0.06821,72850.47,0.004,72850.44,1.01131,72850.43,2.59564,72850.42,0.45868,72851.71,0.16608,72851.72,0.00117,72851.76,0.00205,72852.0,0.00016,72852.01,0.02484,72852.54,8e-05,72852.75,7e-05,72852.81,0.00851,72853.3,0.00024,72853.31,0.07441,72851.705,0.010000000009313226,0.001372651471823923,0.9629998874936365,13.001679999999999,0.27760999999999997,0.9581890296845691,0.0
2026-05-28 15:24:14.077478,72851.73,5.86655,72851.72,1.04497,72851.71,0.00978,72851.7,0.57262,72851.57,0.05206,72851.46,7e-05,72850.92,0.06814,72850.47,0.004,72850.43,2.59564,72850.42,0.34048,72851.74,0.11448,72851.75,0.00118,72851.76,0.00219,72852.01,7e-05,72852.04,0.0076,72852.54,8e-05,72852.75,7e-05,72852.81,0.00859,72853.3,0.00024,72853.31,0.07441,72851.735,0.010000000009313226,0.0013726509065725375,0.9617189681375949,10.55431,0.20890999999999998,0.9611807618909584,4.117954410798319e-07
2026-05-28 15:24:14.598479,72856.33,5.00276,72856.32,0.00038,72856.31,0.00014,72855.96,0.004,72855.67,1.49843,72855.66,8e-05,72855.54,0.06898,72855.2,7e-05,72855.0,0.10738,72854.89,0.00205,72856.34,0.18853,72856.35,0.0008,72856.45,7e-05,72856.76,8e-05,72856.77,7e-05,72857.99,0.00016,72858.82,0.00011,72858.94,7e-05,72859.0,0.003,72859.13,0.00016,72856.33499999999,0.00999999999476131,0.0013725642382040372,0.9273668009300193,6.684269999999999,0.19304999999999994,0.943858945054178,6.31419416434742e-05
2026-05-28 15:24:15.100722,72863.02,5.02351,72863.01,0.00038,72863.0,0.00014,72862.68,7e-05,72862.24,0.06856,72862.04,7e-05,72861.46,0.06856,72861.45,0.004,72860.68,0.06856,72860.55,9e-05,72863.03,0.75399,72863.04,0.00064,72864.0,0.0006,72864.01,0.003,72864.1,8e-05,72864.18,8e-05,72865.44,0.0039,72865.85,0.00016,72865.86,0.07584,72866.0,0.0006,72863.025,0.00999999999476131,0.0013724382146858866,0.7389909130246647,5.233939999999999,0.8388900000000001,0.7237235358144389,9.182454758405179e-05
2026-05-28 15:24:15.601461,72863.02,5.14905,72863.01,0.00038,72863.0,0.00014,72862.68,7e-05,72862.24,0.06856,72862.04,7e-05,72861.46,0.06856,72861.45,0.004,72861.31,7e-05,72861.11,0.00741,72863.03,0.81807,72863.04,0.00064,72864.0,0.0006,72864.01,0.003,72864.1,8e-05,72864.18,8e-05,72865.44,0.0039,72866.0,0.0006,72866.01,0.00865,72866.1,8e-05,72863.025,0.00999999999476131,0.0013724382146858866,0.7258074246872864,5.298309999999999,0.8357,0.7275191921760805,0.0
2026-05-28 15:24:16.152197,72863.02,5.16483,72863.01,0.00038,72863.0,0.00014,72862.68,7e-05,72862.25,8e-05,72862.24,0.06856,72862.04,7e-05,72861.46,0.06856,72861.45,0.004,72861.31,7e-05,72863.03,0.82105,72863.04,0.00064,72864.0,0.0006,72864.01,0.003,72864.1,8e-05,72864.18,8e-05,72865.44,0.0039,72866.0,0.0006,72866.01,0.00865,72866.1,8e-05,72863.025,0.00999999999476131,0.0013724382146858866,0.7256710792732232,5.306759999999999,0.83868,0.7270561587128016,0.0
2026-05-28 15:24:16.622301,72863.02,5.17284,72863.01,0.00038,72863.0,0.00014,72862.68,7e-05,72862.25,8e-05,72862.24,0.06856,72862.04,7e-05,72861.46,0.06856,72861.45,0.004,72861.31,7e-05,72863.03,0.81961,72863.04,0.00078,72863.05,0.00014,72864.0,0.0006,72864.01,0.003,72864.1,8e-05,72864.18,8e-05,72865.44,0.0039,72866.0,0.0006,72866.01,0.00716,72863.025,0.00999999999476131,0.0013724382146858866,0.7264524526696092,5.314769999999998,0.83595,0.7281781645075699,0.0
2026-05-28 15:24:17.103611,72863.02,5.17276,72863.01,0.00038,72863.0,0.00014,72862.68,7e-05,72862.25,8e-05,72862.24,0.06856,72862.04,7e-05,72861.46,0.06856,72861.45,0.004,72861.31,7e-05,72863.03,0.80451,72863.04,0.00104,72863.05,0.00025,72864.0,0.0006,72864.01,0.003,72864.1,8e-05,72864.18,8e-05,72865.22,0.00734,72865.44,0.0039,72866.0,0.002,72863.025,0.00999999999476131,0.0013724382146858866,0.7308102193810888,5.314689999999999,0.8228,0.7318773635476391,0.0
2026-05-28 15:24:17.577646,72863.02,5.18533,72863.01,0.00038,72863.0,0.00014,72862.68,7e-05,72862.25,8e-05,72862.24,0.06856,72862.04,7e-05,72861.46,0.06856,72861.45,0.004,72861.31,7e-05,72863.03,0.79448,72863.04,0.00096,72863.05,0.00025,72864.0,0.0006,72864.01,0.003,72864.1,8e-05,72864.18,8e-05,72865.22,0.00742,72865.44,0.00536,72866.0,0.0006,72863.025,0.00999999999476131,0.0013724382146858866,0.7342791827833994,5.327259999999999,0.8128299999999999,0.7352384085575293,0.0
2026-05-28 15:24:18.142498,72863.02,5.1854,72863.01,0.00038,72863.0,0.00014,72862.68,7e-05,72862.25,8e-05,72862.24,0.06856,72862.04,7e-05,72861.46,0.06856,72861.45,0.004,72861.31,7e-05,72863.03,0.79354,72863.04,0.00096,72863.05,0.00036,72864.0,0.0006,72864.01,0.003,72864.1,8e-05,72864.18,8e-05,72865.22,0.00742,72865.44,0.00536,72866.0,0.0006,72863.025,0.00999999999476131,0.0013724382146858866,0.7345549545571622,5.327329999999998,0.812,0.735476020999034,0.0
2026-05-28 15:24:18.916685,72869.57,4.54458,72869.56,0.00038,72869.55,0.00014,72868.82,0.40499,72868.81,0.42673,72868.79,0.06851,72868.77,0.004,72868.54,0.52209,72868.53,0.81584,72868.16,0.13386,72869.58,0.18896,72869.59,0.00064,72869.83,0.00205,72870.0,0.0014,72870.01,0.01191,72870.16,7e-05,72871.11,0.00041,72871.52,8e-05,72872.0,0.00288,72872.01,0.00716,72869.57500000001,0.00999999999476131,0.001372314850849797,0.9201612323968954,6.921119999999999,0.21555999999999997,0.9395909582607038,8.989470310916126e-05
2026-05-28 15:24:19.076195,72869.57,4.54458,72869.56,0.00038,72869.55,0.00014,72868.82,0.40499,72868.81,0.42673,72868.79,0.06851,72868.77,0.004,72868.54,0.52209,72868.53,0.81584,72868.16,0.13386,72869.58,0.18854,72869.59,0.00064,72869.83,0.00205,72870.0,0.0014,72870.01,0.01191,72870.16,7e-05,72871.11,0.00041,72871.52,8e-05,72872.0,0.00288,72872.01,0.00716,72869.57500000001,0.00999999999476131,0.001372314850849797,0.9203316205800826,6.921119999999999,0.21514,0.9397051116411117,0.0
2026-05-28 15:24:19.585719,72869.57,4.54472,72869.56,0.00038,72869.55,0.00014,72868.82,0.00016,72868.81,0.42673,72868.79,0.06851,72868.77,0.004,72868.54,0.52209,72868.53,0.81584,72868.16,0.13386,72869.58,0.1887,72869.59,0.00078,72869.6,0.00014,72869.83,0.00205,72870.0,0.0014,72870.01,0.01191,72870.16,7e-05,72871.11,0.00041,72871.52,0.00161,72872.0,0.0014,72869.57500000001,0.00999999999476131,0.001372314850849797,0.920269065495984,6.51643,0.20847000000000002,0.9380005650641645,0.0
2026-05-28 15:24:20.088104,72869.57,4.80621,72869.56,0.00038,72869.55,0.00014,72868.81,0.42673,72868.79,0.06851,72868.77,0.004,72868.54,0.52209,72868.53,0.81591,72868.17,0.40499,72868.16,0.13386,72869.58,0.18413,72869.59,0.00097,72869.6,0.00014,72869.83,0.00205,72870.0,0.0014,72870.01,0.01191,72870.16,7e-05,72871.11,0.00041,72871.52,0.00161,72872.0,0.0014,72869.57500000001,0.00999999999476131,0.001372314850849797,0.9262054288886129,7.1828199999999995,0.20409,0.9447427950252542,0.0
2026-05-28 15:24:20.592488,72869.57,5.91958,72869.56,0.00038,72869.55,0.00014,72868.81,0.42673,72868.79,0.06851,72868.77,0.004,72868.54,0.52209,72868.53,0.70625,72868.17,0.40499,72868.16,0.13386,72869.58,0.18872,72869.59,0.00097,72869.6,0.00014,72869.83,0.00205,72870.0,0.0014,72870.01,0.01191,72870.16,7e-05,72871.11,0.00041,72871.52,0.00161,72872.0,0.0014,72869.57500000001,0.00999999999476131,0.001372314850849797,0.938208666895863,8.18653,0.20868,0.9502859368616152,0.0
2026-05-28 15:24:21.110017,72872.0,2.3158,72871.99,0.00038,72871.98,0.00014,72871.45,0.06126,72871.25,0.00205,72871.21,0.06938,72870.8,7e-05,72870.6,0.004,72870.42,0.06931,72870.16,7e-05,72872.01,0.17268,72872.02,0.00048,72872.07,0.00019,72872.09,0.00709,72873.03,0.00205,72873.43,8e-05,72873.69,0.00048,72873.74,0.00185,72873.77,7e-05,72873.89,8e-05,72872.005,0.00999999999476131,0.0013722690894481784,0.8612164855654856,2.5224599999999997,0.18505,0.8633061373734539,3.334725089310098e-05
2026-05-28 15:24:21.584281,72885.54,6.67639,72885.53,0.00038,72885.52,0.00014,72885.23,0.00023,72885.22,0.00016,72885.12,7e-05,72884.76,0.06835,72884.38,0.40118,72883.89,0.20191,72883.7,0.5847,72885.55,0.00784,72885.56,0.0004,72886.0,0.0014,72886.01,0.007,72886.2,8e-05,72886.59,0.003,72887.07,0.004,72887.33,8e-05,72887.46,8e-05,72887.78,0.0002,72885.545,0.010000000009313226,0.0013720141640311842,0.9976541800626251,7.933509999999999,0.024079999999999997,0.9939479163917719,0.00018580523480848932
2026-05-28 15:24:22.104059,72885.54,5.76238,72885.53,0.00038,72885.52,0.00014,72885.24,0.004,72885.22,0.00068,72885.12,7e-05,72884.76,0.06851,72884.67,7e-05,72884.38,0.30814,72884.08,0.0076,72885.55,0.1137,72885.56,0.00064,72885.81,0.00024,72885.82,0.07441,72886.0,0.0014,72886.01,0.00716,72886.2,8e-05,72886.59,0.003,72887.78,0.0002,72888.0,0.0014,72885.545,0.010000000009313226,0.0013720141640311842,0.9613007310996448,6.1519699999999995,0.20223000000000002,0.936347612602688,0.0
2026-05-28 15:24:22.583846,72885.54,4.5046,72885.53,0.00038,72885.52,0.00014,72885.24,0.004,72885.22,0.00068,72885.12,7e-05,72884.76,0.06851,72884.67,7e-05,72884.39,0.02297,72884.38,0.30814,72885.55,0.11372,72885.56,0.00072,72885.81,0.00024,72885.82,0.07462,72886.0,0.0014,72886.01,0.00716,72886.2,8e-05,72887.78,0.0002,72888.0,0.0014,72888.01,0.00716,72885.545,0.010000000009313226,0.0013720141640311842,0.9507526546449792,4.909559999999999,0.20670000000000005,0.9191987897409437,0.0
2026-05-28 15:24:23.079587,72889.08,6.081,72889.07,0.00038,72889.06,0.00014,72888.86,7e-05,72888.3,0.06846,72888.2,0.1209,72887.99,7e-05,72887.88,0.07263,72887.52,0.06839,72887.07,0.004,72889.09,0.68507,72889.1,0.00064,72889.23,0.00014,72889.86,7e-05,72889.87,8e-05,72889.96,0.00015,72890.0,0.0014,72890.01,0.00716,72890.38,0.00042,72890.52,0.00016,72889.08499999999,0.00999999999476131,0.0013719475275017256,0.7974984001052311,6.41604,0.69529,0.8044557065977813,4.8569301361434114e-05
2026-05-28 15:24:23.625685,72889.08,6.0544,72889.07,0.00038,72889.06,0.00014,72888.86,7e-05,72888.3,0.06869,72888.2,0.12106,72887.99,7e-05,72887.88,0.07279,72887.59,7e-05,72887.52,0.06855,72889.09,0.66228,72889.1,0.00064,72889.23,0.00014,72889.58,0.00205,72889.86,7e-05,72889.87,8e-05,72889.96,0.00015,72890.0,0.0014,72890.01,0.00716,72890.38,0.00042,72889.08499999999,0.00999999999476131,0.0013719475275017256,0.802795428693938,6.386220000000001,0.6743899999999999,0.8089711795439771,0.0
2026-05-28 15:24:24.120025,72889.08,6.05317,72889.07,0.00038,72889.06,0.00014,72888.86,7e-05,72888.3,0.06869,72888.21,8e-05,72888.2,0.12106,72887.99,7e-05,72887.88,0.07279,72887.59,7e-05,72889.09,0.65413,72889.1,0.0008,72889.23,0.00014,72889.58,0.00205,72889.86,7e-05,72889.87,8e-05,72889.96,0.00015,72890.0,0.0014,72890.01,0.00716,72890.38,0.00042,72889.08499999999,0.00999999999476131,0.0013719475275017256,0.8049498307813874,6.31652,0.6664,0.8091342876618949,0.0
2026-05-28 15:24:24.591214,72889.08,6.05388,72889.07,0.00086,72889.06,0.00014,72888.86,7e-05,72888.3,0.06869,72888.21,8e-05,72888.2,0.12106,72887.99,7e-05,72887.88,0.07279,72887.59,7e-05,72889.09,0.65087,72889.1,0.00113,72889.11,0.00014,72889.23,0.00014,72889.58,0.00205,72889.86,7e-05,72889.87,8e-05,72889.96,0.00015,72890.0,0.0014,72890.01,0.00716,72889.08499999999,0.00999999999476131,0.0013719475275017256,0.805848092770051,6.317710000000001,0.66319,0.8099987107679525,0.0
2026-05-28 15:24:25.124945,72889.08,2.19636,72889.07,0.00102,72889.06,0.00014,72888.86,7e-05,72888.31,0.00016,72888.3,0.06861,72888.21,0.00024,72888.2,0.12106,72887.99,7e-05,72887.59,7e-05,72889.09,2.89978,72889.1,0.00121,72889.11,0.00014,72889.23,0.00014,72889.47,0.00127,72889.58,0.00205,72889.86,7e-05,72889.87,0.00015,72889.96,0.00015,72890.0,0.0014,72889.08499999999,0.00999999999476131,0.0013719475275017256,-0.13802995993045716,2.3878,2.90636,-0.0979494386267132,0.0
2026-05-28 15:24:25.622792,72889.08,2.19547,72889.07,0.00102,72889.06,0.00014,72888.86,7e-05,72888.31,0.00016,72888.3,0.06861,72888.21,0.00024,72888.2,0.12106,72887.99,7e-05,72887.59,7e-05,72889.09,2.12789,72889.1,0.00121,72889.11,0.00032,72889.23,0.00014,72889.47,0.00127,72889.58,0.00205,72889.86,7e-05,72889.87,0.00015,72889.96,0.00015,72890.0,0.0014,72889.08499999999,0.00999999999476131,0.0013719475275017256,0.015631360793456936,2.38691,2.1346499999999997,0.05579047939206827,0.0
2026-05-28 15:24:26.094112,72895.46,4.40754,72895.45,0.00061,72895.44,0.00014,72895.42,0.14175,72895.37,1.67926,72895.36,0.41824,72894.87,0.01493,72894.62,2.58918,72894.61,0.66821,72894.39,0.004,72895.47,0.00127,72895.48,0.01017,72895.52,0.00011,72895.7,8e-05,72896.0,0.0014,72896.01,0.00716,72896.34,7e-05,72896.55,0.00019,72896.62,0.00016,72896.88,8e-05,72895.465,0.00999999999476131,0.0013718274510988182,0.9994238808204482,9.92386,0.02069,0.9958389268493798,8.753025230046063e-05
2026-05-28 15:24:26.585701,72902.49,3.08107,72902.48,0.00038,72902.47,0.00014,72902.06,0.00023,72901.97,0.00016,72901.96,0.40515,72901.95,0.06819,72901.81,0.00016,72901.71,0.004,72901.69,0.00016,72902.5,0.46816,72902.51,0.0008,72902.98,0.00024,72902.99,0.07425,72903.16,0.00553,72903.82,7e-05,72904.0,0.0014,72904.01,0.00716,72904.04,0.00205,72904.08,0.00024,72902.495,0.00999999999476131,0.0013716951655442398,0.7361906667079902,3.5596400000000004,0.5599000000000002,0.7281735339382551,9.643946986281904e-05
2026-05-28 15:24:27.096359,72902.49,3.08003,72902.48,0.00038,72902.47,0.00014,72902.06,7e-05,72901.96,0.40499,72901.95,0.06811,72901.82,0.07,72901.71,0.004,72901.68,0.06812,72901.46,7e-05,72902.5,0.19701,72902.51,0.00096,72902.56,0.00016,72902.57,0.07441,72902.98,8e-05,72903.16,0.00553,72903.82,7e-05,72904.0,0.0014,72904.01,0.00716,72904.04,0.00205,72902.495,0.00999999999476131,0.0013716951655442398,0.8797634450601762,3.6959099999999996,0.28883000000000003,0.8550319468773371,0.0
2026-05-28 15:24:27.614616,72902.49,3.53755,72902.48,0.00038,72902.47,0.00014,72901.97,8e-05,72901.95,0.06812,72901.71,0.004,72901.68,0.06826,72901.46,7e-05,72901.43,0.09337,72901.16,7e-05,72902.5,0.14555,72902.51,0.00102,72902.52,0.00014,72903.16,0.00553,72903.82,7e-05,72904.0,0.0014,72904.01,0.00716,72904.04,0.00205,72904.08,0.00024,72904.09,0.0166,72902.495,0.00999999999476131,0.0013716951655442398,0.9209633189432814,3.77204,0.17976,0.9090237360190293,0.0
2026-05-28 15:24:28.139246,72902.49,3.50875,72902.48,0.00038,72902.47,0.00014,72901.97,8e-05,72901.96,0.00016,72901.95,0.06812,72901.73,0.00205,72901.71,0.004,72901.69,0.00016,72901.68,0.06826,72902.5,0.17566,72902.51,0.00102,72902.52,0.00014,72903.16,0.00553,72903.82,7e-05,72904.0,0.0014,72904.01,0.00716,72904.04,0.00205,72904.55,8e-05,72905.27,0.0002,72902.495,0.00999999999476131,0.0013716951655442398,0.9046468769762323,3.6521000000000003,0.19331,0.8994593554393421,0.0
2026-05-28 15:24:28.597260,72902.49,4.84096,72902.48,0.00038,72902.47,0.00014,72901.95,0.06812,72901.73,0.00205,72901.71,0.004,72901.69,8e-05,72901.68,0.06826,72901.46,7e-05,72901.15,0.10875,72902.5,0.11005,72902.51,0.0011,72902.52,0.00038,72902.53,0.07441,72903.16,0.00553,72903.82,7e-05,72904.0,0.0014,72904.01,0.00716,72904.04,0.00205,72904.55,8e-05,72902.495,0.00999999999476131,0.0013716951655442398,0.9555444242689874,5.092809999999999,0.20223,0.9236153079107995,0.0
2026-05-28 15:24:29.125879,72884.0,2.11918,72883.99,0.00048,72883.84,6e-05,72883.34,7e-05,72883.24,0.06633,72882.92,0.00042,72882.8,0.003,72882.66,7e-05,72882.53,8e-05,72882.48,0.06633,72884.01,1.94338,72884.02,0.00038,72884.03,0.00014,72884.39,0.00016,72884.62,0.00016,72884.63,7e-05,72885.12,7e-05,72885.13,7e-05,72885.24,0.004,72885.4,0.00016,72884.005,0.00999999999476131,0.001372043151959241,0.043273207041865214,2.2560200000000004,1.94859,0.07311736403614134,-0.00025362643624182724
2026-05-28 15:24:29.609436,72884.0,2.16496,72883.99,0.00056,72883.84,6e-05,72883.25,0.00016,72883.24,0.06656,72882.92,0.00042,72882.8,0.003,72882.66,7e-05,72882.53,8e-05,72882.49,0.00016,72884.01,1.56661,72884.02,0.00038,72884.03,0.00014,72884.63,7e-05,72885.12,7e-05,72885.13,7e-05,72885.24,0.004,72885.41,7e-05,72885.52,0.00016,72885.53,0.06649,72884.005,0.00999999999476131,0.001372043151959241,0.16034805725204138,2.236030000000001,1.63806,0.1543510863196262,0.0
2026-05-28 15:24:30.121576,72884.0,0.51112,72883.99,0.00086,72883.98,0.00014,72883.84,6e-05,72883.25,0.00016,72883.24,0.06655,72882.92,0.00042,72882.8,0.003,72882.66,7e-05,72882.53,8e-05,72884.01,3.21202,72884.02,0.00038,72884.03,0.00014,72884.75,0.00016,72884.76,0.096,72884.77,0.06648,72885.12,7e-05,72885.13,7e-05,72885.24,0.004,72885.39,7e-05,72884.005,0.00999999999476131,0.001372043151959241,-0.72543605666185,0.58246,3.37939,-0.7059656473617122,0.0
2026-05-28 15:24:30.608067,72884.0,0.20773,72883.99,0.00078,72883.98,0.00014,72883.84,6e-05,72883.25,8e-05,72883.24,7e-05,72882.92,0.00042,72882.8,0.003,72882.66,7e-05,72882.53,8e-05,72884.01,3.2191,72884.02,0.00038,72884.03,0.00014,72884.75,0.00016,72884.76,0.14014,72884.77,0.06655,72884.89,0.00016,72884.9,0.06975,72885.12,7e-05,72885.13,7e-05,72884.005,0.00999999999476131,0.001372043151959241,-0.8787625881645719,0.21242999999999998,3.4965200000000003,-0.8854500599900242,0.0
2026-05-28 15:24:31.422148,72884.0,0.19275,72883.99,0.00078,72883.98,0.00014,72883.84,6e-05,72883.24,7e-05,72882.92,0.00042,72882.8,0.003,72882.66,7e-05,72882.53,8e-05,72882.48,7e-05,72884.01,3.2477,72884.02,0.00038,72884.03,0.00014,72884.55,0.00205,72884.75,0.00024,72884.76,0.11808,72884.77,0.06655,72884.91,0.00016,72884.92,0.06865,72885.12,7e-05,72884.005,0.00999999999476131,0.001372043151959241,-0.887950704123007,0.19743999999999998,3.5040199999999997,-0.8933177719062209,0.0
2026-05-28 15:24:31.581549,72884.0,0.19258,72883.99,0.00078,72883.98,0.00014,72883.84,6e-05,72883.24,7e-05,72882.92,0.00042,72882.8,0.003,72882.66,7e-05,72882.53,8e-05,72882.48,7e-05,72884.01,3.2477,72884.02,0.00038,72884.03,0.00014,72884.55,0.00205,72884.75,0.00024,72884.76,0.11808,72884.77,0.06655,72884.91,0.00016,72884.92,0.06865,72885.12,7e-05,72884.005,0.00999999999476131,0.001372043151959241,-0.8880439964188962,0.19726999999999997,3.5040199999999997,-0.8934047318637556,0.0
2026-05-28 15:24:32.104700,72884.0,2.05827,72883.99,0.00102,72883.98,0.00014,72883.84,6e-05,72883.24,0.00023,72883.23,0.06748,72883.21,7e-05,72882.92,0.00042,72882.82,0.00024,72882.81,0.08423,72884.01,2.68643,72884.02,0.00094,72884.03,0.00014,72884.43,0.00016,72884.44,0.01694,72884.55,0.00205,72884.75,8e-05,72885.12,7e-05,72885.13,7e-05,72885.24,0.01162,72884.005,0.00999999999476131,0.001372043151959241,-0.1323919320504985,2.21216,2.7185000000000006,-0.10269213452154491,0.0
2026-05-28 15:24:32.589921,72884.0,1.60926,72883.99,0.00102,72883.98,0.00014,72883.84,6e-05,72883.24,0.00023,72883.23,0.06748,72883.21,7e-05,72882.92,0.00042,72882.82,0.00024,72882.81,0.08423,72884.01,2.68787,72884.02,0.00094,72884.03,0.00014,72884.43,0.00016,72884.44,0.01694,72884.55,0.00205,72884.75,8e-05,72885.12,7e-05,72885.13,7e-05,72885.24,0.01162,72884.005,0.00999999999476131,0.001372043151959241,-0.25100706750784835,1.76315,2.7199400000000007,-0.21342199242040658,0.0
2026-05-28 15:24:33.099974,72884.0,1.60806,72883.99,0.00102,72883.98,0.00014,72883.84,6e-05,72883.24,0.00023,72883.23,0.06748,72883.21,7e-05,72882.92,0.00042,72882.82,0.00024,72882.81,0.08423,72884.01,2.53065,72884.02,0.00094,72884.03,0.00014,72884.43,0.00024,72884.44,0.01694,72884.55,0.00205,72885.12,7e-05,72885.13,7e-05,72885.24,0.01162,72885.39,7e-05,72884.005,0.00999999999476131,0.001372043151959241,-0.22291728582094422,1.7619500000000001,2.56279,-0.18517644991375204,0.0
2026-05-28 15:24:33.584415,72884.0,1.60631,72883.99,0.00102,72883.98,0.00014,72883.84,6e-05,72883.24,0.00023,72883.23,0.06748,72883.21,7e-05,72882.92,0.00042,72882.82,0.00024,72882.81,0.08423,72884.01,2.52972,72884.02,0.00094,72884.03,0.00014,72884.43,0.00024,72884.44,0.01694,72884.55,0.00205,72885.12,7e-05,72885.13,7e-05,72885.24,0.01162,72885.39,7e-05,72884.005,0.00999999999476131,0.001372043151959241,-0.22325998602524652,1.7602,2.5618600000000002,-0.18548099748730934,0.0
2026-05-28 15:24:34.122445,72884.0,2.36338,72883.99,0.00086,72883.98,0.00014,72883.84,6e-05,72883.72,0.00016,72883.71,0.01852,72883.24,0.00023,72883.23,0.06748,72883.21,7e-05,72882.98,0.00205,72884.01,1.82953,72884.02,0.00094,72884.03,0.00014,72884.43,8e-05,72884.44,0.00016,72884.55,0.00205,72885.12,7e-05,72885.13,7e-05,72885.24,0.00416,72885.39,7e-05,72884.005,0.00999999999476131,0.001372043151959241,0.12732207464505552,2.4529500000000004,1.8372700000000002,0.14350779214119558,0.0
2026-05-28 15:24:34.618435,72884.0,2.0292,72883.99,0.00102,72883.98,0.00014,72883.84,6e-05,72883.72,0.00016,72883.71,0.0186,72883.24,0.00031,72883.23,0.06748,72883.21,7e-05,72882.98,0.00205,72884.01,2.1249,72884.02,0.00094,72884.03,0.00014,72884.43,8e-05,72884.55,0.00205,72885.12,7e-05,72885.13,7e-05,72885.24,0.004,72885.39,7e-05,72885.41,0.00016,72884.005,0.00999999999476131,0.001372043151959241,-0.023037481042825138,2.1190900000000004,2.13248,-0.0031494248007206253,0.0
2026-05-28 15:24:35.101267,72883.24,0.11454,72883.23,0.00078,72883.22,0.00014,72882.98,0.00205,72882.92,0.00042,72882.82,8e-05,72882.8,0.003,72882.66,7e-05,72882.53,8e-05,72882.48,7e-05,72883.25,7.89965,72883.26,0.00038,72883.27,0.00014,72883.41,0.004,72883.7,0.36861,72883.71,8e-05,72883.72,0.1366,72883.97,0.04016,72884.0,0.13406,72884.01,0.30264,72883.245,0.00999999999476131,0.0013720574591267595,-0.9714157013996423,0.12123,8.88632,-0.9730825807239482,-1.042752796043267e-05
2026-05-28 15:24:35.583761,72883.24,0.25507,72883.23,0.0007,72883.22,0.00014,72882.98,0.00205,72882.92,0.00042,72882.8,0.003,72882.66,7e-05,72882.53,8e-05,72882.48,7e-05,72882.0,0.00856,72883.25,5.721,72883.26,0.00038,72883.27,0.00014,72883.41,0.004,72883.69,0.00016,72883.7,0.36861,72883.71,0.00024,72883.72,0.1366,72883.96,0.00016,72883.97,0.04016,72883.245,0.00999999999476131,0.0013720574591267595,-0.9146362074072091,0.27016,6.27145,-0.9174025966084802,0.0
2026-05-28 15:24:36.111162,72882.8,0.00345,72882.79,0.00032,72882.66,7e-05,72882.53,8e-05,72882.48,7e-05,72882.0,0.00856,72881.79,7e-05,72881.75,7e-05,72881.38,7e-05,72880.0,0.00856,72882.81,5.01756,72882.82,8e-05,72882.93,0.15016,72882.98,1.3771,72882.99,0.98717,72883.0,0.00027,72883.01,0.00014,72883.23,1.35374,72883.24,2.86668,72883.25,0.46713,72882.805,0.00999999999476131,0.0013720657423601235,-0.9986257744955697,0.02132,12.220029999999998,-0.9965167240541282,-6.03705282331557e-06
2026-05-28 15:24:36.617057,72868.0,0.1141,72867.99,0.00072,72867.85,8e-05,72867.27,0.00016,72866.81,8e-05,72866.67,0.00778,72866.62,0.00553,72866.42,7e-05,72866.35,7e-05,72866.22,0.00553,72868.01,5.52285,72868.02,0.00038,72868.03,0.00014,72868.77,0.07049,72868.96,0.13377,72869.42,0.00537,72869.43,1.04051,72869.84,0.13723,72869.99,8e-05,72870.0,2.46205,72868.005,0.00999999999476131,0.00137234441848124,-0.9595171147517719,0.13411999999999996,9.37287,-0.9717849708477658,-0.00020306572997552674
2026-05-28 15:24:37.089799,72860.65,0.14604,72860.64,0.00098,72860.54,0.00049,72860.51,8e-05,72860.0,0.00856,72859.9,0.00016,72859.89,0.00023,72859.85,7e-05,72859.14,0.00016,72859.13,0.06666,72860.66,2.36785,72860.67,0.00038,72860.68,0.00014,72861.41,0.00016,72861.42,0.06657,72861.45,0.004,72861.97,0.00016,72861.98,0.1972,72861.99,0.13408,72862.0,0.00023,72860.655,0.010000000009313226,0.00137248285913889,-0.8838135320161183,0.22343,2.77077,-0.850758132389286,-0.00010086731481129263
2026-05-28 15:24:37.575036,72858.0,0.30359,72857.99,0.00088,72857.25,0.00496,72857.24,0.00463,72857.06,7e-05,72856.84,8e-05,72856.48,0.00722,72856.44,7e-05,72856.2,7e-05,72856.0,0.00856,72858.01,3.7704,72858.02,0.00038,72858.03,0.00014,72858.37,0.00024,72858.38,0.4699,72858.76,0.00016,72858.77,0.06664,72858.94,0.00023,72858.95,0.08914,72859.13,0.00016,72858.005,0.00999999999476131,0.0013725327772509432,-0.8509618334851091,0.33013000000000015,4.397389999999999,-0.8603369208379867,-3.637079573326485e-05
2026-05-28 15:24:38.074940,72858.0,1.52821,72857.99,0.00088,72857.26,0.00024,72857.25,0.10785,72857.24,0.07128,72856.93,7e-05,72856.84,8e-05,72856.49,0.00016,72856.48,0.07371,72856.44,7e-05,72858.01,1.61014,72858.02,0.01728,72858.03,0.00014,72858.36,0.00016,72858.37,0.40523,72858.38,0.06507,72858.77,7e-05,72858.94,0.00023,72858.95,0.08921,72859.14,0.00062,72858.005,0.00999999999476131,0.0013725327772509432,-0.026106074848248232,1.78255,2.18815,-0.1021482358274359,0.0
2026-05-28 15:24:38.585068,72858.0,1.61035,72857.99,0.00086,72857.98,0.00014,72857.26,0.00024,72857.25,0.10785,72857.24,0.07128,72856.93,7e-05,72856.84,8e-05,72856.49,0.00016,72856.48,0.07371,72858.01,1.60191,72858.02,0.00038,72858.03,0.00014,72858.22,0.00205,72858.37,0.00016,72858.38,0.06507,72858.77,7e-05,72858.94,0.00031,72858.95,0.08935,72859.14,7e-05,72858.005,0.00999999999476131,0.0013725327772509432,0.002627433644848177,1.86474,1.7595100000000001,0.02903497275298336,0.0
2026-05-28 15:24:39.109557,72858.0,2.06625,72857.99,0.00058,72857.98,0.00014,72857.79,0.004,72857.26,8e-05,72857.25,0.17561,72857.24,0.07128,72857.18,0.01868,72857.01,0.01671,72856.94,0.00026,72858.01,0.03964,72858.02,0.00038,72858.03,0.00014,72858.22,0.00205,72858.94,7e-05,72859.14,7e-05,72859.84,7e-05,72859.95,0.01298,72860.0,0.0008,72860.01,0.00723,72858.005,0.00999999999476131,0.0013725327772509432,0.9623532093319215,2.353589999999999,0.06343000000000001,0.9475138807291624,0.0
2026-05-28 15:24:39.580834,72864.0,3.87115,72863.99,0.00038,72863.98,0.00014,72863.28,0.004,72863.25,0.05768,72863.24,0.06605,72862.68,7e-05,72862.48,0.06605,72862.01,0.0077,72862.0,8e-05,72864.01,0.25467,72864.02,0.00056,72864.19,0.00014,72864.45,7e-05,72864.72,0.00016,72864.88,0.00205,72865.17,0.00016,72865.22,7e-05,72865.3,0.003,72865.88,0.00016,72864.005,0.00999999999476131,0.0013724197557849463,0.8765481770896453,4.0733,0.26104,0.8795479819303514,8.235196667816247e-05
2026-05-28 15:24:40.124028,72864.0,3.68141,72863.99,0.00038,72863.98,0.00014,72863.39,0.01722,72863.28,0.004,72863.25,0.05792,72863.24,0.06628,72862.77,7e-05,72862.68,7e-05,72862.49,0.0615,72864.01,0.70589,72864.02,0.00064,72864.12,0.00595,72864.19,0.00014,72864.45,7e-05,72864.88,0.00205,72865.22,7e-05,72865.3,0.003,72866.0,0.00344,72866.01,0.22457,72864.005,0.00999999999476131,0.0013724197557849463,0.6782121122330362,3.88899,0.9458200000000001,0.6087457418181894,0.0
2026-05-28 15:24:40.574509,72864.0,3.58039,72863.99,0.00038,72863.98,0.00014,72863.28,0.004,72863.26,0.00016,72863.25,0.05808,72863.24,0.06628,72862.77,7e-05,72862.68,7e-05,72862.5,0.00016,72864.01,1.22792,72864.02,0.00064,72864.12,0.00595,72864.19,7e-05,72864.88,0.00205,72865.63,0.00016,72865.64,0.01381,72866.0,0.00344,72866.01,0.22457,72866.42,7e-05,72864.005,0.00999999999476131,0.0013724197557849463,0.4892509010442339,3.70973,1.47868,0.43000649524613505,0.0
2026-05-28 15:24:41.123154,72864.0,0.83197,72863.99,0.00038,72863.98,0.00014,72863.25,8e-05,72863.24,7e-05,72862.77,7e-05,72862.68,7e-05,72862.48,7e-05,72862.04,7e-05,72861.98,7e-05,72864.01,2.54283,72864.02,0.00056,72864.12,0.00595,72864.19,7e-05,72864.76,0.00024,72864.77,0.06621,72864.88,0.00205,72864.95,7e-05,72865.11,0.004,72865.52,0.00016,72864.005,0.00999999999476131,0.0013724197557849463,-0.5069515230532179,0.8329900000000001,2.62214,-0.5178242207963231,0.0
2026-05-28 15:24:41.582292,72864.0,3.05482,72863.99,0.00038,72863.98,0.00014,72863.26,0.00016,72863.25,0.03992,72863.24,0.06621,72862.77,7e-05,72862.68,7e-05,72862.49,0.00016,72862.48,0.06621,72864.01,1.03272,72864.02,0.00062,72864.03,0.00014,72864.12,0.00595,72864.19,7e-05,72864.76,8e-05,72864.77,7e-05,72864.88,0.00205,72864.95,7e-05,72865.53,7e-05,72864.005,0.00999999999476131,0.0013724197557849463,0.4946985228279112,3.22814,1.0418400000000003,0.5120164497257597,0.0
2026-05-28 15:24:42.302040,72864.0,3.06966,72863.99,0.00086,72863.98,0.00014,72863.26,0.00016,72863.25,0.03992,72863.24,0.06621,72862.77,7e-05,72862.68,7e-05,72862.48,0.06621,72862.04,7e-05,72864.01,1.01018,72864.02,0.0007,72864.03,0.00014,72864.12,0.00595,72864.19,7e-05,72864.77,7e-05,72864.88,0.00205,72864.95,7e-05,72865.53,7e-05,72866.0,0.00336,72864.005,0.00999999999476131,0.0013724197557849463,0.5047943056590454,3.2433699999999996,1.0226600000000001,0.5205565830526273,0.0
2026-05-28 15:24:42.798854,72864.0,3.07056,72863.99,0.00086,72863.98,0.00014,72863.26,0.00016,72863.25,0.03992,72863.24,0.06621,72862.77,7e-05,72862.68,7e-05,72862.49,0.00016,72862.48,0.06621,72864.01,1.01206,72864.02,0.0007,72864.03,0.00014,72864.12,0.00595,72864.19,7e-05,72864.77,7e-05,72864.88,0.00205,72864.95,7e-05,72865.53,7e-05,72866.0,0.00336,72864.005,0.00999999999476131,0.0013724197557849463,0.5042105314724368,3.24436,1.02454,0.5199981259809318,0.0
2026-05-28 15:24:43.153724,72864.0,3.07048,72863.99,0.00086,72863.98,0.00014,72863.25,0.03976,72863.24,0.06621,72862.77,7e-05,72862.68,7e-05,72862.48,0.06621,72862.04,7e-05,72862.0,0.00796,72864.01,1.01206,72864.02,0.0007,72864.03,0.00014,72864.12,0.00595,72864.19,7e-05,72864.77,7e-05,72864.88,0.00205,72864.95,7e-05,72865.53,7e-05,72866.0,0.00336,72864.005,0.00999999999476131,0.0013724197557849463,0.5042008161585679,3.2518299999999996,1.02454,0.520836597394519,0.0
2026-05-28 15:24:43.584986,72864.0,3.06817,72863.99,0.0007,72863.98,0.00014,72863.25,0.03976,72863.24,0.06621,72862.77,7e-05,72862.68,7e-05,72862.48,0.06621,72862.32,0.01699,72862.04,7e-05,72864.01,0.14314,72864.02,0.00089,72864.03,0.00014,72864.12,0.00595,72864.19,7e-05,72864.77,7e-05,72864.88,0.00205,72864.95,7e-05,72865.53,7e-05,72866.0,0.00336,72864.005,0.00999999999476131,0.0013724197557849463,0.9108525804111096,3.2583899999999995,0.15580999999999995,0.9087282525921154,0.0
2026-05-28 15:24:44.117728,72874.0,3.22276,72873.99,0.00038,72873.98,0.00014,72873.9,7e-05,72873.23,0.06696,72873.11,0.00016,72873.06,0.07439,72872.67,0.13722,72872.6,0.00016,72872.59,1.85966,72874.01,0.11402,72874.02,0.00064,72874.57,7e-05,72875.19,8e-05,72875.46,0.00042,72876.0,0.0014,72876.01,0.00716,72876.32,8e-05,72876.67,0.0002,72877.3,0.00024,72874.005,0.00999999999476131,0.0013722314280327132,0.9316586649404516,5.3619,0.12431,0.9546827409085689,0.00013724197565045948
2026-05-28 15:24:44.595807,72874.88,4.25396,72874.87,0.00038,72874.86,0.00014,72874.26,0.004,72874.11,0.06683,72874.01,0.00015,72874.0,0.38524,72873.9,7e-05,72873.82,0.00016,72873.41,0.13722,72874.89,0.03868,72874.9,0.00086,72874.91,0.00014,72875.19,8e-05,72875.46,0.00042,72876.0,0.0014,72876.01,0.00716,72876.32,8e-05,72876.67,0.0002,72877.3,8e-05,72874.88500000001,0.00999999999476131,0.0013722148576647921,0.9819784561481977,4.8481499999999995,0.049099999999999984,0.9799479299606921,1.2075636573127824e-05
2026-05-28 15:24:45.103496,72876.0,4.80342,72875.99,0.00038,72875.98,0.00014,72875.46,1.35209,72875.45,0.3957,72875.2,8e-05,72875.19,2.46201,72875.18,7e-05,72874.88,0.27538,72874.66,0.00023,72876.01,0.18828,72876.02,0.00072,72876.32,8e-05,72876.63,7e-05,72876.67,0.0002,72877.01,0.00016,72877.02,0.07423,72877.49,7e-05,72877.64,7e-05,72878.0,0.0014,72876.005,0.00999999999476131,0.001372193768684399,0.9245627742051807,9.289499999999999,0.26528,0.9444717722438402,1.5368806413729175e-05
2026-05-28 15:24:45.619005,72876.0,4.66875,72875.99,0.00038,72875.98,0.00014,72875.47,0.00016,72875.46,1.00219,72875.45,0.26578,72875.2,8e-05,72875.19,2.46201,72875.18,0.00014,72875.15,0.00205,72876.01,0.74466,72876.02,0.00072,72876.32,8e-05,72876.67,0.0002,72877.01,0.00016,72877.02,0.0746,72877.64,7e-05,72878.0,0.0014,72878.01,0.00716,72878.54,0.00553,72876.005,0.00999999999476131,0.001372193768684399,0.7248832067033534,8.40168,0.8345800000000001,0.8192818305244763,0.0
2026-05-28 15:24:46.099365,72876.0,4.67745,72875.99,0.00038,72875.98,0.00014,72875.46,1.00203,72875.45,0.26578,72875.2,8e-05,72875.19,2.46201,72875.18,0.00014,72875.15,0.00205,72874.89,0.0082,72876.01,0.74127,72876.02,0.0008,72876.32,8e-05,72876.67,0.0002,72877.01,0.00024,72877.02,0.07453,72877.36,7e-05,72877.64,7e-05,72878.0,0.0014,72878.01,0.00716,72876.005,0.00999999999476131,0.001372193768684399,0.7264040216139604,8.41826,0.82582,0.8213299755086498,0.0
2026-05-28 15:24:46.601657,72876.0,4.69345,72875.99,0.00038,72875.98,0.00014,72875.46,1.00203,72875.45,0.26578,72875.2,8e-05,72875.19,2.46201,72875.18,0.00014,72875.15,0.00205,72874.89,0.0082,72876.01,0.74034,72876.02,0.00121,72876.03,0.00014,72876.32,8e-05,72876.67,0.0002,72877.01,0.00024,72877.02,0.07453,72877.36,7e-05,72877.64,7e-05,72878.0,0.0014,72876.005,0.00999999999476131,0.001372193768684399,0.7275051115335706,8.43426,0.81828,0.8231231640176644,0.0
2026-05-28 15:24:47.080524,72876.0,4.54724,72875.99,0.00078,72875.98,0.00014,72875.47,0.00016,72875.46,1.00219,72875.45,0.00023,72875.2,0.00024,72875.19,2.46201,72875.18,0.00014,72875.15,0.00205,72876.01,2.0985,72876.02,0.00137,72876.03,0.00014,72876.32,8e-05,72876.67,0.0002,72877.01,0.00024,72877.02,0.07453,72877.36,7e-05,72877.64,7e-05,72878.0,0.0014,72876.005,0.00999999999476131,0.001372193768684399,0.3684676198587366,8.01518,2.1766,0.572871470930495,0.0
2026-05-28 15:24:47.577993,72876.0,4.54598,72875.99,0.00078,72875.98,0.00014,72875.48,0.00016,72875.47,0.0653,72875.46,1.00203,72875.45,7e-05,72875.21,0.00016,72875.2,0.06787,72875.19,2.46201,72876.01,1.85346,72876.02,0.00145,72876.03,0.00032,72876.32,8e-05,72876.37,0.00016,72876.38,0.01389,72876.67,0.0002,72877.01,0.00024,72877.02,0.07453,72877.36,7e-05,72876.005,0.00999999999476131,0.001372193768684399,0.4207430650181891,8.1445,1.9444000000000001,0.6145466800146696,0.0
2026-05-28 15:24:48.130407,72876.0,4.54628,72875.99,0.00078,72875.98,0.00014,72875.48,0.00016,72875.47,0.0653,72875.46,1.00203,72875.45,7e-05,72875.21,0.00016,72875.2,0.06787,72875.19,2.46201,72876.01,1.85299,72876.02,0.00145,72876.03,0.00032,72876.32,8e-05,72876.37,0.00016,72876.38,0.01389,72876.67,0.0002,72877.01,0.00024,72877.02,0.07453,72877.36,7e-05,72876.005,0.00999999999476131,0.001372193768684399,0.42087456850547017,8.1448,1.94393,0.6146333582125798,0.0
2026-05-28 15:24:48.603207,72876.0,4.54628,72875.99,0.00078,72875.98,0.00014,72875.48,0.00016,72875.47,0.0653,72875.46,1.00203,72875.45,7e-05,72875.21,0.00016,72875.2,0.06787,72875.19,2.46201,72876.01,2.53267,72876.02,0.00145,72876.03,0.00032,72876.32,8e-05,72876.37,0.00016,72876.38,0.01389,72876.67,0.0002,72877.01,0.00024,72877.02,0.07446,72877.36,7e-05,72876.005,0.00999999999476131,0.001372193768684399,0.2844503775277407,8.1448,2.62354,0.5127308387365184,0.0
2026-05-28 15:24:49.082991,72874.0,0.14137,72873.99,0.0008,72873.9,7e-05,72872.58,7e-05,72872.42,7e-05,72872.01,7e-05,72872.0,0.01188,72871.99,7e-05,72871.3,7e-05,72870.16,7e-05,72874.01,6.00607,72874.02,0.00038,72874.03,0.00014,72874.26,0.004,72874.78,0.06676,72874.89,0.00398,72874.9,1.61209,72875.25,0.12751,72875.67,0.0669,72875.8,0.13722,72874.005,0.00999999999476131,0.0013722314280327132,-0.9540068711528701,0.1545399999999999,8.02505,-0.9622132649680485,-2.7443875388111216e-05
2026-05-28 15:24:49.691946,72874.0,0.01515,72873.99,0.00088,72873.9,7e-05,72872.58,7e-05,72872.42,7e-05,72872.01,7e-05,72872.0,0.01188,72871.99,7e-05,72871.66,7e-05,72871.3,7e-05,72874.01,5.22154,72874.02,0.00038,72874.03,0.00014,72874.26,0.004,72874.78,0.06676,72874.89,0.00398,72874.9,1.61122,72875.25,0.12765,72875.53,0.00016,72875.56,0.13722,72874.005,0.00999999999476131,0.0013722314280327132,-0.9942139022932424,0.0284,7.173050000000001,-0.9921126995257898,0.0
2026-05-28 15:24:50.127361,72874.0,0.01915,72873.99,0.00096,72873.9,7e-05,72872.58,7e-05,72872.45,8e-05,72872.44,0.0003,72872.42,7e-05,72872.01,7e-05,72872.0,0.01188,72871.99,7e-05,72874.01,5.16956,72874.02,0.00057,72874.03,0.00014,72874.26,0.004,72874.78,0.06683,72874.89,1.05951,72874.9,1.15807,72875.25,9e-05,72875.48,0.10604,72875.67,0.06683,72874.005,0.00999999999476131,0.0013722314280327132,-0.9926185892061804,0.032720000000000006,7.63164,-0.9914617789352274,0.0
2026-05-28 15:24:50.579286,72874.0,0.03214,72873.99,0.00094,72873.98,0.00014,72873.9,7e-05,72872.58,7e-05,72872.45,8e-05,72872.42,7e-05,72872.26,7e-05,72872.01,7e-05,72872.0,0.01188,72874.01,5.25425,72874.02,0.00057,72874.03,0.00014,72874.26,0.004,72874.78,0.06683,72874.87,1.79535,72874.88,2.46201,72874.89,8e-05,72874.9,1.15799,72875.25,9e-05,72874.005,0.00999999999476131,0.0013722314280327132,-0.9878404733665128,0.04553000000000001,10.74131,-0.9915582320679645,0.0
2026-05-28 15:24:51.095513,72874.0,0.15299,72873.99,0.00094,72873.98,0.00014,72873.9,7e-05,72872.58,7e-05,72872.42,7e-05,72872.01,7e-05,72872.0,0.01188,72871.99,7e-05,72871.66,7e-05,72874.01,4.80821,72874.02,0.00057,72874.03,0.00032,72874.26,0.004,72874.77,0.00703,72874.78,0.06683,72874.87,1.79543,72874.88,2.46201,72874.9,1.15807,72875.25,9e-05,72874.005,0.00999999999476131,0.0013722314280327132,-0.9383254051439168,0.1663699999999999,10.30256,-0.9682164270847163,0.0
2026-05-28 15:24:51.606060,72874.0,0.15299,72873.99,0.00094,72873.98,0.00014,72873.9,7e-05,72872.58,7e-05,72872.42,7e-05,72872.01,7e-05,72872.0,0.01188,72871.99,7e-05,72871.66,7e-05,72874.01,4.79448,72874.02,0.00057,72874.03,0.00032,72874.26,0.004,72874.78,0.06683,72874.87,1.79543,72874.88,2.46201,72874.9,1.15807,72875.24,0.00703,72875.25,9e-05,72874.005,0.00999999999476131,0.0013722314280327132,-0.9381542485351099,0.1663699999999999,10.28883,-0.9681746881934348,0.0
2026-05-28 15:24:52.078242,72868.0,0.12292,72867.99,0.00072,72867.85,0.00415,72867.6,0.00014,72867.33,0.00205,72866.98,7e-05,72866.9,7e-05,72866.71,0.003,72866.42,7e-05,72866.35,7e-05,72868.01,5.41633,72868.02,0.00022,72868.03,0.00014,72868.56,0.00016,72868.57,0.13393,72868.62,0.00024,72868.63,1.56585,72868.64,0.8174,72868.77,0.004,72868.91,0.00205,72868.005,0.00999999999476131,0.00137234441848124,-0.9556185404161214,0.13325999999999993,7.94032,-0.9669886221477957,-8.233388572509437e-05
2026-05-28 15:24:52.857224,72868.0,0.13766,72867.99,0.00064,72867.85,0.00415,72867.6,7e-05,72867.33,0.00205,72867.15,7e-05,72866.9,7e-05,72866.42,7e-05,72866.35,7e-05,72866.2,7e-05,72868.01,6.06104,72868.02,0.00038,72868.03,0.00014,72868.56,0.00016,72868.57,0.13393,72868.61,0.00027,72868.62,0.00024,72868.63,1.56585,72868.64,0.66291,72868.77,0.004,72868.005,0.00999999999476131,0.00137234441848124,-0.9555842354041976,0.1449199999999999,8.42892,-0.966194843850597,0.0
2026-05-28 15:24:53.146560,72868.0,0.13781,72867.99,0.00072,72867.85,0.00415,72867.6,7e-05,72867.33,0.00205,72867.15,7e-05,72866.9,7e-05,72866.42,7e-05,72866.35,7e-05,72866.2,7e-05,72868.01,6.37114,72868.02,0.00038,72868.03,0.00014,72868.56,0.00016,72868.57,0.13393,72868.61,0.00027,72868.62,0.00024,72868.63,1.56585,72868.64,0.66291,72868.77,0.004,72868.005,0.00999999999476131,0.00137234441848124,-0.9576552285698923,0.1451499999999999,8.73902,-0.9673239030770462,0.0
2026-05-28 15:24:53.603607,72868.0,0.13802,72867.99,0.00086,72867.98,0.00014,72867.85,0.00415,72867.6,7e-05,72867.33,0.00205,72867.15,7e-05,72866.9,7e-05,72866.42,7e-05,72866.35,7e-05,72868.01,4.82531,72868.02,0.00057,72868.03,0.00014,72868.56,0.00016,72868.57,0.13393,72868.61,0.00027,72868.62,0.00024,72868.63,1.56585,72868.64,0.67034,72868.77,0.004,72868.005,0.00999999999476131,0.00137234441848124,-0.9443841130853681,0.14556999999999992,7.200810000000001,-0.9603695969987939,0.0
2026-05-28 15:24:54.120744,72868.0,1.88058,72867.99,0.00102,72867.98,0.00014,72867.85,0.00415,72867.6,7e-05,72867.33,0.00205,72867.24,0.00016,72867.23,0.0615,72867.22,0.06736,72867.15,7e-05,72868.01,2.71174,72868.02,0.00113,72868.03,0.01387,72868.56,0.00024,72868.57,0.13393,72868.61,0.00027,72868.63,0.00016,72868.64,0.05951,72868.77,0.004,72868.91,0.00205,72868.005,0.00999999999476131,0.00137234441848124,-0.18098912967737438,2.0171,2.9268999999999994,-0.1840210355987054,0.0
2026-05-28 15:24:54.617459,72868.0,1.87942,72867.99,0.00102,72867.98,0.00014,72867.85,0.00415,72867.6,7e-05,72867.33,0.00205,72867.24,0.00016,72867.23,0.0615,72867.22,0.06736,72867.15,7e-05,72868.01,2.80978,72868.02,0.00121,72868.03,0.01422,72868.56,0.00024,72868.57,0.13393,72868.61,0.00027,72868.63,0.00016,72868.64,0.05951,72868.77,0.004,72868.91,0.00205,72868.005,0.00999999999476131,0.00137234441848124,-0.19840484517614942,2.01594,3.0253699999999997,-0.20023168581182266,0.0
2026-05-28 15:24:55.076866,72868.0,2.75903,72867.99,0.00086,72867.98,0.00014,72867.85,0.00415,72867.6,7e-05,72867.33,0.00205,72867.24,0.00016,72867.23,0.0615,72867.22,0.06736,72867.15,7e-05,72868.01,1.47666,72868.02,0.00097,72868.03,0.00123,72868.56,8e-05,72868.57,0.0003,72868.61,0.00027,72868.63,0.00016,72868.64,0.03852,72868.91,0.00205,72869.22,7e-05,72868.005,0.00999999999476131,0.00137234441848124,0.30275350651251626,2.8953900000000004,1.5203100000000003,0.31140702493375905,0.0
2026-05-28 15:24:55.601404,72868.0,2.7594,72867.99,0.00054,72867.98,0.00014,72867.85,0.00415,72867.6,7e-05,72867.33,0.00205,72867.24,0.00016,72867.23,0.0615,72867.22,0.06736,72867.15,7e-05,72868.01,1.39896,72868.02,0.00113,72868.03,0.00107,72868.56,8e-05,72868.57,0.00014,72868.61,0.00027,72868.63,0.00016,72868.64,0.01868,72868.91,0.00205,72869.22,7e-05,72868.005,0.00999999999476131,0.00137234441848124,0.3271578218336074,2.8954400000000002,1.4226100000000002,0.34108683317701277,0.0
2026-05-28 15:24:56.083263,72868.0,2.77312,72867.99,0.00054,72867.98,0.00014,72867.85,0.00415,72867.6,7e-05,72867.33,0.00205,72867.24,0.00016,72867.23,0.0615,72867.22,0.06736,72867.15,7e-05,72868.01,1.30543,72868.02,0.00113,72868.03,0.00107,72868.57,0.00014,72868.61,0.00027,72868.63,0.00024,72868.64,0.01868,72868.91,0.00205,72869.22,7e-05,72869.33,7e-05,72868.005,0.00999999999476131,0.00137234441848124,0.3598558311164507,2.9091600000000004,1.3291500000000003,0.37279245737098043,0.0
2026-05-28 15:24:56.567128,72868.0,2.77287,72867.99,0.00054,72867.98,0.00014,72867.85,0.00415,72867.6,7e-05,72867.33,0.00205,72867.24,0.00016,72867.23,0.0615,72867.22,0.06736,72867.15,7e-05,72868.01,1.31171,72868.02,0.00105,72868.03,0.00107,72868.57,0.00014,72868.61,0.00027,72868.63,0.00024,72868.64,0.01868,72868.91,0.00205,72869.22,7e-05,72869.33,7e-05,72868.005,0.00999999999476131,0.00137234441848124,0.3577258861376201,2.9089100000000006,1.33535,0.37075014254546146,0.0
2026-05-28 15:24:57.155557,72868.0,1.29563,72867.99,0.00078,72867.98,0.00014,72867.85,0.00415,72867.6,7e-05,72867.33,0.00205,72867.22,7e-05,72867.15,7e-05,72866.46,0.00016,72866.45,0.0433,72868.01,2.39145,72868.02,0.00105,72868.03,0.00107,72868.57,0.00014,72868.61,0.00027,72868.63,0.00024,72868.64,0.01868,72868.77,0.004,72868.78,0.00016,72868.79,0.06729,72868.005,0.00999999999476131,0.00137234441848124,-0.297205376612387,1.3464200000000002,2.4843499999999996,-0.29704994035141746,0.0
2026-05-28 15:24:57.741650,72868.0,1.77591,72867.99,0.00086,72867.98,0.00014,72867.85,0.00415,72867.6,7e-05,72867.33,0.00205,72867.23,0.00016,72867.22,0.06728,72867.15,7e-05,72866.46,0.00016,72868.01,2.08206,72868.02,0.00097,72868.03,0.00107,72868.57,0.00014,72868.61,0.00027,72868.63,0.00024,72868.64,0.01868,72868.77,0.004,72868.91,0.00205,72869.22,0.00027,72868.005,0.00999999999476131,0.00137234441848124,-0.07935520493938515,1.8508500000000003,2.1097499999999996,-0.06536888350249943,0.0
2026-05-28 15:24:58.152384,72868.0,1.1342,72867.99,0.00078,72867.98,0.00014,72867.85,0.00415,72867.6,7e-05,72867.33,0.00205,72867.24,0.00016,72867.23,0.06344,72867.22,0.06736,72867.15,7e-05,72868.01,2.51711,72868.02,0.00105,72868.03,0.00107,72868.57,0.00014,72868.61,0.00027,72868.63,0.00024,72868.64,0.01868,72868.72,0.00752,72868.77,0.004,72868.78,0.00016,72868.005,0.00999999999476131,0.00137234441848124,-0.37874351944918394,1.2724200000000003,2.55024,-0.3342750859349248,0.0
2026-05-28 15:24:58.855131,72868.0,0.27882,72867.99,0.00102,72867.98,0.00014,72867.85,0.00415,72867.6,7e-05,72867.33,0.00205,72867.15,7e-05,72866.42,7e-05,72866.35,7e-05,72866.2,7e-05,72868.01,4.10598,72868.02,0.00057,72868.03,0.00107,72868.57,0.00014,72868.61,0.00027,72868.63,0.00024,72868.64,0.01868,72868.69,0.00016,72868.7,0.01389,72868.72,0.00752,72868.005,0.00999999999476131,0.00137234441848124,-0.872824302134647,0.28653000000000006,4.14852,-0.8707883789359759,0.0
2026-05-28 15:24:59.080451,72868.0,0.00959,72867.99,0.00078,72867.98,0.00014,72867.85,0.00415,72867.6,7e-05,72867.33,0.00205,72867.15,7e-05,72866.42,7e-05,72866.35,7e-05,72866.2,7e-05,72868.01,6.34962,72868.02,0.00057,72868.03,0.00107,72868.57,0.00014,72868.61,0.00027,72868.63,8e-05,72868.64,0.01868,72868.7,0.00016,72868.72,0.00752,72868.77,0.004,72868.005,0.00999999999476131,0.00137234441848124,-0.9969839020884669,0.017060000000000002,6.38211,-0.9946680585138385,0.0
2026-05-28 15:24:59.679910,72868.0,0.02627,72867.99,0.00078,72867.98,0.00014,72867.85,0.00415,72867.6,7e-05,72867.33,0.00205,72867.15,7e-05,72866.42,7e-05,72866.35,7e-05,72866.2,7e-05,72868.01,4.11155,72868.02,0.00057,72868.03,0.00107,72868.57,0.00014,72868.61,0.00027,72868.63,8e-05,72868.64,0.01868,72868.72,0.00752,72868.77,0.004,72868.79,0.06736,72868.005,0.00999999999476131,0.00137234441848124,-0.9873024926168851,0.033740000000000006,4.21124,-0.9841035764597242,0.0
2026-05-28 15:25:00.132836,72868.0,0.15451,72867.99,0.00086,72867.98,0.00014,72867.85,0.00415,72867.6,7e-05,72867.33,0.00205,72867.15,7e-05,72866.42,7e-05,72866.35,7e-05,72866.2,7e-05,72868.01,5.49735,72868.02,0.00057,72868.03,0.00107,72868.57,0.00014,72868.61,0.00027,72868.63,0.00016,72868.64,0.01868,72868.72,0.00752,72868.77,0.004,72868.78,0.00024,72868.005,0.00999999999476131,0.00137234441848124,-0.945324194159091,0.16205999999999993,5.53,-0.9430575222327241,0.0
2026-05-28 15:25:00.607862,72868.0,1.5138,72867.99,0.00126,72867.98,0.00014,72867.85,0.00415,72867.6,7e-05,72867.33,0.00205,72867.24,0.00016,72867.23,0.06338,72867.22,0.06736,72867.15,7e-05,72868.01,3.72173,72868.02,0.00097,72868.03,0.00107,72868.57,0.00014,72868.61,0.00027,72868.63,0.00016,72868.64,0.01868,72868.72,0.00752,72868.77,0.004,72868.78,8e-05,72868.005,0.00999999999476131,0.00137234441848124,-0.4217204370904188,1.6524400000000004,3.75462,-0.3887842931278735,0.0
2026-05-28 15:25:01.085217,72868.0,2.21767,72867.99,0.0007,72867.98,0.00014,72867.85,0.00415,72867.6,7e-05,72867.33,0.00205,72867.24,0.00016,72867.23,0.06346,72867.22,0.06736,72867.15,7e-05,72868.01,2.74931,72868.02,0.00089,72868.03,0.00107,72868.57,0.00014,72868.61,0.00027,72868.63,0.00016,72868.64,0.01868,72868.72,0.00752,72868.79,7e-05,72868.91,0.00205,72868.005,0.00999999999476131,0.00137234441848124,-0.1070348582035764,2.3558300000000005,2.78016,-0.08261893033280816,0.0
2026-05-28 15:25:01.620071,72868.0,1.76241,72867.99,0.00078,72867.98,0.00014,72867.85,0.00415,72867.6,7e-05,72867.33,0.00205,72867.24,0.00016,72867.23,0.06346,72867.22,0.06736,72867.15,7e-05,72868.01,3.00733,72868.02,0.00097,72868.03,0.00107,72868.57,0.00014,72868.61,0.00027,72868.63,0.00016,72868.64,0.01868,72868.72,0.00752,72868.78,0.00016,72868.79,0.06736,72868.005,0.00999999999476131,0.00137234441848124,-0.26100374443890023,1.9006500000000004,3.10366,-0.24039477969989861,0.0
2026-05-28 15:25:02.092411,72868.0,1.66598,72867.99,0.00078,72867.98,0.00014,72867.85,0.00415,72867.6,7e-05,72867.33,0.00205,72867.24,0.00016,72867.23,0.06346,72867.22,0.06736,72867.15,7e-05,72868.01,3.00733,72868.02,0.00097,72868.03,0.00107,72868.57,0.00014,72868.61,0.00027,72868.63,0.00016,72868.64,0.01868,72868.72,0.00752,72868.78,0.00016,72868.79,0.06736,72868.005,0.00999999999476131,0.00137234441848124,-0.28702354434009303,1.8042200000000004,3.10366,-0.26476604969966655,0.0
2026-05-28 15:25:02.587718,72867.99,0.00125,72867.98,0.0007,72867.85,0.00415,72867.6,7e-05,72867.33,0.00205,72867.23,8e-05,72867.15,7e-05,72866.75,0.00016,72866.45,8e-05,72866.42,0.00014,72868.0,10.11235,72868.01,2.54672,72868.02,0.00033,72868.03,0.00093,72868.56,0.00016,72868.57,0.00014,72868.61,0.00027,72868.64,0.01868,72868.72,0.00752,72868.77,0.004,72867.995,0.00999999999476131,0.0013723446068141865,-0.999752808099984,0.00875,12.691099999999999,-0.9986220309688698,-1.3723444203250779e-07
2026-05-28 15:25:04.109703,72858.0,3.03376,72857.99,0.00064,72857.25,0.00528,72857.24,0.07045,72856.93,7e-05,72856.84,8e-05,72856.74,0.00016,72856.73,0.09156,72856.72,0.00108,72856.49,0.00024,72858.01,3.18586,72858.02,0.00038,72858.03,0.00014,72858.07,0.00016,72858.08,0.04008,72858.77,0.00025,72858.94,0.00031,72858.95,0.09115,72859.11,7e-05,72859.36,0.0002,72858.005,0.00999999999476131,0.0013725327772509432,-0.02445487023322967,3.20332,3.3185999999999996,-0.017675776458466123,-0.00013709722629240417
2026-05-28 15:25:04.269404,72858.0,3.03376,72857.99,0.00064,72857.25,0.00528,72857.24,0.07045,72856.93,7e-05,72856.84,8e-05,72856.74,0.00016,72856.73,0.09156,72856.72,0.00108,72856.49,0.00024,72858.01,3.18586,72858.02,0.00038,72858.03,0.00014,72858.07,0.00016,72858.08,0.04016,72858.77,0.00025,72858.94,0.00031,72858.95,0.09115,72859.11,7e-05,72859.36,0.0002,72858.005,0.00999999999476131,0.0013725327772509432,-0.02445487023322967,3.20332,3.3186799999999996,-0.01768782582030044,0.0
2026-05-28 15:25:04.464492,72858.0,3.78712,72857.99,0.0003,72857.98,0.00014,72857.93,0.00028,72857.79,0.004,72857.25,0.00512,72857.24,0.07053,72857.07,0.07725,72856.93,7e-05,72856.84,8e-05,72858.01,0.17093,72858.02,0.00086,72858.03,0.00014,72858.07,0.00016,72858.08,0.00016,72858.94,0.00031,72858.95,0.07446,72859.11,7e-05,72859.36,0.0002,72859.37,0.00014,72858.005,0.00999999999476131,0.0013725327772509432,0.9136291860891096,3.94489,0.24742999999999998,0.8819603465384322,0.0
2026-05-28 15:25:04.668339,72858.0,3.82547,72857.99,0.0003,72857.98,0.00014,72857.83,0.01116,72857.79,0.004,72857.46,0.12494,72857.42,0.04077,72857.25,0.00512,72857.24,0.0706,72857.09,8e-05,72858.01,0.53088,72858.02,0.00086,72858.03,0.00014,72858.38,7e-05,72858.94,0.00015,72858.95,7e-05,72859.11,7e-05,72859.36,0.0002,72859.37,7e-05,72859.6,7e-05,72858.005,0.00999999999476131,0.0013725327772509432,0.7562730267310938,4.082579999999999,0.53258,0.7692041012662615,0.0
2026-05-28 15:25:05.099696,72858.0,3.82561,72857.99,0.0003,72857.98,0.00014,72857.79,0.004,72857.47,0.17315,72857.46,0.1251,72857.42,0.04077,72857.25,0.00512,72857.24,0.07053,72857.09,8e-05,72858.01,0.34237,72858.02,0.00094,72858.03,0.00014,72858.94,0.00015,72858.95,7e-05,72859.36,0.0002,72859.37,7e-05,72859.6,7e-05,72859.73,7e-05,72859.84,7e-05,72858.005,0.00999999999476131,0.0013725327772509432,0.8357141828895532,4.2448,0.34415,0.8500092613778751,0.0
2026-05-28 15:25:05.849131,72860.95,5.4997,72860.94,0.00038,72860.93,0.00014,72860.55,9e-05,72860.18,0.06627,72859.62,0.004,72859.41,0.20351,72859.35,7e-05,72859.12,7e-05,72858.96,1.12918,72860.96,0.05035,72860.97,0.00084,72861.3,8e-05,72861.31,7e-05,72861.39,0.004,72861.4,0.00205,72861.43,7e-05,72861.77,0.00021,72861.82,0.00016,72861.83,0.07423,72860.955,0.010000000009313226,0.0013724772080345672,0.9818560193151413,6.903409999999999,0.13206,0.962458798061821,4.048971695014281e-05
2026-05-28 15:25:06.128396,72860.95,4.00609,72860.94,0.00038,72860.93,0.00014,72860.55,9e-05,72860.18,0.06627,72859.62,0.004,72859.41,0.06626,72859.36,0.12676,72859.35,7e-05,72859.12,7e-05,72860.96,0.16712,72860.97,0.00084,72861.3,8e-05,72861.31,7e-05,72861.39,0.004,72861.4,0.00205,72861.77,0.00021,72861.82,0.00016,72861.83,0.07439,72862.0,0.00156,72860.955,0.010000000009313226,0.0013724772080345672,0.9199081762000954,4.27013,0.25048,0.8891830969714266,0.0
2026-05-28 15:25:06.626792,72860.95,3.94474,72860.94,0.00038,72860.93,0.00014,72860.55,9e-05,72860.19,8e-05,72860.18,0.06634,72859.85,7e-05,72859.62,0.004,72859.42,0.06143,72859.41,0.06619,72860.96,1.74982,72860.97,0.00084,72861.39,0.004,72861.4,0.00205,72861.77,0.00021,72861.82,0.00024,72861.83,0.07446,72862.0,0.00156,72862.01,0.01616,72862.68,7e-05,72860.955,0.010000000009313226,0.0013724772080345672,0.385441544210615,4.143459999999999,1.84941,0.3827965565747296,0.0
2026-05-28 15:25:07.187952,72860.95,2.25168,72860.94,0.00038,72860.93,0.00014,72860.19,0.00024,72860.18,0.06634,72859.85,7e-05,72859.62,0.004,72859.42,0.00016,72859.41,0.06634,72859.35,7e-05,72860.96,2.35501,72860.97,0.00292,72861.39,0.004,72861.4,0.00205,72861.77,0.00021,72861.82,0.00024,72861.83,0.0746,72862.0,0.00156,72862.01,0.01616,72862.03,7e-05,72860.955,0.010000000009313226,0.0013724772080345672,-0.022430421843015295,2.3894199999999994,2.45682,-0.013907689260127558,0.0
2026-05-28 15:25:07.600994,72860.95,2.24816,72860.94,0.00086,72860.93,0.00014,72860.19,0.00024,72860.18,0.06634,72859.85,7e-05,72859.62,0.004,72859.42,0.00016,72859.41,0.06634,72859.35,7e-05,72860.96,2.06008,72860.97,0.00306,72860.98,0.00014,72861.39,0.004,72861.4,0.00205,72861.77,0.00021,72861.82,0.00024,72861.83,0.0746,72862.0,0.00156,72862.01,0.01616,72860.955,0.010000000009313226,0.0013724772080345672,0.043655878038363655,2.3863799999999995,2.1621,0.049308780075981294,0.0
2026-05-28 15:25:08.138045,72860.95,2.24817,72860.94,0.00086,72860.93,0.00014,72860.19,0.00024,72860.18,0.06634,72859.85,7e-05,72859.62,0.004,72859.42,0.00016,72859.41,0.06634,72859.35,7e-05,72860.96,2.19689,72860.97,0.00298,72860.98,0.00014,72861.39,0.004,72861.4,0.00205,72861.77,0.00021,72861.82,0.00024,72861.83,0.0746,72862.0,0.00156,72862.01,0.01616,72860.955,0.010000000009313226,0.0013724772080345672,0.0115364022082942,2.3863899999999996,2.29883,0.01868855678068467,0.0
2026-05-28 15:25:08.579387,72860.95,2.46101,72860.94,0.00094,72860.93,0.00014,72860.19,0.00024,72860.18,0.06634,72860.0,0.004,72859.85,7e-05,72859.62,0.004,72859.42,0.00016,72859.41,0.06634,72860.96,2.05915,72860.97,0.00317,72860.98,0.00014,72861.39,0.004,72861.4,0.00205,72861.77,0.00021,72861.82,0.00024,72861.83,0.0746,72862.0,0.00156,72862.01,0.01616,72860.955,0.010000000009313226,0.0013724772080345672,0.08890393260415563,2.6032399999999996,2.16128,0.0927606558478083,0.0
2026-05-28 15:25:09.345765,72860.95,2.50308,72860.94,0.00038,72860.93,0.00014,72860.19,8e-05,72860.18,0.06627,72860.0,0.004,72859.85,7e-05,72859.62,0.004,72859.41,0.06641,72859.35,7e-05,72860.96,1.87563,72860.97,0.00325,72860.98,0.00014,72861.39,0.004,72861.4,0.00205,72861.77,0.00021,72861.82,0.00024,72861.83,0.07453,72862.0,0.00156,72862.01,0.01616,72860.955,0.010000000009313226,0.0013724772080345672,0.14329562816445945,2.6445,1.97777,0.14424298018073367,0.0
2026-05-28 15:25:09.659546,72860.95,2.63639,72860.94,0.00046,72860.93,0.00014,72860.19,8e-05,72860.18,0.06627,72860.0,0.004,72859.85,7e-05,72859.62,0.004,72859.41,0.06641,72859.35,7e-05,72860.96,1.87248,72860.97,0.00325,72860.98,0.00032,72861.39,0.004,72861.4,0.00205,72861.77,0.00021,72861.82,0.00024,72861.83,0.0746,72862.0,0.00156,72862.01,0.01616,72860.955,0.010000000009313226,0.0013724772080345672,0.16942382459463237,2.7778899999999997,1.9748700000000001,0.168958668226462,0.0
2026-05-28 15:25:10.163912,72860.95,2.45913,72860.94,0.00094,72860.93,0.00014,72860.19,0.00016,72860.18,0.06627,72860.0,0.004,72859.85,7e-05,72859.62,0.004,72859.42,0.00024,72859.41,0.06641,72860.96,1.97986,72860.97,0.00333,72860.98,0.00032,72861.39,0.004,72861.4,0.00205,72861.77,0.00021,72861.82,0.00024,72861.83,0.0746,72862.0,0.00233,72862.01,0.01616,72860.955,0.010000000009313226,0.0013724772080345672,0.10796825403977031,2.6013599999999997,2.0831000000000004,0.11063388309431596,0.0
2026-05-28 15:25:11.321009,72860.95,2.45913,72860.94,0.00094,72860.93,0.00014,72860.19,0.00016,72860.18,0.06627,72860.0,0.004,72859.85,7e-05,72859.62,0.004,72859.42,0.00024,72859.41,0.06641,72860.96,1.97915,72860.97,0.00425,72860.98,0.00032,72861.39,0.004,72861.4,0.00205,72861.77,0.00021,72861.82,0.00024,72861.83,0.0746,72862.0,0.00233,72862.01,0.01616,72860.955,0.010000000009313226,0.0013724772080345672,0.1081454978054562,2.6013599999999997,2.0833100000000004,0.11058409663861044,0.0
2026-05-28 15:25:11.498895,72860.95,2.50414,72860.94,0.00094,72860.93,0.00014,72860.19,0.00016,72860.18,0.06627,72860.0,0.004,72859.85,7e-05,72859.62,0.004,72859.42,0.00024,72859.41,0.06641,72860.96,1.97915,72860.97,0.00425,72860.98,0.00032,72861.39,0.004,72861.4,0.00205,72861.77,0.00021,72861.82,0.00024,72861.83,0.0746,72862.0,0.00233,72862.01,0.01616,72860.955,0.010000000009313226,0.0013724772080345672,0.11709927307847585,2.6463699999999997,2.0833100000000004,0.11904822313560309,0.0
2026-05-28 15:25:11.678956,72860.95,2.50462,72860.94,0.00094,72860.93,0.00014,72860.19,0.00016,72860.18,0.06627,72860.0,0.004,72859.85,7e-05,72859.62,0.004,72859.42,0.00024,72859.41,0.06641,72860.96,1.97915,72860.97,0.00425,72860.98,0.00032,72861.39,0.004,72861.4,0.00205,72861.77,0.00021,72861.82,0.00024,72861.83,0.0746,72862.0,0.00233,72862.01,0.01616,72860.955,0.010000000009313226,0.0013724772080345672,0.11719379004721477,2.6468499999999997,2.0833100000000004,0.11913761902345783,0.0
2026-05-28 15:25:12.084261,72860.95,2.50435,72860.94,0.00038,72860.93,0.00014,72860.18,0.06634,72860.0,0.004,72859.85,7e-05,72859.63,0.06135,72859.62,0.004,72859.42,8e-05,72859.41,0.06641,72860.96,1.54435,72860.97,0.00425,72860.98,0.00032,72861.39,0.004,72861.4,0.00205,72861.77,0.00021,72861.82,0.00024,72861.83,0.0746,72862.0,0.00233,72862.01,0.01616,72860.955,0.010000000009313226,0.0013724772080345672,0.2371131474300393,2.7071199999999997,1.6485100000000001,0.24304406021631766,0.0
2026-05-28 15:25:12.612526,72860.95,2.50508,72860.94,0.00094,72860.93,0.00014,72860.18,0.06634,72860.0,0.004,72859.85,7e-05,72859.65,0.00016,72859.62,0.004,72859.42,8e-05,72859.41,0.06641,72860.96,1.7074,72860.97,0.00425,72860.98,0.00024,72861.39,0.004,72861.4,0.00205,72861.77,0.00243,72861.82,0.00024,72861.83,0.0746,72862.0,0.00233,72862.01,0.01616,72860.955,0.010000000009313226,0.0013724772080345672,0.1893611364326952,2.64722,1.8137,0.18684934946154602,0.0
2026-05-28 15:25:13.529873,72860.95,2.505,72860.94,0.00086,72860.93,0.00014,72860.18,0.06627,72860.07,0.00751,72860.0,0.004,72859.85,7e-05,72859.62,0.004,72859.42,8e-05,72859.41,0.06641,72860.96,1.70512,72860.97,0.00422,72860.98,0.00014,72861.39,0.004,72861.4,0.00205,72861.77,0.00555,72861.82,0.00043,72861.83,0.0746,72862.0,0.00233,72862.01,0.01616,72860.955,0.010000000009313226,0.0013724772080345672,0.1899898340189828,2.6543399999999995,1.8145999999999998,0.18790585686986172,0.0
2026-05-28 15:25:13.694444,72860.95,2.50424,72860.94,0.00086,72860.93,0.00014,72860.18,0.06627,72860.07,0.00759,72860.0,0.004,72859.85,7e-05,72859.62,0.004,72859.42,8e-05,72859.41,0.06641,72860.96,1.70483,72860.97,0.00422,72860.98,0.00014,72861.39,0.004,72861.4,0.00205,72861.77,0.00555,72861.82,0.00043,72861.83,0.0746,72862.0,0.00233,72862.01,0.01616,72860.955,0.010000000009313226,0.0013724772080345672,0.18992556550496897,2.6536599999999995,1.8143099999999999,0.18785936342455292,0.0
2026-05-28 15:25:14.109089,72860.95,2.61331,72860.94,0.00038,72860.93,0.00014,72860.18,0.06634,72860.07,0.00759,72860.0,0.004,72859.85,7e-05,72859.63,0.06822,72859.62,0.004,72859.42,8e-05,72860.96,1.6526,72860.97,0.00422,72860.98,0.00014,72861.39,0.004,72861.4,0.00205,72861.77,0.00555,72861.82,0.00043,72861.83,0.0746,72862.0,0.00233,72862.01,0.01616,72860.955,0.010000000009313226,0.0013724772080345672,0.22520634518777935,2.7641299999999998,1.7620799999999999,0.2213883138431491,0.0
2026-05-28 15:25:14.601539,72860.95,2.61218,72860.94,0.00038,72860.93,0.00014,72860.18,0.06627,72860.07,0.00759,72860.0,0.004,72859.85,7e-05,72859.62,0.004,72859.42,8e-05,72859.41,0.06641,72860.96,1.63135,72860.97,0.00422,72860.98,0.00014,72861.39,0.004,72861.4,0.00205,72861.77,0.00555,72861.82,0.00043,72861.83,0.07478,72862.0,0.00233,72862.01,0.01616,72860.955,0.010000000009313226,0.0013724772080345672,0.23113539906634334,2.7611199999999996,1.74101,0.22658386141670717,0.0
2026-05-28 15:25:15.128430,72860.95,2.61218,72860.94,0.00038,72860.93,0.00014,72860.18,0.06627,72860.07,0.00759,72860.0,0.004,72859.85,7e-05,72859.62,0.004,72859.42,8e-05,72859.41,0.06641,72860.96,1.61762,72860.97,0.00422,72860.98,0.00014,72861.39,0.004,72861.4,0.00205,72861.77,0.00555,72861.82,0.00043,72861.83,0.07478,72862.0,0.00233,72862.01,0.01616,72860.955,0.010000000009313226,0.0013724772080345672,0.23513168471322518,2.7611199999999996,1.72728,0.23033597718563403,0.0
2026-05-28 15:25:15.665595,72860.95,2.61218,72860.94,0.00038,72860.93,0.00014,72860.18,0.06627,72860.08,0.00016,72860.07,0.00759,72860.0,0.004,72859.85,7e-05,72859.62,0.004,72859.42,8e-05,72860.96,1.4376,72860.97,0.00419,72860.98,0.00014,72861.3,7e-05,72861.39,0.004,72861.4,0.00205,72861.77,0.00555,72861.82,0.00043,72861.83,0.07478,72862.0,0.00233,72860.955,0.010000000009313226,0.0013724772080345672,0.2900355081016746,2.69487,1.53114,0.27537322438896267,0.0
2026-05-28 15:25:16.086553,72860.95,2.48444,72860.94,0.00086,72860.93,0.00014,72860.19,0.00016,72860.18,0.06627,72860.07,0.00759,72860.0,0.004,72859.85,7e-05,72859.62,0.004,72859.42,0.00024,72860.96,1.59335,72860.97,0.00419,72860.98,0.00014,72861.3,7e-05,72861.39,0.004,72861.4,0.00205,72861.77,0.00555,72861.82,0.00043,72861.83,0.07478,72862.0,0.00233,72860.955,0.010000000009313226,0.0013724772080345672,0.21852277826960195,2.56777,1.68689,0.20703887032101273,0.0
2026-05-28 15:25:16.653021,72860.95,2.13784,72860.94,0.00094,72860.93,0.00014,72860.19,0.00016,72860.18,0.06627,72860.0,0.004,72859.85,7e-05,72859.42,0.00024,72859.41,0.06634,72859.35,7e-05,72860.96,2.62487,72860.97,0.00411,72860.98,0.00014,72861.39,0.004,72861.4,0.00205,72861.77,0.00555,72861.82,0.00043,72861.83,0.07492,72862.0,0.00233,72862.01,0.01616,72860.955,0.010000000009313226,0.0013724772080345672,-0.10225900800174687,2.27607,2.7345600000000005,-0.09150346363630933,0.0
2026-05-28 15:25:17.102986,72860.95,2.13831,72860.94,0.00086,72860.93,0.00014,72860.19,0.00016,72860.18,0.06627,72860.0,0.004,72859.85,7e-05,72859.42,0.00024,72859.41,0.06634,72859.35,7e-05,72860.96,2.20577,72860.97,0.00411,72860.98,0.00014,72861.39,0.004,72861.4,0.00205,72861.77,0.00555,72861.82,0.00043,72861.83,0.07492,72862.0,0.00233,72862.01,0.01616,72860.955,0.010000000009313226,0.0013724772080345672,-0.015529179941437458,2.2764599999999997,2.3154600000000003,-0.008493179323681726,0.0
2026-05-28 15:25:18.229859,72860.95,1.72017,72860.94,0.00094,72860.93,0.00014,72860.19,0.00016,72860.18,0.06627,72860.0,0.004,72859.85,7e-05,72859.42,0.00024,72859.41,0.06641,72859.35,7e-05,72860.96,2.57263,72860.97,0.00411,72860.98,0.00014,72861.39,0.004,72861.4,0.00205,72861.45,0.004,72861.77,0.00021,72861.82,0.00024,72861.83,0.07474,72862.0,0.00233,72860.955,0.010000000009313226,0.0013724772080345672,-0.1985790160268357,1.85847,2.66445,-0.17819903955851527,0.0
2026-05-28 15:25:18.401438,72860.95,1.44445,72860.94,0.00086,72860.93,0.00014,72860.0,0.004,72859.85,7e-05,72859.42,8e-05,72859.41,7e-05,72859.35,7e-05,72859.12,7e-05,72859.05,7e-05,72860.96,2.8105,72860.97,0.00395,72860.98,0.00014,72861.38,0.00016,72861.39,0.03807,72861.4,0.00205,72861.45,0.004,72861.72,0.00016,72861.73,0.06627,72861.77,0.00021,72860.955,0.010000000009313226,0.0013724772080345672,-0.3210496010528914,1.4498800000000003,2.9255100000000005,-0.3372567931087285,0.0
2026-05-28 15:25:18.755489,72860.95,2.22159,72860.94,0.0011,72860.93,0.00014,72860.19,0.00016,72860.18,0.06627,72860.0,0.004,72859.85,7e-05,72859.42,0.00024,72859.41,0.06634,72859.35,7e-05,72860.96,2.26006,72860.97,0.00403,72860.98,0.00014,72861.39,0.004,72861.4,0.00205,72861.45,0.004,72861.68,0.00016,72861.69,0.0168,72861.77,0.00021,72861.82,0.00024,72860.955,0.010000000009313226,0.0013724772080345672,-0.008583892093313897,2.3599799999999997,2.2916900000000004,0.014680749064314385,0.0
2026-05-28 15:25:19.124149,72860.95,2.56115,72860.94,0.0011,72860.93,0.00014,72860.19,0.00016,72860.18,0.06627,72860.0,0.004,72859.85,7e-05,72859.42,0.00024,72859.41,0.06634,72859.35,7e-05,72860.96,1.84458,72860.97,0.00399,72860.98,0.00014,72861.39,0.004,72861.4,0.00205,72861.68,0.00016,72861.69,0.0168,72861.77,0.00021,72861.82,0.00024,72861.83,0.07474,72860.955,0.010000000009313226,0.0013724772080345672,0.16264501002104076,2.69954,1.9469100000000001,0.16197957580518454,0.0
2026-05-28 15:25:19.572948,72860.95,2.22375,72860.94,0.0011,72860.93,0.00014,72860.19,0.00016,72860.18,0.06627,72860.0,0.004,72859.85,7e-05,72859.42,0.00024,72859.41,0.06627,72859.35,7e-05,72860.96,2.11382,72860.97,0.00099,72860.98,0.00014,72861.39,0.004,72861.4,0.00205,72861.68,0.00016,72861.69,0.0168,72861.77,0.00021,72861.82,0.00024,72861.83,0.07474,72860.955,0.010000000009313226,0.0013724772080345672,0.025343683214334264,2.3620699999999997,2.2131499999999997,0.0325492544620805,0.0
2026-05-28 15:25:20.107113,72860.95,2.22375,72860.94,0.0011,72860.93,0.00014,72860.19,0.00024,72860.18,0.06627,72860.0,0.004,72859.85,7e-05,72859.42,0.00016,72859.41,0.06627,72859.35,7e-05,72860.96,2.11456,72860.97,0.00248,72860.98,0.00014,72861.39,0.004,72861.4,0.00205,72861.68,0.00016,72861.69,0.0168,72861.77,0.00021,72861.82,0.00024,72861.83,0.07474,72860.955,0.010000000009313226,0.0013724772080345672,0.025168786923940405,2.3620699999999997,2.2153799999999997,0.03204622661088598,0.0
2026-05-28 15:25:20.675702,72860.95,2.56269,72860.94,0.0011,72860.93,0.00014,72860.19,0.00024,72860.18,0.06627,72860.0,0.004,72859.85,7e-05,72859.42,0.00016,72859.41,0.06627,72859.35,7e-05,72860.96,1.97698,72860.97,0.00248,72860.98,0.00014,72861.39,0.004,72861.4,0.00205,72861.68,0.00016,72861.69,0.0168,72861.77,0.00021,72861.82,0.00024,72861.83,0.07474,72860.955,0.010000000009313226,0.0013724772080345672,0.12902039135003204,2.7010099999999997,2.0778,0.13041112745641695,0.0
2026-05-28 15:25:21.082288,72860.95,2.56204,72860.94,0.0011,72860.93,0.00014,72860.19,8e-05,72860.18,0.06627,72860.0,0.004,72859.85,7e-05,72859.41,0.06627,72859.35,7e-05,72859.12,7e-05,72860.96,1.56604,72860.97,0.00248,72860.98,0.00014,72861.39,0.004,72861.4,0.00205,72861.68,0.00016,72861.69,0.0168,72861.77,0.00021,72861.82,0.00024,72861.83,0.07474,72860.955,0.010000000009313226,0.0013724772080345672,0.2412743939070948,2.70011,1.6668600000000002,0.23660570143600707,0.0
2026-05-28 15:25:21.651713,72860.95,2.56204,72860.94,0.0011,72860.93,0.00014,72860.19,0.00016,72860.18,0.06627,72860.0,0.004,72859.85,7e-05,72859.42,0.00016,72859.41,0.06627,72859.35,7e-05,72860.96,1.56541,72860.97,0.00248,72860.98,0.00014,72861.39,0.004,72861.4,0.00205,72861.68,0.00016,72861.69,0.0168,72861.77,0.00021,72861.82,0.00024,72861.83,0.07467,72860.955,0.010000000009313226,0.0013724772080345672,0.24146385782989502,2.7002800000000002,1.66616,0.2368336677018349,0.0
2026-05-28 15:25:22.146445,72860.95,2.56204,72860.94,0.0011,72860.93,0.00014,72860.19,0.00016,72860.18,0.06627,72860.0,0.004,72859.85,7e-05,72859.42,0.00016,72859.41,0.06627,72859.35,7e-05,72860.96,1.56541,72860.97,0.00248,72860.98,0.00014,72861.39,0.004,72861.4,0.00205,72861.68,0.00016,72861.69,0.0168,72861.77,0.00021,72861.82,0.00024,72861.83,0.07467,72860.955,0.010000000009313226,0.0013724772080345672,0.24146385782989502,2.7002800000000002,1.66616,0.2368336677018349,0.0
2026-05-28 15:25:22.596515,72860.95,2.55664,72860.94,0.0011,72860.93,0.00014,72860.19,0.00016,72860.18,0.06627,72860.0,0.004,72859.85,7e-05,72859.42,0.00016,72859.41,0.06627,72859.35,7e-05,72860.96,1.56957,72860.97,0.00248,72860.98,0.00014,72861.37,0.00024,72861.38,0.08267,72861.39,0.004,72861.4,0.00205,72861.68,0.00016,72861.69,0.0168,72861.77,0.00021,72860.955,0.010000000009313226,0.0013724772080345672,0.23921952590876375,2.69488,1.67832,0.2324522089088082,0.0
2026-05-28 15:25:23.117068,72860.95,2.55552,72860.94,0.0011,72860.93,0.00014,72860.19,0.00016,72860.18,0.06627,72860.0,0.004,72859.85,7e-05,72859.42,0.00016,72859.41,0.06627,72859.35,7e-05,72860.96,1.56822,72860.97,0.0024,72860.98,0.00014,72861.37,0.00024,72861.38,0.08267,72861.39,0.004,72861.4,0.00205,72861.68,0.00016,72861.69,0.0168,72861.77,0.00021,72860.955,0.010000000009313226,0.0013724772080345672,0.23941858604082705,2.69376,1.67689,0.23265875785066295,0.0
2026-05-28 15:25:23.596331,72860.95,2.55552,72860.94,0.0011,72860.93,0.00014,72860.19,0.00016,72860.18,0.06627,72860.0,0.004,72859.85,7e-05,72859.42,0.00016,72859.41,0.06627,72859.35,7e-05,72860.96,1.56261,72860.97,0.00259,72860.98,0.00014,72861.37,0.00024,72861.38,0.08267,72861.39,0.004,72861.4,0.00205,72861.68,0.00016,72861.69,0.0168,72861.77,0.00021,72860.955,0.010000000009313226,0.0013724772080345672,0.24110700730671444,2.69376,1.6714700000000002,0.23418926379595115,0.0
2026-05-28 15:25:24.077257,72860.95,2.52584,72860.94,0.0011,72860.93,0.00014,72860.19,0.00016,72860.18,0.06627,72860.0,0.004,72859.85,7e-05,72859.42,0.00016,72859.41,0.06627,72859.35,7e-05,72860.96,1.56248,72860.97,0.00259,72860.98,0.00014,72861.37,0.00024,72861.38,0.08267,72861.39,0.004,72861.4,0.00205,72861.68,0.00016,72861.69,0.0168,72861.77,0.00021,72860.955,0.010000000009313226,0.0013724772080345672,0.2356371321227301,2.6640800000000002,1.6713400000000003,0.2289835817521716,0.0
2026-05-28 15:25:24.574115,72860.95,2.52584,72860.94,0.0011,72860.93,0.00014,72860.19,0.00016,72860.18,0.06627,72860.0,0.004,72859.85,7e-05,72859.42,0.00016,72859.41,0.06627,72859.35,7e-05,72860.96,1.55764,72860.97,0.00259,72860.98,0.00032,72861.37,0.00024,72861.38,0.08267,72861.39,0.004,72861.4,0.00205,72861.68,0.00016,72861.69,0.0168,72861.77,0.00021,72860.955,0.010000000009313226,0.0013724772080345672,0.2371016877761126,2.6640800000000002,1.6666800000000002,0.23030599709981617,0.0
2026-05-28 15:25:25.073719,72860.95,2.49857,72860.94,0.0011,72860.93,0.00014,72860.19,0.00016,72860.18,0.06627,72860.0,0.004,72859.85,7e-05,72859.42,0.00016,72859.41,0.06627,72859.35,7e-05,72860.96,1.55295,72860.97,0.00259,72860.98,0.00032,72861.37,0.00024,72861.38,0.08267,72861.39,0.004,72861.4,0.00205,72861.68,0.00016,72861.69,0.0168,72861.77,0.00021,72860.955,0.010000000009313226,0.0013724772080345672,0.23339882315772845,2.63681,1.6619900000000003,0.22676560900716475,0.0
2026-05-28 15:25:26.464019,72860.95,2.49727,72860.94,0.0011,72860.93,0.00014,72860.19,0.00016,72860.18,0.06627,72860.0,0.004,72859.85,7e-05,72859.42,0.00016,72859.41,0.06627,72859.35,7e-05,72860.96,1.55295,72860.97,0.00259,72860.98,0.00032,72861.37,0.00024,72861.38,0.08267,72861.39,0.004,72861.4,0.00205,72861.68,0.00016,72861.69,0.0168,72861.77,0.00021,72860.955,0.010000000009313226,0.0013724772080345672,0.23315276701018708,2.63551,1.6619900000000003,0.22653170447934837,0.0
2026-05-28 15:25:26.624636,72860.95,2.49727,72860.94,0.0011,72860.93,0.00014,72860.19,0.00016,72860.18,0.06627,72860.0,0.004,72859.85,7e-05,72859.42,0.00016,72859.41,0.06627,72859.35,7e-05,72860.96,1.55295,72860.97,0.00559,72860.98,0.00032,72861.37,0.00024,72861.38,0.08267,72861.39,0.004,72861.4,0.00205,72861.68,0.00016,72861.69,0.0168,72861.77,0.00021,72860.955,0.010000000009313226,0.0013724772080345672,0.23315276701018708,2.63551,1.6649900000000002,0.2256760841762585,0.0
2026-05-28 15:25:26.787527,72860.95,2.49727,72860.94,0.0011,72860.93,0.00014,72860.19,0.00016,72860.18,0.06627,72860.0,0.004,72859.85,7e-05,72859.42,0.00016,72859.41,0.06627,72859.35,7e-05,72860.96,1.55295,72860.97,0.00575,72860.98,0.00032,72861.37,0.00024,72861.38,0.08267,72861.39,0.004,72861.4,0.00205,72861.68,0.00016,72861.69,0.0168,72861.77,0.00021,72860.955,0.010000000009313226,0.0013724772080345672,0.23315276701018708,2.63551,1.6651500000000001,0.22563048462329033,0.0
2026-05-28 15:25:27.080635,72860.95,2.49727,72860.94,0.0011,72860.93,0.00014,72860.19,0.00016,72860.18,0.06627,72860.0,0.004,72859.85,7e-05,72859.42,0.00016,72859.41,0.06627,72859.35,7e-05,72860.96,1.54291,72860.97,0.00575,72860.98,0.00032,72861.37,0.00024,72861.38,0.08267,72861.39,0.004,72861.4,0.00205,72861.68,0.00016,72861.69,0.0168,72861.77,0.00021,72860.955,0.010000000009313226,0.0013724772080345672,0.23621719824364262,2.63551,1.65511,0.22849844544611264,0.0
2026-05-28 15:25:27.570325,72860.95,2.49616,72860.94,0.0011,72860.93,0.00014,72860.19,0.00016,72860.18,0.06627,72860.0,0.004,72859.85,7e-05,72859.42,0.00016,72859.41,0.06627,72859.35,7e-05,72860.96,1.54291,72860.97,0.00575,72860.98,0.00032,72861.37,0.00024,72861.38,0.08267,72861.39,0.004,72861.4,0.00205,72861.68,0.00016,72861.69,0.0168,72861.77,0.00021,72860.955,0.010000000009313226,0.0013724772080345672,0.23600729870985152,2.6344000000000003,1.65511,0.22829880335982436,0.0
2026-05-28 15:25:28.134880,72860.95,2.15649,72860.94,0.0011,72860.93,0.00014,72860.19,0.00016,72860.18,0.06627,72860.0,0.004,72859.85,7e-05,72859.42,0.00016,72859.41,0.06627,72859.35,7e-05,72860.96,2.07383,72860.97,0.00575,72860.98,0.00032,72861.37,0.00024,72861.38,0.08267,72861.39,0.004,72861.4,0.00205,72861.68,0.00016,72861.69,0.0168,72861.77,0.00021,72860.955,0.010000000009313226,0.0013724772080345672,0.01953989296318003,2.29473,2.1860299999999997,0.02425927744400509,0.0
2026-05-28 15:25:29.660951,72860.95,2.49469,72860.94,0.0011,72860.93,0.00014,72860.19,0.00016,72860.18,0.06627,72860.0,0.004,72859.85,7e-05,72859.42,0.00016,72859.41,0.06627,72859.35,7e-05,72860.96,1.59743,72860.97,0.00575,72860.98,0.00032,72861.37,0.00024,72861.38,0.08267,72861.39,0.004,72861.4,0.00205,72861.68,0.00016,72861.69,0.0168,72861.77,0.00021,72860.955,0.010000000009313226,0.0013724772080345672,0.21926531968759472,2.63293,1.70963,0.21261652113039314,0.0
2026-05-28 15:25:29.859170,72860.95,2.49469,72860.94,0.0011,72860.93,0.00014,72860.19,0.00016,72860.18,0.06627,72860.0,0.004,72859.85,7e-05,72859.42,0.00016,72859.41,0.06627,72859.35,7e-05,72860.96,1.59743,72860.97,0.00575,72860.98,0.00032,72861.37,0.00024,72861.38,0.08267,72861.39,0.004,72861.4,0.00205,72861.68,0.00016,72861.69,0.0168,72861.77,0.00021,72860.955,0.010000000009313226,0.0013724772080345672,0.21926531968759472,2.63293,1.70963,0.21261652113039314,0.0
2026-05-28 15:25:30.034619,72860.95,2.49469,72860.94,0.0011,72860.93,0.00014,72860.19,0.00016,72860.18,0.06627,72860.0,0.004,72859.85,7e-05,72859.42,0.00016,72859.41,0.06627,72859.35,7e-05,72860.96,1.60017,72860.97,0.00575,72860.98,0.00032,72861.37,0.00024,72861.38,0.08267,72861.39,0.004,72861.4,0.00205,72861.68,0.00016,72861.69,0.0168,72861.77,0.00021,72860.955,0.010000000009313226,0.0013724772080345672,0.21844947079997848,2.63293,1.7123700000000002,0.21185188594573442,0.0
2026-05-28 15:25:30.276458,72860.95,2.49469,72860.94,0.0011,72860.93,0.00014,72860.19,0.00016,72860.18,0.06627,72860.0,0.004,72859.85,7e-05,72859.42,0.00016,72859.41,0.06627,72859.35,7e-05,72860.96,1.60009,72860.97,0.00575,72860.98,0.00032,72861.37,0.00024,72861.38,0.08267,72861.39,0.004,72861.4,0.00205,72861.68,0.00016,72861.69,0.0168,72861.77,0.00021,72860.955,0.010000000009313226,0.0013724772080345672,0.2184732757315411,2.63293,1.71229,0.21187419739391788,0.0
2026-05-28 15:25:30.645121,72860.95,2.49469,72860.94,0.0011,72860.93,0.00014,72860.19,0.00016,72860.18,0.06627,72860.0,0.004,72859.85,7e-05,72859.62,0.004,72859.42,0.00016,72859.41,0.06627,72860.96,1.35018,72860.97,0.00575,72860.98,0.00032,72861.37,0.00024,72861.38,0.08267,72861.39,0.004,72861.4,0.00205,72861.68,0.00016,72861.69,0.0168,72861.77,0.00021,72860.955,0.010000000009313226,0.0013724772080345672,0.29767196290121645,2.63686,1.46238,0.2865116460612211,0.0
2026-05-28 15:25:31.099191,72882.14,0.32161,72881.69,0.73331,72881.1,0.74773,72881.07,0.8149,72880.37,1.21372,72880.17,5.37,72880.16,0.00016,72880.02,2.33227,72880.01,2.50293,72880.0,2.47971,72882.15,8e-05,72882.53,8e-05,72882.59,7e-05,72882.6,9e-05,72882.92,0.00042,72882.98,8e-05,72883.41,0.004,72883.68,7e-05,72883.84,8e-05,72884.0,0.0014,72882.14499999999,0.00999999999476131,0.0013720781673976956,0.9995026267524634,16.51634,0.00637,0.9992289400467599,0.0002908279201114805
2026-05-28 15:25:31.808764,72885.17,4.81809,72885.16,0.00038,72885.15,0.97397,72885.14,8e-05,72885.13,0.13457,72885.12,0.00082,72885.11,7e-05,72884.33,0.06816,72884.3,7e-05,72884.0,0.06708,72885.18,0.11555,72885.19,0.00056,72886.0,0.0014,72886.01,0.00716,72886.12,7e-05,72886.19,0.00553,72886.2,8e-05,72888.0,0.0014,72888.01,0.00716,72888.29,0.00016,72885.17499999999,0.00999999999476131,0.0013720211270345872,0.9531583171856886,6.0632899999999985,0.13907,0.9551557794129976,4.157396849402417e-05
2026-05-28 15:25:32.145810,72885.17,6.36964,72885.16,0.00038,72885.15,0.97397,72885.14,8e-05,72885.13,0.13457,72885.12,0.00082,72885.11,7e-05,72884.33,0.06816,72884.3,7e-05,72884.0,0.07108,72885.18,0.0026,72885.19,0.00056,72886.0,0.0014,72886.01,0.00716,72886.12,7e-05,72886.19,0.00553,72886.2,8e-05,72888.0,0.0014,72888.01,0.00716,72888.29,0.00016,72885.17499999999,0.00999999999476131,0.0013720211270345872,0.999183960428358,7.61884,0.02612,0.9931667399175406,0.0
2026-05-28 15:25:32.604074,72885.17,7.65484,72885.16,0.00046,72885.15,2.05063,72885.13,0.13464,72885.12,0.00082,72885.11,7e-05,72884.74,0.07423,72884.33,0.06816,72884.3,7e-05,72884.0,0.07708,72885.18,0.00283,72885.19,0.00089,72885.2,0.00014,72886.0,0.0014,72886.01,0.00716,72886.12,7e-05,72886.19,0.00553,72886.2,8e-05,72888.0,0.0014,72888.01,0.00716,72885.17499999999,0.00999999999476131,0.0013720211270345872,0.9992608717795359,10.060999999999998,0.02666,0.9947143341468686,0.0
2026-05-28 15:25:33.108653,72885.17,6.37079,72885.16,0.00046,72885.15,2.05063,72885.13,0.13464,72885.12,0.00082,72885.11,7e-05,72884.74,0.07439,72884.33,0.06816,72884.3,7e-05,72884.0,0.07708,72885.18,0.10725,72885.19,0.00086,72885.2,0.00014,72886.0,0.0014,72886.01,0.00716,72886.12,7e-05,72886.19,0.00553,72886.2,8e-05,72886.84,0.00205,72888.0,0.0014,72885.17499999999,0.00999999999476131,0.0013720211270345872,0.9668881328303006,8.777109999999999,0.12594,0.9717085717815804,0.0
2026-05-28 15:25:33.580599,72885.17,9.29353,72885.16,0.00038,72885.15,0.00014,72885.13,0.13464,72885.12,0.00082,72885.11,7e-05,72884.74,0.07439,72884.33,0.06816,72884.3,7e-05,72884.0,0.07708,72885.18,0.00156,72885.19,0.00086,72885.2,0.00014,72886.0,0.0014,72886.01,0.00716,72886.12,7e-05,72886.19,0.00553,72886.2,8e-05,72886.84,0.00205,72888.0,0.0014,72885.17499999999,0.00999999999476131,0.0013720211270345872,0.9996643389144162,9.649279999999997,0.020249999999999997,0.9958115854648569,0.0
2026-05-28 15:25:34.112987,72885.17,5.4577,72885.16,0.00038,72885.15,0.00014,72885.13,0.13464,72885.12,0.00082,72885.11,7e-05,72884.88,0.00766,72884.74,0.07439,72884.33,0.06816,72884.3,7e-05,72885.18,0.0014,72885.19,0.00094,72885.2,0.00014,72886.0,0.0014,72886.01,0.00716,72886.12,7e-05,72886.19,0.00553,72886.2,8e-05,72886.84,0.00205,72888.0,0.0014,72885.17499999999,0.00999999999476131,0.0013720211270345872,0.9994870949423896,5.7440299999999995,0.02017,0.9930016307553519,0.0
2026-05-28 15:25:34.609505,72885.17,4.83872,72885.16,0.00038,72885.15,0.00014,72885.13,0.13457,72885.12,0.00082,72885.11,7e-05,72884.33,0.06816,72884.3,7e-05,72884.0,0.07715,72883.83,0.00014,72885.18,0.18849,72885.19,0.00102,72885.2,0.00014,72886.0,0.0014,72886.01,0.00716,72886.12,7e-05,72886.19,0.00553,72886.2,8e-05,72886.44,0.00016,72886.45,0.07439,72885.17499999999,0.00999999999476131,0.0013720211270345872,0.9250120842375792,5.12022,0.27843999999999997,0.8968484772147163,0.0
2026-05-28 15:25:35.101989,72885.17,4.83683,72885.16,0.00038,72885.15,0.00014,72885.14,0.00016,72885.13,0.13457,72885.12,0.00082,72885.11,7e-05,72884.34,0.00016,72884.33,0.06816,72884.3,7e-05,72885.18,0.17463,72885.19,0.00257,72885.2,0.00014,72886.0,0.0014,72886.01,0.00863,72886.12,7e-05,72886.19,0.00553,72886.2,8e-05,72886.44,0.00024,72886.45,0.0746,72885.17499999999,0.00999999999476131,0.0013720211270345872,0.9303077346721316,5.04136,0.26788999999999996,0.8990855582238545,0.0
2026-05-28 15:25:35.656838,72885.17,5.06593,72885.16,0.00038,72885.15,0.00014,72885.13,0.13457,72885.12,0.00082,72885.11,7e-05,72884.33,0.06816,72884.3,7e-05,72884.0,0.07715,72883.83,0.00014,72885.18,0.00173,72885.19,0.00357,72885.2,0.00014,72886.0,0.0014,72886.01,0.00863,72886.12,7e-05,72886.19,0.00553,72886.2,8e-05,72886.44,0.00024,72886.45,0.07439,72885.17499999999,0.00999999999476131,0.0013720211270345872,0.9993172391202251,5.347429999999999,0.09578,0.9648075308503621,0.0
2026-05-28 15:25:36.079953,72894.69,1.44039,72894.68,0.00038,72894.67,0.00014,72894.38,0.00014,72894.21,0.00016,72894.2,0.12105,72894.01,0.00024,72894.0,0.1457,72893.32,0.01868,72893.12,0.00016,72894.7,3.24328,72894.71,0.00072,72895.45,7e-05,72895.48,0.00016,72895.49,0.06796,72895.52,0.00011,72895.6,8e-05,72895.61,0.03407,72895.78,0.00553,72895.98,0.00016,72894.695,0.00999999999476131,0.0013718419419631715,-0.38493104766134245,1.7270400000000001,3.3521399999999995,-0.31995322079548266,0.0001306164113623609
2026-05-28 15:25:36.577171,72894.69,1.43912,72894.68,0.00038,72894.67,0.00014,72894.38,0.00014,72894.21,0.00016,72894.2,0.12105,72894.02,8e-05,72894.01,0.17673,72894.0,0.1457,72893.32,0.01868,72894.7,3.24273,72894.71,0.00088,72895.45,7e-05,72895.48,0.00016,72895.49,0.06796,72895.52,0.00011,72895.6,8e-05,72895.61,0.0343,72895.78,0.00553,72895.98,0.00016,72894.695,0.00999999999476131,0.0013718419419631715,-0.38523446928030586,1.9021800000000002,3.3519799999999997,-0.2759337363156051,0.0
2026-05-28 15:25:37.114760,72894.69,1.65549,72894.68,0.00038,72894.67,0.00014,72894.38,0.00014,72894.21,0.00016,72894.2,0.12119,72894.04,8e-05,72894.03,0.19703,72894.02,0.06791,72894.01,0.00016,72894.7,3.14097,72894.71,0.00099,72895.45,7e-05,72895.52,0.00011,72895.59,0.00016,72895.6,0.04937,72895.61,0.0343,72895.78,0.00553,72896.0,0.0014,72896.01,0.00716,72894.695,0.00999999999476131,0.0013718419419631715,-0.3097034062621183,2.0426800000000003,3.2400599999999993,-0.22665889292299055,0.0
2026-05-28 15:25:37.689193,72894.69,1.46111,72894.68,0.00038,72894.67,0.00014,72894.38,0.00014,72894.21,0.00016,72894.2,0.12119,72894.04,8e-05,72894.03,0.1971,72894.02,0.06791,72894.01,0.00016,72894.7,3.14089,72894.71,0.00113,72894.72,0.00014,72895.45,7e-05,72895.52,0.00011,72895.59,0.00016,72895.6,0.04937,72895.61,0.0343,72895.78,0.00553,72896.0,0.0014,72894.695,0.00999999999476131,0.0013718419419631715,-0.36501086484137335,1.8483699999999998,3.2331,-0.27250579064719466,0.0
2026-05-28 15:25:38.283514,72886.83,0.27423,72886.82,0.00096,72886.2,8e-05,72886.01,0.00016,72886.0,0.02076,72885.17,0.00013,72885.12,7e-05,72884.18,8e-05,72884.0,0.01076,72883.56,0.00016,72886.84,5.64557,72886.85,0.00038,72886.86,0.00014,72887.07,0.004,72887.19,0.00759,72887.27,0.00016,72887.28,0.03423,72887.63,0.00016,72887.64,0.08254,72888.22,0.00072,72886.83499999999,0.00999999999476131,0.0013719898792095048,-0.9073515997162066,0.30739000000000005,5.7754900000000005,-0.8989327423851861,-0.00010782677669496366
2026-05-28 15:25:38.576476,72884.0,0.03106,72883.99,0.00064,72883.56,0.00016,72883.55,0.00044,72883.46,8e-05,72883.34,7e-05,72882.92,0.00042,72882.53,8e-05,72882.13,0.00016,72882.04,0.00016,72884.01,5.92717,72884.02,0.00424,72884.03,0.00014,72884.19,7e-05,72884.82,0.06938,72885.12,7e-05,72885.13,3.57004,72885.18,0.5516,72885.24,0.004,72885.32,0.07569,72884.005,0.00999999999476131,0.001372043151959241,-0.989574084921193,0.033269999999999994,10.2024,-0.993499204253361,-3.882731360183023e-05
2026-05-28 15:25:39.198808,72871.69,1.65222,72871.68,0.00056,72871.52,8e-05,72870.9,0.00016,72870.89,0.06489,72870.88,0.06901,72870.62,7e-05,72870.16,7e-05,72870.08,0.00016,72870.07,0.06915,72871.7,1.58423,72871.71,0.00038,72871.72,0.00014,72871.78,0.00016,72871.79,0.02053,72872.01,7e-05,72872.26,0.00015,72872.27,7e-05,72872.51,7e-05,72873.32,7e-05,72871.695,0.00999999999476131,0.001372274927152622,0.021007585471736007,1.8563699999999999,1.6058700000000001,0.07235200332732558,-0.00016889851209467288
2026-05-28 15:25:39.653100,72871.69,1.64084,72871.68,0.00016,72871.52,8e-05,72870.89,0.06473,72870.88,0.06901,72870.8,7e-05,72870.62,7e-05,72870.16,7e-05,72870.07,0.06915,72870.0,0.00864,72871.7,1.09668,72871.71,0.00038,72871.72,0.00014,72872.0,0.01031,72872.01,7e-05,72872.26,0.00015,72872.27,7e-05,72872.51,7e-05,72873.32,7e-05,72873.46,0.00016,72871.695,0.00999999999476131,0.001372274927152622,0.19877845641310382,1.8528200000000001,1.1081000000000003,0.25151642057198426,0.0
2026-05-28 15:25:40.109456,72871.69,1.63269,72871.68,0.00048,72871.52,8e-05,72870.9,0.00016,72870.89,0.06489,72870.88,0.06901,72870.8,7e-05,72870.16,7e-05,72870.08,0.00024,72870.07,0.06915,72871.7,1.8897,72871.71,0.00038,72871.72,0.00014,72872.0,0.01047,72872.01,7e-05,72872.26,7e-05,72872.27,7e-05,72872.51,7e-05,72872.55,0.00205,72872.98,7e-05,72871.695,0.00999999999476131,0.001372274927152622,-0.07296466319743128,1.8368400000000003,1.9030900000000002,-0.017714235293173914,0.0
2026-05-28 15:25:40.640932,72871.69,2.00981,72871.68,0.00062,72871.67,0.00014,72871.52,8e-05,72870.9,0.00016,72870.89,0.06489,72870.88,0.06901,72870.8,7e-05,72870.16,7e-05,72870.08,0.00024,72871.7,1.79012,72871.71,0.00038,72871.72,0.00014,72872.0,0.01047,72872.01,7e-05,72872.26,7e-05,72872.27,7e-05,72872.51,7e-05,72872.55,0.00205,72872.98,7e-05,72871.695,0.00999999999476131,0.001372274927152622,0.057814222893579605,2.14509,1.8035100000000002,0.08650660993769943,0.0
2026-05-28 15:25:41.086715,72871.69,2.00993,72871.68,0.00078,72871.67,0.00014,72871.52,0.00024,72871.51,0.01868,72870.9,0.00016,72870.89,0.06489,72870.88,0.06901,72870.8,7e-05,72870.16,7e-05,72871.7,1.45332,72871.71,0.00038,72871.72,0.00014,72872.0,0.01047,72872.01,0.00407,72872.26,7e-05,72872.27,7e-05,72872.51,7e-05,72872.55,0.00205,72872.98,7e-05,72871.695,0.00999999999476131,0.001372274927152622,0.16071897783873534,2.16397,1.4707100000000002,0.19073481021713046,0.0
2026-05-28 15:25:41.644441,72871.69,2.00788,72871.68,0.00078,72871.67,0.00014,72871.52,0.00024,72871.51,0.01868,72870.9,0.00016,72870.89,0.06489,72870.88,0.06901,72870.8,7e-05,72870.16,7e-05,72871.7,1.4504,72871.71,0.00078,72871.72,0.00014,72872.0,0.01047,72872.01,0.01023,72872.26,7e-05,72872.27,7e-05,72872.51,7e-05,72872.55,0.00205,72872.98,7e-05,72871.695,0.00999999999476131,0.001372274927152622,0.161201522143956,2.16192,1.47435,0.18908661898043871,0.0
2026-05-28 15:25:42.100192,72871.69,2.00788,72871.68,0.00078,72871.67,0.00014,72871.52,0.00024,72871.51,0.01868,72870.9,0.00016,72870.89,0.06497,72870.88,0.06901,72870.8,7e-05,72870.16,7e-05,72871.7,1.45157,72871.71,0.00078,72871.72,0.00014,72872.0,0.01047,72872.01,0.01023,72872.26,7e-05,72872.27,7e-05,72872.51,7e-05,72872.55,0.00205,72872.98,7e-05,72871.695,0.00999999999476131,0.001372274927152622,0.16080879908656,2.162,1.4755200000000002,0.18872198640832208,0.0
2026-05-28 15:25:42.588886,72871.69,2.00588,72871.68,0.00078,72871.67,0.00014,72871.52,0.00024,72871.51,0.01868,72870.9,0.00016,72870.89,0.06497,72870.88,0.06901,72870.8,7e-05,72870.16,7e-05,72871.7,1.45053,72871.71,0.00078,72871.72,0.00014,72872.0,0.01047,72872.01,0.01023,72872.26,7e-05,72872.27,7e-05,72872.51,7e-05,72872.55,0.00205,72872.98,7e-05,72871.695,0.00999999999476131,0.001372274927152622,0.16067248966413122,2.1599999999999997,1.4744800000000002,0.18861570293411972,0.0
2026-05-28 15:25:43.132621,72871.69,2.00447,72871.68,0.00078,72871.67,0.00014,72871.52,0.00114,72871.51,0.01868,72870.89,0.06473,72870.88,0.06901,72870.8,7e-05,72870.16,7e-05,72870.08,8e-05,72871.7,1.1676,72871.71,0.00078,72871.72,0.00014,72872.0,0.01047,72872.01,0.01023,72872.26,7e-05,72872.27,7e-05,72872.51,7e-05,72872.55,0.00205,72872.98,0.00147,72871.695,0.00999999999476131,0.001372274927152622,0.2638245688146857,2.1591699999999996,1.1929500000000002,0.2882414710690547,0.0
2026-05-28 15:25:43.929645,72877.67,4.29101,72877.66,0.00038,72877.65,0.00014,72876.85,0.06983,72876.33,0.09951,72876.09,0.004,72876.03,0.06969,72876.02,8e-05,72876.01,1.98616,72876.0,0.51785,72877.68,0.18816,72877.69,0.00072,72878.0,0.0014,72878.01,0.00716,72878.02,8e-05,72878.99,0.003,72880.0,0.0014,72880.01,0.00716,72880.41,7e-05,72880.72,0.00016,72877.67499999999,0.00999999999476131,0.001372162324712103,0.9159844346162348,7.038649999999999,0.20931,0.9422430587365271,8.206204068650358e-05
2026-05-28 15:25:44.090608,72877.67,4.29133,72877.66,0.00038,72877.65,0.00014,72876.86,0.06868,72876.85,0.06983,72876.64,7e-05,72876.33,0.09951,72876.09,0.004,72876.03,0.06969,72876.02,8e-05,72877.68,0.18816,72877.69,0.00072,72878.0,0.0014,72878.01,0.00716,72878.02,8e-05,72878.99,0.003,72880.0,0.0014,72880.01,0.00716,72880.41,7e-05,72880.72,0.00016,72877.67499999999,0.00999999999476131,0.001372162324712103,0.915990436411288,4.603709999999999,0.20931,0.9130234239625016,0.0
2026-05-28 15:25:44.643120,72877.67,3.8924,72877.66,0.00038,72877.65,0.00014,72876.86,0.06884,72876.85,0.0699,72876.64,7e-05,72876.56,7e-05,72876.46,0.09273,72876.1,0.06149,72876.09,0.004,72877.68,0.18888,72877.69,0.00064,72878.0,0.0014,72878.01,0.00716,72880.0,0.0014,72880.01,0.00716,72880.41,7e-05,72880.72,0.00024,72880.73,0.12506,72880.84,0.00011,72877.67499999999,0.00999999999476131,0.001372162324712103,0.9074408028853693,4.19002,0.33212,0.8531137912581211,0.0
2026-05-28 15:25:45.114422,72877.67,3.89303,72877.66,0.00038,72877.65,0.00014,72876.86,0.06884,72876.85,0.06983,72876.64,7e-05,72876.43,0.09438,72876.1,0.06133,72876.09,0.004,72876.03,0.06969,72877.68,0.34155,72877.69,0.00072,72878.0,0.0014,72878.01,0.00716,72880.0,0.0014,72880.01,0.00716,72880.41,7e-05,72880.72,0.00024,72880.73,0.12506,72880.84,0.00011,72877.67499999999,0.00999999999476131,0.001372162324712103,0.8386853005492869,4.261689999999999,0.4848700000000001,0.7956962516011595,0.0
2026-05-28 15:25:45.592207,72877.67,3.89303,72877.66,0.00038,72877.65,0.00014,72876.86,0.06884,72876.85,0.06983,72876.64,7e-05,72876.43,0.09438,72876.1,0.06149,72876.09,0.004,72876.03,0.06969,72877.68,0.18912,72877.69,0.00105,72877.7,0.00014,72878.0,0.0014,72878.01,0.00716,72880.0,0.0014,72880.01,0.00716,72880.32,0.00205,72880.41,7e-05,72880.72,0.00024,72877.67499999999,0.00999999999476131,0.001372162324712103,0.9073429442818122,4.261849999999999,0.20979,0.9061686540061364,0.0
2026-05-28 15:25:46.082823,72877.67,1.4839,72877.66,0.00086,72877.65,0.00014,72876.64,7e-05,72876.0,0.00637,72875.91,7e-05,72875.63,7e-05,72875.3,0.00016,72875.29,0.06908,72875.28,0.1211,72877.68,3.03922,72877.69,0.00081,72877.7,0.00014,72877.92,0.004,72878.0,0.0014,72878.01,0.00716,72878.47,0.00016,72878.48,0.04739,72878.49,0.06891,72879.29,0.00016,72877.67499999999,0.00999999999476131,0.001372162324712103,-0.34385999044907056,1.68182,3.1693499999999997,-0.30663324517590596,0.0
2026-05-28 15:25:46.578118,72877.67,1.52895,72877.66,0.00086,72877.65,0.00014,72876.06,0.00016,72876.05,0.06868,72876.0,0.00637,72875.91,7e-05,72875.63,7e-05,72875.3,0.00016,72875.29,0.06908,72877.68,3.03922,72877.69,0.00081,72877.7,0.00024,72877.92,0.004,72878.0,0.0014,72878.01,0.00716,72878.47,0.00016,72878.48,0.04747,72878.49,0.06898,72878.52,0.00024,72877.67499999999,0.00999999999476131,0.001372162324712103,-0.3306072234614736,1.6745400000000001,3.169679999999999,-0.30864411608060727,0.0
2026-05-28 15:25:47.122493,72877.67,0.24858,72877.66,0.00086,72877.65,0.00014,72876.05,0.00016,72876.0,0.01037,72875.91,7e-05,72875.63,7e-05,72875.29,0.00024,72875.28,0.00023,72875.18,7e-05,72877.68,3.12839,72877.69,0.00049,72877.7,0.00035,72877.92,0.004,72878.0,0.0014,72878.01,0.00716,72878.47,0.00016,72878.48,0.06817,72878.49,0.06898,72878.52,0.00024,72877.67499999999,0.00999999999476131,0.001372162324712103,-0.8527792666206688,0.2607900000000001,3.2793399999999995,-0.8526664275040746,0.0
2026-05-28 15:25:47.753519,72877.67,3.5565,72877.66,0.00086,72877.65,0.00014,72876.87,0.00016,72876.86,0.06891,72876.64,7e-05,72876.06,0.00016,72876.05,0.06884,72876.0,0.01037,72875.91,7e-05,72877.68,2.16624,72877.69,0.00038,72877.7,0.00014,72877.92,0.004,72877.99,0.00023,72878.0,0.0014,72878.01,0.00716,72878.82,7e-05,72879.28,0.00016,72879.29,0.01868,72877.67499999999,0.00999999999476131,0.001372162324712103,0.2429360760754464,3.70608,2.19846,0.2553323374894573,0.0
2026-05-28 15:25:48.124881,72877.67,3.23376,72877.66,0.00086,72877.65,0.00014,72876.87,0.00024,72876.86,0.06891,72876.64,7e-05,72876.06,0.00016,72876.05,0.06884,72876.0,0.01037,72875.91,7e-05,72877.68,2.16556,72877.69,0.00338,72877.7,0.00025,72877.92,0.004,72877.99,0.00023,72878.0,0.0014,72878.01,0.00716,72879.28,0.00016,72879.29,0.01868,72879.55,7e-05,72877.67499999999,0.00999999999476131,0.001372162324712103,0.19783972796574384,3.3834199999999996,2.20089,0.21175937582261728,0.0
2026-05-28 15:25:48.595776,72877.67,3.23874,72877.66,0.00086,72877.65,0.00014,72876.87,0.00024,72876.86,0.06891,72876.64,7e-05,72876.06,0.00016,72876.05,0.06884,72876.0,0.01037,72875.91,7e-05,72877.68,2.16556,72877.69,0.00349,72877.7,0.00025,72877.92,0.004,72877.99,0.00023,72878.0,0.0014,72878.01,0.00716,72879.28,0.00024,72879.29,0.01868,72879.55,7e-05,72877.67499999999,0.00999999999476131,0.001372162324712103,0.1985789093869696,3.3883999999999994,2.2010799999999997,0.21242047560774882,0.0
2026-05-28 15:25:49.086122,72877.67,3.57136,72877.66,0.00046,72877.65,0.00014,72876.87,8e-05,72876.86,0.06891,72876.64,7e-05,72876.09,0.004,72876.05,0.06884,72876.0,0.01037,72875.91,7e-05,72877.68,1.11535,72877.69,0.00381,72877.7,0.00025,72877.99,0.00023,72878.0,0.0014,72878.01,0.00716,72879.07,0.0075,72879.28,0.00024,72879.29,0.01868,72879.55,7e-05,72877.67499999999,0.00999999999476131,0.001372162324712103,0.5240371177222402,3.7242999999999995,1.1546900000000004,0.5266684293265612,0.0
2026-05-28 15:25:49.671390,72877.67,3.88386,72877.66,0.00038,72877.65,0.00014,72876.88,0.00026,72876.87,8e-05,72876.86,0.06898,72876.64,7e-05,72876.52,0.08643,72876.09,0.004,72876.05,0.06884,72877.68,0.2207,72877.69,0.00389,72877.7,0.00035,72878.0,0.0014,72878.01,0.00716,72879.07,0.00766,72879.55,7e-05,72880.0,0.0014,72880.01,0.00716,72880.32,0.00205,72877.67499999999,0.00999999999476131,0.001372162324712103,0.8924610676905684,4.113039999999999,0.25184,0.8846062205604737,0.0
2026-05-28 15:25:50.107131,72877.67,4.54964,72877.66,0.00038,72877.65,0.00014,72876.88,0.00026,72876.86,0.06898,72876.64,7e-05,72876.52,7e-05,72876.41,0.01707,72876.36,8e-05,72876.35,0.10409,72877.68,0.00311,72877.69,0.00389,72877.7,0.00035,72878.0,0.0014,72878.01,0.00784,72879.07,0.00766,72879.55,7e-05,72880.0,0.0014,72880.01,0.0082,72880.26,0.00016,72877.67499999999,0.00999999999476131,0.001372162324712103,0.9986337927626159,4.74078,0.03408,0.9857252359231473,0.0
2026-05-28 15:25:50.589710,72877.67,5.84418,72877.66,0.00038,72877.65,0.00014,72876.88,0.00026,72876.86,0.06898,72876.64,7e-05,72876.52,7e-05,72876.41,0.01707,72876.36,8e-05,72876.35,0.10409,72877.68,0.00119,72877.69,0.00397,72877.7,0.00035,72878.0,0.0014,72878.01,0.00784,72879.07,0.00766,72879.55,7e-05,72880.0,0.0014,72880.01,0.0082,72880.32,0.00205,72877.67499999999,0.00999999999476131,0.001372162324712103,0.9995928401452773,6.03532,0.03413,0.9887535114384334,0.0
2026-05-28 15:25:51.087332,72884.0,5.76937,72883.99,0.00038,72883.98,0.00014,72883.78,0.04109,72883.49,0.12103,72883.41,0.004,72883.2,0.06789,72883.19,0.06888,72883.03,0.07436,72882.38,0.06888,72884.01,0.11463,72884.02,0.00072,72885.01,8e-05,72885.12,7e-05,72885.68,0.00205,72885.71,0.00023,72886.0,0.0014,72886.01,0.00716,72886.16,7e-05,72886.19,0.00553,72884.005,0.00999999999476131,0.001372043151959241,0.9610367097212781,6.21602,0.13193999999999997,0.958430739954253,8.685787520001931e-05
2026-05-28 15:25:51.628074,72884.0,4.85843,72883.99,0.00038,72883.98,0.00014,72883.78,0.04109,72883.49,0.12103,72883.41,0.004,72883.21,7e-05,72883.2,0.06789,72883.19,0.06888,72883.03,0.07436,72884.01,0.1145,72884.02,0.0008,72885.12,7e-05,72885.68,0.00205,72885.71,0.00023,72886.0,0.0014,72886.01,0.00716,72886.16,7e-05,72886.19,0.00553,72886.2,8e-05,72884.005,0.00999999999476131,0.001372043151959241,0.9539506890304108,5.23627,0.13188999999999998,0.9508621203540877,0.0
2026-05-28 15:25:52.987792,72888.16,5.48922,72888.15,0.00038,72888.14,0.00014,72888.02,0.00016,72888.01,0.40507,72888.0,0.15345,72887.92,0.03407,72887.21,0.00023,72887.2,0.06794,72887.07,0.004,72888.17,0.00217,72888.18,0.00048,72888.86,7e-05,72889.15,0.00416,72889.87,8e-05,72890.0,0.0014,72890.01,0.00716,72890.38,0.00042,72891.01,0.00016,72891.12,7e-05,72888.16500000001,0.00999999999476131,0.0013719648443284735,0.9992096718681428,6.154660000000001,0.01617,0.9947592139144978,5.7076995151561505e-05
2026-05-28 15:25:53.203365,72888.85,5.67429,72888.84,0.00038,72888.83,0.00014,72888.19,1.31052,72888.18,8e-05,72888.17,0.14843,72888.16,0.45248,72888.01,0.40499,72888.0,0.01882,72887.99,0.07443,72888.86,0.11426,72888.87,0.00056,72889.15,7e-05,72889.87,8e-05,72890.0,0.0014,72890.01,0.00716,72890.38,0.00042,72891.12,7e-05,72891.36,8e-05,72892.0,0.0014,72888.85500000001,0.00999999999476131,0.00137195185666743,0.9605220651112973,8.084559999999998,0.1255,0.9694277508325152,9.466557430837241e-06
2026-05-28 15:25:53.396992,72899.52,3.00961,72899.51,0.00038,72899.5,0.00014,72899.42,0.64164,72898.62,0.06771,72897.82,0.06771,72897.17,0.48721,72897.16,0.67757,72896.67,0.00028,72896.34,7e-05,72899.53,2.46033,72899.54,0.00056,72899.88,0.004,72899.99,0.00024,72900.0,1.00138,72900.01,0.007,72900.08,7e-05,72900.43,0.01641,72900.58,0.00188,72900.85,8e-05,72899.525,0.00999999999476131,0.0013717510497854837,0.10041792048907301,4.95232,3.4919499999999997,0.17294212525179806,0.00014638726318283446
2026-05-28 15:25:53.602792,72899.52,2.60062,72899.51,0.00038,72899.5,0.00014,72899.44,0.00016,72899.43,0.16534,72899.42,0.07269,72898.63,0.00016,72898.62,0.06801,72897.83,0.00032,72897.82,0.06794,72899.53,2.27617,72899.54,0.00064,72899.88,0.004,72899.99,0.00024,72900.0,1.00154,72900.01,0.00716,72900.08,7e-05,72900.43,0.01657,72900.52,0.00016,72900.53,0.07443,72899.525,0.00999999999476131,0.0013717510497854837,0.06652941791629333,2.9757600000000006,3.38098,-0.06374651157668859,0.0
2026-05-28 15:25:54.087003,72899.52,1.23508,72899.51,0.00038,72899.5,0.00014,72899.44,0.00016,72899.43,0.16518,72899.42,0.00539,72898.63,0.00016,72898.62,0.06801,72898.54,7e-05,72897.83,0.00016,72899.53,2.67197,72899.54,0.0008,72899.88,0.004,72899.98,0.00016,72899.99,0.06716,72900.0,1.00154,72900.01,0.00716,72900.08,7e-05,72900.43,0.01657,72900.52,0.00024,72899.525,0.00999999999476131,0.0013717510497854837,-0.3677685210068978,1.4747299999999997,3.76967,-0.43759819998474575,0.0
2026-05-28 15:25:54.634098,72888.85,1.40814,72888.84,0.00088,72888.18,0.00016,72888.17,0.06727,72888.16,0.16069,72888.02,8e-05,72888.01,0.00016,72888.0,0.02468,72887.3,0.00016,72887.29,0.06616,72888.86,4.64577,72888.87,0.00078,72888.88,0.00014,72888.9,0.004,72890.73,0.004,72891.23,7e-05,72891.98,0.00024,72891.99,8e-05,72892.0,0.08093,72892.02,7e-05,72888.85500000001,0.00999999999476131,0.00137195185666743,-0.5347998235850879,1.7283799999999998,4.7360799999999985,-0.4652670137954291,-0.0001463658370886023
2026-05-28 15:25:55.334427,72888.85,2.24702,72888.84,0.00102,72888.83,0.00014,72888.18,0.00016,72888.17,0.06727,72888.16,0.16069,72888.02,8e-05,72888.01,0.00016,72888.0,0.02468,72887.3,0.00016,72888.86,3.92302,72888.87,0.00097,72888.88,0.00014,72888.9,0.004,72890.73,0.004,72891.23,7e-05,72891.98,0.00024,72891.99,0.00016,72892.0,0.08093,72892.02,7e-05,72888.85500000001,0.00999999999476131,0.00137195185666743,-0.2716351919922724,2.5013800000000006,4.0136,-0.23211429659031943,0.0
2026-05-28 15:25:55.611482,72888.85,1.46432,72888.84,0.00102,72888.83,0.00014,72888.18,0.00016,72888.17,0.06727,72888.16,0.16069,72888.02,8e-05,72888.01,0.00016,72888.0,0.02468,72887.3,0.00016,72888.86,3.94414,72888.87,0.00105,72888.88,0.00014,72888.9,0.004,72889.54,0.00205,72890.67,8e-05,72890.68,0.01388,72890.73,0.004,72891.23,7e-05,72891.98,0.00024,72888.85500000001,0.00999999999476131,0.00137195185666743,-0.45850759735673374,1.71868,3.96965,-0.3957171964355092,0.0
2026-05-28 15:25:56.084592,72888.85,2.27975,72888.84,0.00102,72888.83,0.00014,72888.18,0.00016,72888.17,0.06727,72888.16,0.16069,72888.02,8e-05,72888.01,0.00016,72888.0,0.04868,72887.3,0.00016,72888.86,3.93945,72888.87,0.00105,72888.88,0.00022,72888.9,0.004,72889.54,0.00205,72890.67,8e-05,72890.68,0.01388,72890.73,0.004,72891.23,7e-05,72891.98,0.00024,72888.85500000001,0.00999999999476131,0.00137195185666743,-0.26686712117314126,2.5581100000000006,3.96504,-0.215682607329281,0.0
2026-05-28 15:25:56.572632,72888.85,2.27975,72888.84,0.00102,72888.83,0.00014,72888.18,0.00016,72888.17,0.06727,72888.16,0.16069,72888.02,8e-05,72888.01,0.00016,72888.0,0.05268,72887.3,0.00016,72888.86,3.83886,72888.87,0.00105,72888.88,0.00032,72888.9,0.004,72889.54,0.00205,72890.67,0.00016,72890.68,0.01388,72890.73,0.004,72891.23,7e-05,72891.98,0.00024,72888.85500000001,0.00999999999476131,0.00137195185666743,-0.25481441046250697,2.5621100000000006,3.86463,-0.20267196121206077,0.0
2026-05-28 15:25:57.102674,72895.47,5.50774,72895.46,0.00086,72895.45,0.00014,72894.7,8e-05,72894.69,0.0656,72894.68,0.0665,72894.17,0.00205,72894.16,7e-05,72893.91,8e-05,72893.9,0.16065,72895.48,1.43842,72895.49,0.00086,72895.5,0.00014,72896.15,0.003,72896.27,7e-05,72896.34,7e-05,72897.21,8e-05,72897.3,9e-05,72897.82,8e-05,72897.83,0.30732,72895.475,0.00999999999476131,0.0013718272629077881,0.5858373547398851,5.803769999999999,1.7501300000000002,0.5366287613021087,9.082321295883489e-05
2026-05-28 15:25:57.652281,72895.47,4.8965,72895.46,0.00086,72895.45,0.00014,72894.7,8e-05,72894.69,0.0656,72894.68,0.0665,72894.17,0.00205,72894.16,7e-05,72893.91,8e-05,72893.9,0.16065,72895.48,1.65792,72895.49,0.00086,72895.5,0.00014,72896.27,7e-05,72896.34,7e-05,72897.21,8e-05,72897.3,9e-05,72897.82,8e-05,72897.83,0.30739,72897.84,0.00042,72895.475,0.00999999999476131,0.0013718272629077881,0.49410626722120343,5.192529999999999,1.9671200000000004,0.4504982785471355,0.0
2026-05-28 15:25:58.218250,72895.47,4.89548,72895.46,0.00086,72895.45,0.00014,72894.7,8e-05,72894.69,0.0656,72894.68,0.0665,72894.17,0.00205,72894.16,7e-05,72893.91,0.00016,72893.9,0.10182,72895.48,2.94259,72895.49,0.00102,72895.5,0.00014,72896.27,7e-05,72896.34,7e-05,72897.21,8e-05,72897.3,9e-05,72897.82,8e-05,72897.83,0.30732,72897.84,0.00042,72895.475,0.00999999999476131,0.0013718272629077881,0.2491544474596425,5.13276,3.2518800000000003,0.2243244790474009,0.0
2026-05-28 15:25:58.665410,72895.47,4.89548,72895.46,0.00086,72895.45,0.00014,72894.7,8e-05,72894.69,0.0656,72894.68,0.0665,72894.17,0.00205,72894.16,7e-05,72893.91,0.00016,72893.9,0.10182,72895.48,2.94259,72895.49,0.00112,72895.5,0.00014,72896.27,7e-05,72896.34,7e-05,72897.21,8e-05,72897.3,9e-05,72897.82,8e-05,72897.83,0.30732,72897.84,0.00042,72895.475,0.00999999999476131,0.0013718272629077881,0.2491544474596425,5.13276,3.25198,0.2243098772293476,0.0
2026-05-28 15:25:59.080001,72895.47,4.89548,72895.46,0.00086,72895.45,0.00014,72894.7,8e-05,72894.69,0.0656,72894.68,0.0665,72894.17,0.00205,72894.16,7e-05,72893.91,0.00016,72893.9,0.10182,72895.48,2.91797,72895.49,0.0012,72895.5,0.00022,72895.69,8e-05,72895.7,0.01859,72896.27,7e-05,72896.34,0.00014,72897.21,8e-05,72897.3,9e-05,72897.82,8e-05,72895.475,0.00999999999476131,0.0013718272629077881,0.25309050419469,5.13276,2.9385200000000005,0.2718577474700418,0.0
2026-05-28 15:25:59.591874,72895.47,4.89709,72895.46,0.00086,72895.45,0.00014,72894.86,8e-05,72894.85,0.01657,72894.7,8e-05,72894.69,0.0656,72894.68,0.0665,72894.17,0.00205,72894.16,7e-05,72895.48,2.9179,72895.49,0.0012,72895.5,0.00033,72895.69,8e-05,72895.7,0.01859,72896.27,7e-05,72896.34,0.00014,72897.21,8e-05,72897.3,9e-05,72897.82,8e-05,72895.475,0.00999999999476131,0.0013718272629077881,0.2532556023744113,5.04904,2.9385600000000003,0.26421954028744543,0.0
2026-05-28 15:26:00.079734,72895.47,4.87125,72895.46,0.00102,72895.45,0.00014,72894.86,8e-05,72894.85,0.01665,72894.7,8e-05,72894.69,0.06568,72894.68,0.0665,72894.17,0.00205,72894.16,7e-05,72895.48,2.91766,72895.49,0.00112,72895.5,0.00154,72895.69,8e-05,72895.7,0.01867,72896.27,7e-05,72896.34,0.00014,72897.21,8e-05,72897.3,0.00143,72897.82,8e-05,72895.475,0.00999999999476131,0.0013718272629077881,0.25081686654486957,5.0235199999999995,2.9408700000000003,0.2614952306454103,0.0
2026-05-28 15:26:00.597317,72895.47,4.96303,72895.46,0.00102,72895.45,0.00014,72894.85,0.01665,72894.71,0.00702,72894.69,0.21798,72894.68,0.06643,72894.39,0.004,72894.17,0.00205,72894.16,7e-05,72895.48,1.94605,72895.49,0.00096,72895.5,0.00154,72895.69,8e-05,72895.7,0.01867,72896.27,7e-05,72896.34,0.00014,72897.21,8e-05,72897.3,0.00143,72897.82,8e-05,72895.475,0.00999999999476131,0.0013718272629077881,0.4366688473718643,5.278389999999999,1.9691000000000005,0.45661187528371877,0.0
2026-05-28 15:26:01.086451,72895.47,3.30337,72895.46,0.00094,72895.45,0.00014,72894.86,8e-05,72894.85,0.01665,72894.7,8e-05,72894.69,0.00016,72894.68,0.00023,72894.39,0.004,72894.17,0.00205,72895.48,2.30432,72895.49,0.00056,72895.5,0.00154,72895.69,8e-05,72895.7,0.01867,72896.25,0.11928,72896.26,0.0654,72896.27,7e-05,72896.34,0.00014,72896.91,0.00028,72895.475,0.00999999999476131,0.0013718272629077881,0.17815713778757386,3.3277000000000005,2.5103400000000002,0.1400058923885414,0.0
2026-05-28 15:26:01.661193,72895.47,1.60144,72895.46,0.00102,72895.45,0.00014,72894.86,8e-05,72894.85,0.01665,72894.7,8e-05,72894.68,7e-05,72894.17,0.00205,72894.16,7e-05,72893.99,0.00765,72895.48,3.00248,72895.49,0.00088,72895.5,0.00154,72895.69,8e-05,72895.7,0.01867,72895.79,8e-05,72895.8,0.01388,72896.22,0.004,72896.24,8e-05,72896.25,0.11944,72895.475,0.00999999999476131,0.0013718272629077881,-0.30431458409355505,1.6292500000000003,3.16113,-0.31978256422246243,0.0
2026-05-28 15:26:02.105691,72895.47,1.60144,72895.46,0.00102,72895.45,0.00014,72894.86,0.00016,72894.85,0.01665,72894.68,7e-05,72894.17,0.00205,72894.16,7e-05,72893.99,0.00765,72893.89,7e-05,72895.48,2.59158,72895.49,0.0008,72895.5,0.00154,72895.69,8e-05,72895.7,0.01867,72895.79,8e-05,72895.8,0.01388,72896.22,0.004,72896.24,8e-05,72896.25,0.10148,72895.475,0.00999999999476131,0.0013718272629077881,-0.23614006134003657,1.62932,2.73219,-0.2528642603135153,0.0
2026-05-28 15:26:02.641704,72885.67,0.33269,72885.66,0.00072,72885.19,0.00016,72885.18,0.0689,72885.12,7e-05,72884.12,8e-05,72884.11,0.06338,72884.02,8e-05,72884.01,0.00024,72884.0,0.27768,72885.68,5.07649,72885.69,0.00289,72885.7,0.00014,72886.45,0.0646,72886.46,0.06564,72886.95,0.07685,72887.07,0.004,72887.16,8e-05,72887.17,0.83263,72887.18,2.46201,72885.67499999999,0.00999999999476131,0.0013720117148892854,-0.8769905974657896,0.744,8.585329999999999,-0.8405030157578305,-0.00013443907183563475
2026-05-28 15:26:03.080837,72885.18,0.06959,72885.17,0.00048,72884.68,0.00015,72884.67,7e-05,72884.11,7e-05,72884.01,0.00016,72884.0,0.05301,72883.84,8e-05,72883.69,7e-05,72883.03,0.00145,72885.19,6.00837,72885.2,0.00038,72885.21,0.00014,72885.24,0.004,72885.65,8e-05,72885.66,0.86086,72885.67,0.14434,72885.68,0.48059,72886.01,0.00616,72886.45,0.07847,72885.185,0.010000000009313226,0.0013720209407869686,-0.9771008693706441,0.12513,7.58339,-0.9675346240264019,-6.722857406327165e-06
2026-05-28 15:26:03.600818,72885.18,0.17594,72885.17,0.00072,72884.68,0.00015,72884.11,7e-05,72884.01,0.00016,72884.0,0.05301,72883.94,7e-05,72883.84,8e-05,72883.69,7e-05,72883.64,7e-05,72885.19,3.33234,72885.2,0.00038,72885.21,0.00014,72885.24,0.004,72885.65,0.00016,72885.66,0.19167,72885.67,0.13682,72885.68,0.35715,72886.01,0.00616,72886.22,0.00016,72885.185,0.010000000009313226,0.0013720209407869686,-0.8997001379593418,0.23033999999999996,4.028980000000001,-0.8918418902547824,0.0
2026-05-28 15:26:04.156728,72885.18,0.50179,72885.17,0.0008,72884.68,0.00015,72884.11,7e-05,72884.01,0.00016,72884.0,0.05301,72883.94,7e-05,72883.84,8e-05,72883.69,7e-05,72883.64,7e-05,72885.19,4.61546,72885.2,0.00038,72885.21,0.00014,72885.24,0.004,72885.65,8e-05,72885.66,0.19167,72885.67,0.1369,72885.68,0.45539,72886.01,0.00616,72886.44,8e-05,72885.185,0.010000000009313226,0.0013720209407869686,-0.8038829449411306,0.55627,5.410259999999999,-0.8135365111714851,0.0
2026-05-28 15:26:04.818364,72885.18,0.5011,72885.17,0.00118,72885.16,0.00014,72884.68,0.00015,72884.11,7e-05,72884.01,0.00016,72884.0,0.05308,72883.94,7e-05,72883.84,8e-05,72883.69,7e-05,72885.19,4.60842,72885.2,0.00038,72885.21,0.00014,72885.24,0.004,72885.65,8e-05,72885.66,0.19167,72885.67,0.1369,72885.68,0.46303,72886.01,0.00616,72886.44,8e-05,72885.185,0.010000000009313226,0.0013720209407869686,-0.8038563309273669,0.5561,5.410859999999999,-0.8136069288213764,0.0
2026-05-28 15:26:05.091997,72885.18,0.5011,72885.17,0.00118,72885.16,0.00014,72884.68,0.00015,72884.11,7e-05,72884.01,0.00016,72884.0,0.05308,72883.94,7e-05,72883.84,8e-05,72883.69,7e-05,72885.19,4.60842,72885.2,0.00038,72885.21,0.00014,72885.24,0.004,72885.65,8e-05,72885.66,0.19167,72885.67,0.1369,72885.68,0.46303,72886.01,0.01016,72886.44,0.00016,72885.185,0.010000000009313226,0.0013720209407869686,-0.8038563309273669,0.5561,5.414939999999999,-0.8137342908438061,0.0
2026-05-28 15:26:05.598762,72885.18,0.5011,72885.17,0.00131,72885.16,0.00014,72884.68,0.00015,72884.11,7e-05,72884.01,0.00016,72884.0,0.05308,72883.94,7e-05,72883.84,8e-05,72883.69,7e-05,72885.19,4.60177,72885.2,0.00038,72885.21,0.00014,72885.24,0.004,72885.65,8e-05,72885.66,0.19167,72885.67,0.1369,72885.68,0.46303,72886.01,0.01016,72886.44,0.00016,72885.185,0.010000000009313226,0.0013720209407869686,-0.8036007188111788,0.5562300000000001,5.408289999999999,-0.8134870869743079,0.0
2026-05-28 15:26:06.120188,72885.18,1.90904,72885.17,0.00147,72885.16,0.00014,72884.68,0.00015,72884.42,0.00016,72884.41,0.06467,72884.11,7e-05,72884.01,8e-05,72884.0,0.05308,72883.94,7e-05,72885.19,4.1584,72885.2,0.00094,72885.21,0.00014,72885.24,0.004,72885.66,8e-05,72885.67,0.1369,72885.68,0.22366,72886.01,0.01016,72886.46,0.00014,72886.72,8e-05,72885.185,0.010000000009313226,0.0013720209407869686,-0.37072636894637606,2.0289300000000003,4.534499999999999,-0.3817470438475003,0.0
2026-05-28 15:26:06.584055,72885.18,1.90904,72885.17,0.00147,72885.16,0.00014,72884.68,0.00015,72884.42,0.00016,72884.41,0.06467,72884.11,7e-05,72884.01,8e-05,72884.0,0.05308,72883.94,7e-05,72885.19,4.1584,72885.2,0.00094,72885.21,0.00014,72885.24,0.004,72885.66,8e-05,72885.67,0.1369,72885.68,0.22366,72886.01,0.01016,72886.46,0.00014,72886.72,8e-05,72885.185,0.010000000009313226,0.0013720209407869686,-0.37072636894637606,2.0289300000000003,4.534499999999999,-0.3817470438475003,0.0
2026-05-28 15:26:07.147499,72885.18,1.62846,72885.17,0.00147,72885.16,0.00014,72884.68,0.00015,72884.42,0.00016,72884.41,0.06467,72884.11,7e-05,72884.01,8e-05,72884.0,0.05308,72883.94,7e-05,72885.19,4.15824,72885.2,0.00094,72885.21,0.00014,72885.24,0.004,72885.66,8e-05,72885.67,0.1369,72885.68,0.22366,72886.01,0.01016,72886.46,0.00014,72886.72,0.00016,72885.185,0.010000000009313226,0.0013720209407869686,-0.43717144486494897,1.7483500000000003,4.534419999999999,-0.44344612328638466,0.0
2026-05-28 15:26:07.580254,72885.18,1.62846,72885.17,0.00147,72885.16,0.00014,72884.68,0.00015,72884.42,0.00016,72884.41,0.06467,72884.11,7e-05,72884.01,8e-05,72884.0,0.05308,72883.94,7e-05,72885.19,4.1581,72885.2,0.00094,72885.21,0.00014,72885.24,0.004,72885.66,8e-05,72885.67,0.1369,72885.68,0.22366,72886.01,0.01016,72886.46,0.00014,72886.72,0.00016,72885.185,0.010000000009313226,0.0013720209407869686,-0.43715782779406076,1.7483500000000003,4.534279999999999,-0.4434337212282116,0.0
2026-05-28 15:26:08.372754,72885.18,1.4438,72885.17,0.00147,72885.16,0.00014,72884.68,0.00015,72884.42,0.00016,72884.41,0.06467,72884.11,7e-05,72884.01,0.12974,72884.0,0.05308,72883.94,7e-05,72885.19,4.14982,72885.2,0.00104,72885.21,0.00014,72885.24,0.004,72885.66,8e-05,72885.67,0.1369,72885.68,0.22366,72886.01,0.01016,72886.46,0.00014,72886.72,0.00016,72885.185,0.010000000009313226,0.0013720209407869686,-0.48376900826298536,1.6933500000000001,4.526099999999999,-0.45546631936907594,0.0
2026-05-28 15:26:08.814168,72885.18,1.44266,72885.17,0.00139,72885.16,0.00014,72884.68,0.00015,72884.42,0.00016,72884.41,0.06467,72884.11,7e-05,72884.02,8e-05,72884.01,0.1299,72884.0,0.05308,72885.19,4.14789,72885.2,0.00112,72885.21,0.00014,72885.24,0.004,72885.66,8e-05,72885.67,0.1369,72885.68,0.22366,72886.01,0.01016,72886.46,0.00014,72886.72,0.00016,72885.185,0.010000000009313226,0.0013720209407869686,-0.48389335575211745,1.6923000000000001,4.524249999999999,-0.45555010415745056,0.0
2026-05-28 15:26:09.338786,72885.18,2.49887,72885.17,0.00147,72885.16,0.00014,72884.68,0.00015,72884.42,8e-05,72884.41,0.06467,72884.14,0.00205,72884.11,7e-05,72884.02,0.00016,72884.01,0.1299,72885.19,3.48552,72885.2,0.00112,72885.21,0.00025,72885.24,0.004,72885.66,8e-05,72885.67,0.1369,72885.68,0.14885,72886.01,0.01016,72886.46,0.00014,72886.72,8e-05,72885.185,0.010000000009313226,0.0013720209407869686,-0.16487060502407094,2.6975600000000006,3.7870999999999997,-0.16801806108570058,0.0
2026-05-28 15:26:10.759795,72885.18,1.74476,72885.17,0.00163,72885.16,0.00014,72885.12,8e-05,72885.11,0.02374,72884.68,0.00015,72884.42,8e-05,72884.41,0.06467,72884.37,8e-05,72884.36,0.0164,72885.19,3.48028,72885.2,0.00112,72885.21,0.00033,72885.24,0.004,72885.66,0.00016,72885.67,0.13682,72885.68,0.10116,72886.01,0.01016,72886.46,0.00014,72887.07,0.004,72885.185,0.010000000009313226,0.0013720209407869686,-0.3321543949902776,1.8517300000000005,3.73817,-0.3374729422708813,0.0
2026-05-28 15:26:11.163638,72885.18,1.74386,72885.17,0.00171,72885.16,0.00014,72885.12,8e-05,72885.11,0.02374,72884.68,0.00015,72884.42,0.00016,72884.41,0.06467,72884.37,8e-05,72884.36,0.01656,72885.19,3.48028,72885.2,0.00112,72885.21,0.00033,72885.24,0.004,72885.66,0.00016,72885.67,0.13682,72885.68,0.10116,72886.01,0.01016,72886.46,0.00014,72887.07,0.004,72885.185,0.010000000009313226,0.0013720209407869686,-0.3323838947654542,1.8511500000000003,3.73817,-0.3376117309440146,0.0
2026-05-28 15:26:11.571250,72885.18,0.48291,72885.17,0.00139,72885.16,0.00014,72885.12,8e-05,72885.11,0.02374,72884.68,0.00015,72884.42,8e-05,72884.14,0.00205,72884.11,7e-05,72884.02,8e-05,72885.19,3.68869,72885.2,0.00056,72885.21,0.00033,72885.24,0.004,72885.66,0.1142,72885.67,0.13682,72885.68,0.10123,72885.95,8e-05,72885.96,0.06474,72886.01,0.01016,72885.185,0.010000000009313226,0.0013720209407869686,-0.7684773228497459,0.51069,4.120809999999999,-0.7794710137104609,0.0
2026-05-28 15:26:11.976372,72885.18,0.4881,72885.17,0.00131,72885.16,0.00014,72885.12,8e-05,72885.11,0.02374,72884.68,0.00015,72884.42,8e-05,72884.14,0.00205,72884.11,7e-05,72884.02,8e-05,72885.19,3.68869,72885.2,0.00056,72885.21,0.00033,72885.24,0.004,72885.65,8e-05,72885.66,0.1142,72885.67,0.13682,72885.68,0.10123,72885.95,8e-05,72885.96,0.06474,72885.185,0.010000000009313226,0.0013720209407869686,-0.7662798464849802,0.5157999999999999,4.110729999999999,-0.7770251138542277,0.0
2026-05-28 15:26:12.442506,72885.18,0.48182,72885.17,0.00131,72885.16,0.00014,72885.12,8e-05,72885.11,8e-05,72885.1,0.02353,72884.68,0.00015,72884.14,0.00205,72884.11,7e-05,72884.01,0.00016,72885.19,3.6915,72885.2,0.00056,72885.21,0.00033,72885.24,0.004,72885.65,8e-05,72885.66,0.1142,72885.67,0.13682,72885.68,0.10123,72885.95,8e-05,72885.96,0.06474,72885.185,0.010000000009313226,0.0013720209407869686,-0.7690951089300604,0.5093900000000001,4.1135399999999995,-0.779624610366153,0.0
2026-05-28 15:26:13.075953,72885.18,2.59389,72885.17,0.00179,72885.16,0.00014,72885.11,8e-05,72885.1,0.02369,72884.68,0.00015,72884.42,8e-05,72884.41,0.06467,72884.14,0.00205,72884.11,7e-05,72885.19,3.18809,72885.2,0.00104,72885.21,0.00033,72885.24,0.004,72885.67,0.00016,72885.68,0.10116,72886.01,0.01016,72886.46,0.00014,72886.85,7e-05,72887.07,0.004,72885.185,0.010000000009313226,0.0013720209407869686,-0.10276756405245259,2.686610000000001,3.3091500000000003,-0.10383003989485892,0.0
2026-05-28 15:26:13.569195,72885.18,2.15994,72885.17,0.00155,72885.16,0.00014,72885.11,8e-05,72885.1,0.02369,72884.68,0.00015,72884.42,8e-05,72884.41,0.06467,72884.14,0.00205,72884.11,7e-05,72885.19,3.18993,72885.2,0.0012,72885.21,0.00033,72885.24,0.004,72885.67,0.00016,72885.68,0.10116,72886.01,0.01016,72886.12,7e-05,72886.44,0.00016,72886.46,0.00014,72885.185,0.010000000009313226,0.0013720209407869686,-0.1925261735331886,2.2524200000000008,3.30731,-0.1897376311439583,0.0
2026-05-28 15:26:13.967192,72885.18,2.16158,72885.17,0.00155,72885.16,0.00014,72885.11,8e-05,72885.1,0.02369,72884.68,0.00015,72884.42,8e-05,72884.41,0.06467,72884.14,0.00205,72884.11,7e-05,72885.19,3.18766,72885.2,0.00104,72885.21,0.00033,72885.24,0.004,72885.67,0.00016,72885.68,0.10116,72886.01,0.01016,72886.12,7e-05,72886.46,0.00014,72887.07,0.004,72885.185,0.010000000009313226,0.0013720209407869686,-0.1918179031039924,2.2540600000000004,3.3087200000000005,-0.18959225423259593,0.0
2026-05-28 15:26:14.365716,72885.18,1.8177,72885.17,0.00147,72885.16,0.00014,72885.11,8e-05,72885.1,0.02369,72884.68,0.00015,72884.42,8e-05,72884.41,0.06467,72884.14,0.00205,72884.11,7e-05,72885.19,3.18954,72885.2,0.00104,72885.21,0.00033,72885.24,0.004,72885.67,0.00016,72885.68,0.10123,72885.95,8e-05,72885.96,0.06458,72886.01,0.01016,72886.12,7e-05,72885.185,0.010000000009313226,0.0013720209407869686,-0.27397128957269873,1.9101000000000006,3.3711900000000004,-0.2766539993069874,0.0
2026-05-28 15:26:15.702200,72885.18,2.30549,72885.17,0.00147,72885.16,0.00014,72885.11,8e-05,72885.1,0.02369,72884.68,0.00015,72884.42,8e-05,72884.41,0.06467,72884.14,0.00205,72884.11,7e-05,72885.19,3.18753,72885.2,0.00104,72885.21,0.00033,72885.24,0.004,72885.67,0.00088,72885.68,0.10116,72886.01,0.01016,72886.12,7e-05,72886.46,0.00014,72887.07,0.004,72885.185,0.010000000009313226,0.0013720209407869686,-0.16057469297399252,2.3978900000000003,3.3093100000000004,-0.15969652368937484,0.0
2026-05-28 15:26:16.133031,72885.18,2.30557,72885.17,0.00147,72885.16,0.00014,72885.11,8e-05,72885.1,0.02369,72884.68,0.00015,72884.42,8e-05,72884.41,0.06467,72884.14,0.00205,72884.11,7e-05,72885.19,3.18888,72885.2,0.00104,72885.21,0.00033,72885.24,0.004,72885.67,0.00088,72885.68,0.10116,72886.01,0.01016,72886.12,7e-05,72886.46,0.00014,72887.07,0.004,72885.185,0.010000000009313226,0.0013720209407869686,-0.16076404371684158,2.3979700000000004,3.3106600000000004,-0.1598789902305807,0.0
2026-05-28 15:26:16.699901,72885.18,2.30557,72885.17,0.00147,72885.16,0.00014,72885.11,8e-05,72885.1,0.02369,72884.68,0.00015,72884.42,8e-05,72884.41,0.06467,72884.14,0.00205,72884.11,7e-05,72885.19,3.18888,72885.2,0.00104,72885.21,0.00033,72885.24,0.004,72885.67,0.00088,72885.68,0.10116,72886.01,0.01016,72886.12,7e-05,72886.46,0.00014,72887.07,0.004,72885.185,0.010000000009313226,0.0013720209407869686,-0.16076404371684158,2.3979700000000004,3.3106600000000004,-0.1598789902305807,0.0
2026-05-28 15:26:17.982653,72885.18,2.3029,72885.17,0.00139,72885.16,0.00014,72885.11,8e-05,72885.1,0.02369,72884.68,0.00015,72884.42,8e-05,72884.41,0.06467,72884.14,0.00205,72884.11,7e-05,72885.19,3.1814,72885.2,0.0012,72885.21,0.00033,72885.24,0.004,72885.67,0.00088,72885.68,0.10123,72886.01,0.01016,72886.12,7e-05,72886.46,0.00014,72886.72,8e-05,72885.185,0.010000000009313226,0.0013720209407869686,-0.16018452673996678,2.3952200000000006,3.29949,-0.15879122905292795,0.0
2026-05-28 15:26:18.723492,72875.77,0.11304,72875.76,0.00072,72875.46,0.00042,72875.19,8e-05,72875.18,7e-05,72875.17,7e-05,72875.04,8e-05,72874.82,7e-05,72874.74,0.00622,72874.23,8e-05,72875.78,6.43981,72875.79,0.00038,72875.8,0.00014,72875.94,0.0002,72875.95,0.09041,72876.09,0.004,72876.41,1.40306,72876.42,0.06447,72877.31,0.00024,72877.32,0.06488,72875.775,0.00999999999476131,0.0013721980994042685,-0.9654989813592559,0.12085,8.06759,-0.9704827781604309,-0.00012910717040781616
2026-05-28 15:26:18.890092,72875.77,0.11319,72875.76,0.00072,72875.46,0.00042,72875.19,8e-05,72875.18,7e-05,72875.17,7e-05,72875.04,8e-05,72874.82,7e-05,72874.74,0.00622,72874.23,8e-05,72875.78,6.70195,72875.79,0.00038,72875.8,0.00014,72875.94,0.0002,72875.95,0.09041,72876.09,0.004,72876.41,1.40306,72876.42,0.06447,72877.31,0.00024,72877.32,0.06481,72875.775,0.00999999999476131,0.0013721980994042685,-0.9667827806912256,0.121,8.32966,-0.9713631834673268,0.0
2026-05-28 15:26:19.084988,72875.77,0.11319,72875.76,0.00072,72875.46,0.00042,72875.19,8e-05,72875.18,7e-05,72875.17,7e-05,72875.04,8e-05,72874.82,7e-05,72874.74,0.00622,72874.23,8e-05,72875.78,6.71591,72875.79,0.00038,72875.8,0.00014,72875.94,0.0002,72875.95,0.09109,72876.09,0.004,72876.41,1.40306,72876.42,0.06447,72877.31,0.00024,72877.32,0.06481,72875.775,0.00999999999476131,0.0013721980994042685,-0.9668506831061193,0.121,8.3443,-0.9714127083505604,0.0
2026-05-28 15:26:19.270276,72871.69,0.54655,72871.68,0.00078,72871.67,0.00014,72871.52,0.00098,72871.28,8e-05,72870.89,0.00016,72870.6,0.003,72870.16,7e-05,72870.09,8e-05,72870.08,0.01658,72871.7,6.24883,72871.71,0.13408,72871.72,0.00014,72871.83,0.004,72872.43,0.004,72872.45,8e-05,72872.46,0.0688,72872.47,0.06449,72872.97,0.0719,72873.23,8e-05,72871.695,0.00999999999476131,0.001372274927152622,-0.8391407103061198,0.56842,6.596399999999999,-0.8413302776622442,-5.598568248488256e-05
2026-05-28 15:26:19.433089,72871.69,0.68356,72871.68,0.00078,72871.67,0.00014,72871.52,0.00098,72871.28,8e-05,72870.6,0.003,72870.16,7e-05,72870.09,8e-05,72870.08,0.01658,72870.0,0.00856,72871.7,6.27658,72871.71,0.13424,72871.72,0.00014,72871.83,0.004,72872.43,0.004,72872.45,8e-05,72872.46,0.06896,72872.47,0.06472,72872.97,0.00016,72873.23,8e-05,72871.695,0.00999999999476131,0.001372274927152622,-0.8035786636475704,0.71383,6.552959999999999,-0.8035363619975258,0.0
2026-05-28 15:26:19.609698,72871.69,0.68348,72871.68,0.00078,72871.67,0.00014,72871.52,0.00098,72871.28,8e-05,72870.8,7e-05,72870.16,7e-05,72870.09,8e-05,72870.08,0.01658,72870.0,0.00856,72871.7,6.27645,72871.71,0.13424,72871.72,0.00014,72871.83,0.004,72872.43,0.004,72872.45,8e-05,72872.46,0.06896,72872.47,0.06465,72873.23,8e-05,72873.24,0.06465,72871.695,0.00999999999476131,0.001372274927152622,-0.8035957258190815,0.71082,6.6172499999999985,-0.8060007614556083,0.0
2026-05-28 15:26:19.818179,72871.69,0.68348,72871.68,0.00078,72871.67,0.00014,72871.52,0.00098,72871.28,8e-05,72870.8,7e-05,72870.16,7e-05,72870.09,8e-05,72870.08,0.01658,72870.0,0.00856,72871.7,6.27645,72871.71,0.13424,72871.72,0.00014,72871.83,0.004,72872.01,0.004,72872.43,0.004,72872.45,8e-05,72872.46,0.06896,72872.47,0.06465,72873.23,8e-05,72871.695,0.00999999999476131,0.001372274927152622,-0.8035957258190815,0.71082,6.556599999999998,-0.8043817475802967,0.0
2026-05-28 15:26:20.082149,72871.69,0.68248,72871.68,0.00086,72871.67,0.00014,72871.52,0.00098,72871.28,8e-05,72870.8,7e-05,72870.16,7e-05,72870.0,0.00856,72869.69,0.00147,72869.37,8e-05,72871.7,6.27629,72871.71,0.13424,72871.72,0.00014,72871.83,0.004,72872.01,0.004,72872.43,0.004,72872.45,8e-05,72872.46,0.06896,72872.47,0.06465,72872.95,0.01381,72871.695,0.00999999999476131,0.001372274927152622,-0.8038503931010796,0.6947899999999999,6.570169999999999,-0.8087284720081046,0.0
2026-05-28 15:26:20.243797,72871.69,0.69975,72871.68,0.00086,72871.67,0.00014,72871.52,0.00098,72871.28,8e-05,72870.8,7e-05,72870.16,7e-05,72870.0,0.00856,72869.69,0.00147,72869.37,8e-05,72871.7,6.27629,72871.71,0.13424,72871.72,0.00014,72871.83,0.004,72872.01,0.004,72872.43,0.004,72872.45,0.00016,72872.46,0.06896,72872.47,0.06472,72872.95,0.01381,72871.695,0.00999999999476131,0.001372274927152622,-0.7993847512342246,0.7120599999999999,6.57032,-0.8044430529579615,0.0
2026-05-28 15:26:20.614751,72871.69,1.79074,72871.68,0.0011,72871.67,0.00014,72871.52,0.00098,72871.28,8e-05,72870.99,0.00205,72870.94,8e-05,72870.93,0.06594,72870.92,0.06449,72870.8,7e-05,72871.7,6.15066,72871.71,0.13424,72871.72,0.00014,72871.83,0.004,72872.01,0.01,72872.43,0.004,72872.45,0.00016,72872.46,0.06888,72872.47,0.00023,72872.95,0.01381,72871.695,0.00999999999476131,0.001372274927152622,-0.5490115093056641,1.9256700000000004,6.38612,-0.5366413251537875,0.0
2026-05-28 15:26:21.225157,72871.69,2.0598,72871.68,0.00118,72871.67,0.00014,72871.52,0.00098,72871.28,8e-05,72870.99,0.00205,72870.94,8e-05,72870.93,0.0661,72870.92,0.06465,72870.8,7e-05,72871.7,5.83354,72871.71,0.13424,72871.72,0.00014,72871.83,0.004,72872.01,0.01016,72872.43,0.004,72872.45,0.00016,72872.46,0.06888,72872.47,7e-05,72873.24,7e-05,72871.695,0.00999999999476131,0.001372274927152622,-0.4780916570171816,2.1951300000000007,6.05526,-0.46787242784886524,0.0
2026-05-28 15:26:21.587461,72871.69,2.51814,72871.68,0.00118,72871.67,0.00014,72871.52,0.00098,72871.28,8e-05,72870.99,0.00205,72870.94,8e-05,72870.93,0.0661,72870.92,0.06465,72870.8,7e-05,72871.7,2.63248,72871.71,0.00117,72871.72,0.00014,72871.83,0.004,72872.01,0.01016,72872.43,0.004,72872.45,0.00016,72872.46,0.06888,72872.47,7e-05,72873.24,7e-05,72871.695,0.00999999999476131,0.001372274927152622,-0.022199269214191755,2.6534700000000004,2.7211300000000005,-0.01258884382093552,0.0
2026-05-28 15:26:22.137061,72871.69,1.81791,72871.68,0.00118,72871.67,0.00014,72871.52,0.00098,72871.28,8e-05,72870.99,0.00205,72870.94,8e-05,72870.93,0.0661,72870.92,0.06465,72870.8,7e-05,72871.7,4.09136,72871.71,0.00109,72871.72,0.00014,72871.74,8e-05,72871.75,0.07436,72871.83,0.004,72872.01,0.01016,72872.45,0.00016,72872.46,0.06888,72872.47,7e-05,72871.695,0.00999999999476131,0.001372274927152622,-0.3847260321494872,1.9532400000000003,4.250299999999999,-0.3702821292358878,0.0
2026-05-28 15:26:22.581716,72871.69,0.41391,72871.68,0.00102,72871.67,0.00014,72871.52,0.00098,72871.28,8e-05,72870.99,0.00205,72870.8,7e-05,72870.16,7e-05,72870.03,8e-05,72870.02,0.01675,72871.7,4.19061,72871.71,0.00045,72871.72,0.00014,72871.74,8e-05,72871.75,0.0745,72871.83,0.004,72872.01,0.01016,72872.43,0.00416,72872.44,0.3254,72872.45,0.06466,72871.695,0.00999999999476131,0.001372274927152622,-0.8202157879648693,0.43515000000000004,4.674159999999999,-0.8296638880788207,0.0
2026-05-28 15:26:23.081780,72871.69,0.00544,72871.68,0.00086,72871.67,0.00014,72871.53,7e-05,72871.52,0.00098,72870.8,7e-05,72870.16,7e-05,72870.03,8e-05,72870.02,0.00016,72870.0,0.00856,72871.7,5.76657,72871.71,0.00045,72871.72,0.00014,72871.75,0.0745,72871.83,0.004,72872.01,0.01016,72872.25,0.03423,72872.3,0.01389,72872.43,0.00408,72872.44,0.32532,72871.695,0.00999999999476131,0.001372274927152622,-0.9981150413807321,0.01643,6.233339999999998,-0.9947422065131998,0.0
2026-05-28 15:26:23.584085,72871.69,0.11851,72871.68,0.00078,72871.67,0.00014,72871.52,0.00098,72870.8,7e-05,72870.16,7e-05,72870.03,8e-05,72870.0,0.00856,72869.69,0.00147,72868.99,0.00554,72871.7,5.7744,72871.71,0.00063,72871.72,0.00014,72871.75,0.0745,72871.83,0.004,72872.01,0.01016,72872.25,0.03423,72872.3,0.01389,72872.43,0.00408,72872.44,0.32532,72871.695,0.00999999999476131,0.001372274927152622,-0.9597787850145345,0.1362,6.241349999999999,-0.9572876731660278,0.0
2026-05-28 15:26:24.152263,72871.69,0.29483,72871.68,0.00078,72871.67,0.00014,72871.52,0.00098,72870.8,7e-05,72870.16,7e-05,72870.0,0.00856,72869.69,0.00147,72868.99,0.00554,72868.8,8e-05,72871.7,4.33423,72871.71,0.00063,72871.72,0.00014,72871.75,0.0745,72871.83,0.004,72872.01,0.01016,72872.25,0.03423,72872.3,0.00016,72872.43,0.00408,72872.44,0.32532,72871.695,0.00999999999476131,0.001372274927152622,-0.8726177668900381,0.31252,4.787449999999999,-0.8774424163279391,0.0
2026-05-28 15:26:24.615682,72871.69,0.24235,72871.68,0.0011,72871.67,0.00014,72871.52,0.00098,72870.8,7e-05,72870.16,7e-05,72870.0,0.00856,72869.69,0.00147,72868.99,0.00554,72868.8,8e-05,72871.7,4.34714,72871.71,0.00063,72871.72,0.00033,72871.73,0.00746,72871.74,0.00016,72871.75,0.0745,72871.83,0.004,72872.01,0.01016,72872.24,8e-05,72872.25,0.03423,72871.695,0.00999999999476131,0.001372274927152622,-0.8943891369193526,0.26036000000000004,4.4786899999999985,-0.8901214378409174,0.0
2026-05-28 15:26:25.089239,72871.69,0.24235,72871.68,0.0011,72871.67,0.00014,72871.52,0.00098,72870.8,7e-05,72870.16,7e-05,72870.0,0.00856,72869.69,0.00147,72868.99,0.00554,72868.8,8e-05,72871.7,4.36387,72871.71,0.00063,72871.72,0.00033,72871.73,0.00746,72871.74,0.00016,72871.75,0.0745,72871.83,0.004,72872.01,0.01016,72872.24,8e-05,72872.25,0.03423,72871.695,0.00999999999476131,0.001372274927152622,-0.8947727203650716,0.26036000000000004,4.495419999999999,-0.8905079713527537,0.0
2026-05-28 15:26:25.596959,72871.69,0.24235,72871.68,0.0011,72871.67,0.00014,72871.52,0.00098,72870.8,7e-05,72870.16,7e-05,72870.0,0.00856,72869.69,0.00147,72868.99,0.00554,72868.8,8e-05,72871.7,4.34774,72871.71,0.00063,72871.72,0.00033,72871.73,0.00746,72871.74,0.00016,72871.75,0.0745,72871.83,0.004,72871.95,0.01373,72872.01,0.01016,72872.24,8e-05,72871.695,0.00999999999476131,0.001372274927152622,-0.8944029419902442,0.26036000000000004,4.458789999999999,-0.8896580952078232,0.0
2026-05-28 15:26:26.092879,72871.69,0.24235,72871.68,0.0011,72871.67,0.00014,72871.52,0.00098,72870.8,7e-05,72870.16,7e-05,72870.0,0.00856,72869.69,0.00147,72868.99,0.00554,72868.8,8e-05,72871.7,4.42691,72871.71,0.00063,72871.72,0.00033,72871.73,0.00762,72871.74,8e-05,72871.75,0.00014,72871.83,0.004,72871.94,8e-05,72871.95,0.01381,72872.01,0.01016,72871.695,0.00999999999476131,0.001372274927152622,-0.8961934010956768,0.26036000000000004,4.46376,-0.8897741801647713,0.0
2026-05-28 15:26:26.607180,72871.69,0.22463,72871.68,0.00102,72871.67,0.00014,72871.52,0.00098,72870.8,7e-05,72870.16,7e-05,72870.0,0.00856,72869.69,0.00147,72868.99,0.00554,72868.8,8e-05,72871.7,4.42804,72871.71,0.00063,72871.72,0.00033,72871.73,0.00762,72871.75,0.00014,72871.83,0.004,72871.94,0.00016,72871.95,0.01389,72872.01,0.01016,72872.24,8e-05,72871.695,0.00999999999476131,0.001372274927152622,-0.9034403901415745,0.24255999999999997,4.46505,-0.8969498322928194,0.0
2026-05-28 15:26:27.078539,72871.69,0.22463,72871.68,0.00102,72871.67,0.00014,72871.52,0.00098,72870.8,7e-05,72870.16,7e-05,72870.0,0.00856,72869.69,0.00147,72868.99,0.00554,72868.8,8e-05,72871.7,4.41933,72871.71,0.00063,72871.72,0.00033,72871.73,0.00762,72871.75,0.00014,72871.83,0.004,72871.94,0.00016,72871.95,0.01389,72872.01,0.01016,72872.24,8e-05,72871.695,0.00999999999476131,0.001372274927152622,-0.9032592873323628,0.24255999999999997,4.45634,-0.8967588158930813,0.0
2026-05-28 15:26:27.616183,72870.0,0.11738,72869.99,0.00064,72869.69,0.00147,72868.99,0.00554,72868.8,8e-05,72868.0,0.00898,72867.85,0.00016,72867.28,7e-05,72866.67,0.00549,72866.42,7e-05,72870.01,6.90344,72870.02,0.00038,72870.03,0.00014,72870.16,7e-05,72870.36,0.00016,72870.6,0.004,72870.78,0.06403,72870.79,8e-05,72870.8,1.07426,72870.81,2.67965,72870.005,0.00999999999476131,0.0013723067529309639,-0.9665623103853966,0.13987999999999995,10.72621,-0.9742538484404234,-2.3191446281045636e-05
2026-05-28 15:26:28.088362,72870.0,0.45398,72869.99,0.00064,72869.69,0.00147,72869.23,0.06387,72868.99,0.00554,72868.8,8e-05,72868.61,7e-05,72868.48,8e-05,72868.47,0.0833,72868.46,0.06394,72870.01,5.61288,72870.02,0.00038,72870.03,0.00014,72870.16,7e-05,72870.6,0.004,72870.77,8e-05,72870.78,0.0641,72870.79,0.00016,72870.8,0.78464,72870.81,0.00037,72870.005,0.00999999999476131,0.0013723067529309639,-0.8503410330879566,0.67297,6.4668199999999985,-0.8114874527121945,0.0
2026-05-28 15:26:28.611457,72870.0,0.41042,72869.99,0.0011,72869.98,0.00014,72869.69,0.00147,72869.24,8e-05,72869.23,0.06403,72868.99,0.00554,72868.8,8e-05,72868.61,7e-05,72868.48,8e-05,72870.01,5.62958,72870.02,0.00056,72870.03,0.00014,72870.16,7e-05,72870.6,0.004,72870.77,8e-05,72870.78,0.0641,72870.79,0.00016,72870.8,0.78471,72870.81,0.00014,72870.005,0.00999999999476131,0.0013723067529309639,-0.8640993377483442,0.48301000000000005,6.48354,-0.8613345199560758,0.0
2026-05-28 15:26:29.116018,72870.0,3.3958,72869.99,0.00094,72869.98,0.00014,72869.69,0.00147,72869.24,8e-05,72869.23,0.06403,72868.99,0.00554,72868.8,8e-05,72868.77,0.004,72868.61,7e-05,72870.01,3.18855,72870.02,0.00104,72870.03,0.00014,72870.16,7e-05,72870.79,0.00015,72870.81,7e-05,72871.26,0.00021,72871.68,0.00015,72871.69,0.00023,72871.7,0.26085,72870.005,0.00999999999476131,0.0013723067529309639,0.031476151784154804,3.4721499999999996,3.451460000000001,0.002988325454495381,0.0
2026-05-28 15:26:29.623800,72870.0,2.88539,72869.99,0.00086,72869.98,0.00014,72869.69,0.00147,72869.24,8e-05,72869.23,0.06403,72868.99,0.00554,72868.8,8e-05,72868.77,0.004,72868.61,7e-05,72870.01,3.18649,72870.02,0.00144,72870.03,0.00033,72870.16,7e-05,72870.81,7e-05,72871.18,0.00016,72871.19,0.00016,72871.26,0.00021,72871.52,7e-05,72871.68,7e-05,72870.005,0.00999999999476131,0.0013723067529309639,-0.04958925406957975,2.9616599999999997,3.1890700000000005,-0.03697284712546328,0.0
2026-05-28 15:26:30.101615,72870.0,2.61546,72869.99,0.00078,72869.98,0.00014,72869.69,0.00147,72869.24,0.00016,72869.23,0.06403,72868.99,0.00554,72868.8,8e-05,72868.77,0.004,72868.61,7e-05,72870.01,3.94852,72870.02,0.0016,72870.03,0.00033,72870.16,7e-05,72870.81,7e-05,72871.18,8e-05,72871.26,0.00021,72871.52,7e-05,72871.68,7e-05,72871.69,8e-05,72870.005,0.00999999999476131,0.0013723067529309639,-0.20308715139290487,2.6917299999999997,3.9511,-0.18958335528682807,0.0
2026-05-28 15:26:30.599953,72870.0,2.93586,72869.99,0.00078,72869.98,0.00014,72869.69,0.00147,72869.24,0.00016,72869.23,0.06403,72868.99,0.00554,72868.8,8e-05,72868.77,0.004,72868.61,7e-05,72870.01,3.7694,72870.02,0.00128,72870.03,0.00033,72870.16,7e-05,72870.81,7e-05,72871.26,0.00014,72871.7,0.00226,72871.71,7e-05,72871.75,7e-05,72871.83,0.004,72870.005,0.00999999999476131,0.0013723067529309639,-0.12431136152811377,3.0121299999999995,3.77769,-0.11275114804221624,0.0
2026-05-28 15:26:31.093388,72870.0,2.87824,72869.99,0.0003,72869.98,0.00014,72869.69,0.00147,72869.24,0.00016,72869.23,0.06403,72868.99,0.00554,72868.8,8e-05,72868.77,0.004,72868.61,7e-05,72870.01,2.64156,72870.02,0.0012,72870.03,0.00033,72870.16,7e-05,72870.81,7e-05,72871.26,0.00014,72871.7,0.00226,72871.71,7e-05,72871.75,7e-05,72871.83,0.004,72870.005,0.00999999999476131,0.0013723067529309639,0.04287836515815786,2.95403,2.64977,0.05429529961811624,0.0
2026-05-28 15:26:31.585275,72870.0,2.87454,72869.99,0.0003,72869.98,0.00014,72869.69,0.00147,72869.24,0.00016,72869.23,0.06403,72868.99,0.00554,72868.8,8e-05,72868.77,0.004,72868.61,7e-05,72870.01,2.63276,72870.02,0.00136,72870.03,0.00033,72870.16,7e-05,72870.81,7e-05,72871.26,0.00014,72871.7,0.00226,72871.71,7e-05,72871.75,7e-05,72871.83,0.004,72870.005,0.00999999999476131,0.0013723067529309639,0.04390173043051947,2.95033,2.6411300000000004,0.05529861610384402,0.0
2026-05-28 15:26:32.132360,72870.0,2.87541,72869.99,0.00078,72869.98,0.00014,72869.69,0.00147,72869.24,0.00016,72869.23,0.06403,72868.99,0.00554,72868.8,8e-05,72868.77,0.004,72868.61,7e-05,72870.01,2.63276,72870.02,0.00136,72870.03,0.00033,72870.16,7e-05,72870.81,7e-05,72871.26,0.00014,72871.7,0.00226,72871.71,7e-05,72871.75,7e-05,72871.83,0.004,72870.005,0.00999999999476131,0.0013723067529309639,0.0440527434701543,2.9516799999999996,2.6411300000000004,0.055526649394490285,0.0
2026-05-28 15:26:32.644070,72870.0,2.87541,72869.99,0.00078,72869.98,0.00014,72869.69,0.00147,72869.24,0.00016,72869.23,0.06403,72868.99,0.00554,72868.8,8e-05,72868.77,0.004,72868.61,7e-05,72870.01,2.63276,72870.02,0.00136,72870.03,0.00033,72870.16,7e-05,72870.81,7e-05,72871.26,0.00014,72871.7,0.00226,72871.71,7e-05,72871.75,7e-05,72871.83,0.004,72870.005,0.00999999999476131,0.0013723067529309639,0.0440527434701543,2.9516799999999996,2.6411300000000004,0.055526649394490285,0.0
2026-05-28 15:26:33.099853,72870.0,2.87438,72869.99,0.00078,72869.98,0.00014,72869.69,0.00147,72869.24,0.00016,72869.23,0.06504,72868.99,0.00554,72868.8,8e-05,72868.77,0.004,72868.61,7e-05,72870.01,2.63276,72870.02,0.00136,72870.03,0.00033,72870.16,7e-05,72870.81,7e-05,72871.26,0.00014,72871.7,0.00226,72871.71,7e-05,72871.75,7e-05,72871.83,0.004,72870.005,0.00999999999476131,0.0013723067529309639,0.04387395272319203,2.95166,2.6411300000000004,0.05552327192689149,0.0
2026-05-28 15:26:33.596836,72880.36,8.43132,72880.35,0.00022,72880.34,0.00014,72880.0,0.40507,72879.99,1.42824,72879.92,0.03423,72879.75,0.07095,72878.98,2.75908,72878.85,0.29247,72878.76,0.00026,72880.37,0.00089,72880.38,0.00048,72880.79,7e-05,72880.98,0.00025,72881.38,7e-05,72881.52,7e-05,72882.0,0.0014,72882.01,0.00716,72882.53,8e-05,72882.81,0.00205,72880.36499999999,0.00999999999476131,0.0013721116784694083,0.9997889046880948,13.421980000000003,0.01252,0.998136142022405,0.00014217097967783587
2026-05-28 15:26:34.082175,72885.31,1.99526,72885.3,0.00038,72885.29,0.00014,72885.26,8e-05,72885.25,7e-05,72885.12,7e-05,72884.55,8e-05,72884.54,0.06373,72884.0,8e-05,72883.99,0.01772,72885.32,3.40501,72885.33,0.00102,72885.34,0.00014,72885.67,0.00072,72886.0,0.0014,72886.01,0.00716,72886.07,8e-05,72886.08,0.03921,72886.09,0.06382,72886.1,8e-05,72885.315,0.010000000009313226,0.0013720184936174351,-0.26105176222670345,2.0776100000000004,3.51864,-0.25749921822649086,6.791952811990853e-05
2026-05-28 15:26:34.591386,72885.31,1.92415,72885.3,0.00038,72885.29,0.00014,72885.26,8e-05,72885.25,7e-05,72885.12,7e-05,72884.55,8e-05,72884.54,0.06373,72884.0,0.00408,72883.99,0.01772,72885.32,2.98362,72885.33,0.00102,72885.34,0.00014,72885.67,0.00072,72885.72,8e-05,72885.73,0.01389,72886.0,0.0014,72886.01,0.00716,72886.07,0.00016,72886.08,0.03921,72885.315,0.010000000009313226,0.0013720184936174351,-0.21587604961112686,2.0105000000000004,3.0474,-0.2050060301706241,0.0
2026-05-28 15:26:35.114020,72875.77,0.42843,72875.76,0.00104,72875.46,0.00042,72875.19,8e-05,72874.24,8e-05,72874.23,0.06368,72874.0,0.00432,72873.99,0.15036,72873.9,7e-05,72873.49,0.00011,72875.78,6.65245,72875.79,0.00062,72875.8,0.00014,72876.09,0.004,72876.54,8e-05,72876.55,0.06398,72876.6,8e-05,72876.61,0.09848,72876.62,0.06607,72876.63,7e-05,72875.775,0.00999999999476131,0.0013721980994042685,-0.8789896171097379,0.64859,6.885969999999999,-0.8278359983861033,-0.00013089056416926148
2026-05-28 15:26:35.721329,72875.77,0.13005,72875.76,0.00088,72875.46,0.00042,72875.19,8e-05,72874.01,8e-05,72874.0,0.02916,72873.99,0.15036,72873.9,7e-05,72873.49,0.00011,72873.47,8e-05,72875.78,7.59299,72875.79,0.00038,72875.8,0.00014,72876.09,0.004,72876.54,8e-05,72876.55,0.06405,72876.59,8e-05,72876.6,0.12319,72876.61,8e-05,72876.62,7e-05,72875.775,0.00999999999476131,0.0013721980994042685,-0.9663215521349107,0.31129,7.785059999999999,-0.9231036207673828,0.0
2026-05-28 15:26:36.073511,72875.77,0.12994,72875.76,0.00088,72875.46,0.00042,72875.19,8e-05,72874.01,8e-05,72874.0,0.02916,72873.99,0.15036,72873.9,7e-05,72873.49,0.00011,72873.47,8e-05,72875.78,8.1494,72875.79,0.00057,72875.8,0.00014,72876.09,0.004,72876.54,8e-05,72876.55,0.06398,72876.59,0.00016,72876.6,0.12319,72876.62,7e-05,72876.63,7e-05,72875.775,0.00999999999476131,0.0013721980994042685,-0.9686110245502662,0.31118,8.341659999999997,-0.928074481904207,0.0
2026-05-28 15:26:36.665300,72875.77,0.11752,72875.76,0.00086,72875.75,0.00014,72875.46,0.00042,72875.19,8e-05,72874.01,8e-05,72874.0,0.03232,72873.99,0.15029,72873.9,7e-05,72873.49,0.00011,72875.78,8.15122,72875.79,0.00057,72875.8,0.00014,72876.09,0.004,72876.54,8e-05,72876.55,0.06398,72876.59,0.00016,72876.6,0.12319,72876.62,7e-05,72876.63,7e-05,72875.775,0.00999999999476131,0.0013721980994042685,-0.9715748711411895,0.30189000000000005,8.343479999999998,-0.9301614621467906,0.0
2026-05-28 15:26:37.133758,72875.77,2.38047,72875.76,0.00118,72875.75,0.00014,72875.46,0.00042,72875.19,8e-05,72875.01,8e-05,72875.0,0.06247,72874.45,7e-05,72874.25,0.00016,72874.24,0.09383,72875.78,3.59902,72875.79,0.00057,72875.8,0.00032,72876.09,0.004,72876.63,7e-05,72877.29,0.0002,72877.44,0.00739,72877.64,7e-05,72877.72,0.00016,72877.73,0.01735,72875.775,0.00999999999476131,0.0013721980994042685,-0.20378828294720788,2.5389000000000004,3.62915,-0.1767576462577313,0.0
2026-05-28 15:26:37.585154,72875.77,2.37994,72875.76,0.00118,72875.75,0.00014,72875.46,0.00042,72875.19,8e-05,72875.01,8e-05,72875.0,0.06247,72874.45,7e-05,72874.25,0.00016,72874.24,0.09383,72875.78,3.48281,72875.79,0.00057,72875.8,0.00032,72876.01,0.004,72876.63,7e-05,72877.29,0.0002,72877.44,0.00755,72877.64,7e-05,72877.72,0.00016,72877.73,0.01735,72875.775,0.00999999999476131,0.0013721980994042685,-0.18811479254616012,2.5383700000000005,3.5131000000000006,-0.16107325988561455,0.0
2026-05-28 15:26:38.274201,72875.77,0.10297,72875.76,0.00086,72875.75,0.00014,72875.46,0.00042,72875.19,8e-05,72874.45,7e-05,72874.25,8e-05,72874.01,8e-05,72874.0,0.03224,72873.99,0.00028,72875.78,5.2571,72875.79,0.00057,72875.8,0.00032,72876.01,0.004,72876.09,0.004,72876.54,0.00016,72876.55,0.05758,72876.63,7e-05,72877.29,0.0002,72877.3,0.00016,72875.775,0.00999999999476131,0.0013721980994042685,-0.961578859977575,0.13722,5.32416,-0.9497489645474221,0.0
2026-05-28 15:26:38.641028,72875.77,0.10211,72875.76,0.00086,72875.75,0.00014,72875.46,0.00042,72875.19,8e-05,72874.25,8e-05,72874.01,8e-05,72874.0,0.03224,72873.99,0.00028,72873.9,7e-05,72875.78,5.35952,72875.79,0.00057,72875.8,0.00032,72876.01,0.004,72876.09,0.004,72876.54,0.00016,72876.55,0.05758,72876.63,7e-05,72877.29,0.0002,72877.3,0.00016,72875.775,0.00999999999476131,0.0013721980994042685,-0.9626082323408947,0.13635999999999998,5.4265799999999995,-0.9509755632812866,0.0
2026-05-28 15:26:39.262344,72872.0,3.64404,72871.99,0.00088,72871.7,0.00041,72871.52,8e-05,72871.35,0.00205,72871.25,8e-05,72871.24,0.05933,72871.23,0.06373,72870.8,7e-05,72870.6,0.004,72872.01,1.80449,72872.02,0.00094,72872.03,0.00014,72872.78,7e-05,72873.49,0.00016,72873.5,0.10425,72873.55,7e-05,72873.65,8e-05,72873.66,0.01715,72873.9,7e-05,72872.005,0.00999999999476131,0.0013722690894481784,0.33762317542529824,3.7746700000000004,1.92742,0.3239601619756967,-5.173186837448274e-05
2026-05-28 15:26:39.583908,72872.0,3.6438,72871.99,0.00088,72871.7,0.00041,72871.52,8e-05,72871.35,0.00205,72871.25,8e-05,72871.24,0.05933,72871.23,0.06373,72870.8,7e-05,72870.6,0.004,72872.01,1.86494,72872.02,0.00094,72872.03,0.00014,72872.78,7e-05,72873.49,0.00016,72873.5,0.10425,72873.55,7e-05,72873.65,8e-05,72873.66,0.01715,72873.9,7e-05,72872.005,0.00999999999476131,0.0013722690894481784,0.3229159481115464,3.7744300000000006,1.98787,0.3100428648282804,0.0
2026-05-28 15:26:40.097500,72872.0,3.64374,72871.99,0.00056,72871.7,0.00041,72871.52,8e-05,72871.35,0.00205,72871.25,8e-05,72871.24,0.05941,72871.23,0.06373,72870.8,7e-05,72870.6,0.004,72872.01,1.94779,72872.02,0.00094,72872.03,0.00014,72872.78,7e-05,72873.49,0.00016,72873.5,0.10418,72873.65,8e-05,72873.66,0.01715,72873.9,7e-05,72874.0,0.0006,72872.005,0.00999999999476131,0.0013722690894481784,0.30330696607189805,3.774130000000001,2.07118,0.2913361310178588,0.0
2026-05-28 15:26:40.602500,72872.0,3.61704,72871.99,0.0007,72871.98,0.00014,72871.7,0.00041,72871.52,8e-05,72871.35,0.00205,72871.25,8e-05,72871.24,0.05941,72871.23,0.06373,72870.8,7e-05,72872.01,2.23778,72872.02,0.00102,72872.03,0.00014,72872.78,7e-05,72873.49,0.00016,72873.5,0.10418,72873.65,8e-05,72873.66,0.01715,72873.9,7e-05,72874.0,0.0006,72872.005,0.00999999999476131,0.0013722690894481784,0.2355768409618058,3.7437100000000005,2.36125,0.22644865814026635,0.0
2026-05-28 15:26:41.181241,72872.0,3.06871,72871.99,0.0007,72871.98,0.00014,72871.7,0.00041,72871.52,8e-05,72871.35,0.00205,72871.25,8e-05,72871.24,0.05941,72871.23,0.06373,72870.8,7e-05,72872.01,2.10148,72872.02,0.0011,72872.03,0.00014,72872.78,0.0003,72872.98,7e-05,72873.49,0.00032,72873.5,0.10432,72873.65,8e-05,72873.66,0.01715,72873.9,7e-05,72872.005,0.00999999999476131,0.0013722690894481784,0.18707823116751993,3.1953800000000006,2.2250300000000003,0.1790178233749846,0.0
2026-05-28 15:26:41.578580,72872.0,3.06871,72871.99,0.0007,72871.98,0.00014,72871.7,0.00041,72871.52,8e-05,72871.35,0.00205,72871.25,8e-05,72871.24,0.05941,72871.23,0.06373,72870.8,7e-05,72872.01,2.10017,72872.02,0.00118,72872.03,0.00014,72872.78,0.00014,72872.98,7e-05,72873.49,0.00016,72873.5,0.10432,72873.65,8e-05,72873.66,0.01715,72873.9,7e-05,72872.005,0.00999999999476131,0.0013722690894481784,0.18737908405689435,3.1953800000000006,2.2234800000000003,0.17935506730197867,0.0
2026-05-28 15:26:42.165700,72872.0,3.06743,72871.99,0.0007,72871.98,0.00014,72871.7,0.00041,72871.52,8e-05,72871.35,0.00205,72871.25,8e-05,72871.24,0.05941,72871.23,0.06373,72870.8,7e-05,72872.01,1.97787,72872.02,0.00118,72872.03,0.00014,72872.78,0.00014,72873.49,0.00016,72873.5,0.10432,72873.65,8e-05,72873.66,0.01715,72873.9,7e-05,72874.0,0.0014,72872.005,0.00999999999476131,0.0013722690894481784,0.21595544368025685,3.1941000000000006,2.10251,0.2060921985949504,0.0
2026-05-28 15:26:42.656323,72872.0,3.06538,72871.99,0.0007,72871.98,0.00014,72871.7,0.00041,72871.52,8e-05,72871.35,0.00205,72871.25,8e-05,72871.24,0.05941,72871.23,0.06373,72870.8,7e-05,72872.01,1.94638,72872.02,0.00118,72872.03,0.00014,72872.78,0.00014,72873.49,0.00016,72873.5,0.10432,72873.65,8e-05,72873.66,0.01715,72873.9,7e-05,72874.0,0.0014,72872.005,0.00999999999476131,0.0013722690894481784,0.2232748575350775,3.192050000000001,2.07102,0.21299925708759354,0.0
2026-05-28 15:26:43.094700,72872.0,3.06538,72871.99,0.0007,72871.98,0.00014,72871.7,0.00041,72871.52,8e-05,72871.35,0.00352,72871.25,8e-05,72871.24,0.05941,72871.23,0.06373,72870.8,7e-05,72872.01,1.94733,72872.02,0.00118,72872.03,0.00014,72872.78,0.00014,72873.49,0.00016,72873.5,0.10432,72873.65,8e-05,72873.66,0.01715,72873.9,7e-05,72874.0,0.0014,72872.005,0.00999999999476131,0.0013722690894481784,0.22304302463138706,3.193520000000001,2.07197,0.21300011964698456,0.0
2026-05-28 15:26:43.660837,72872.0,3.07079,72871.99,0.0007,72871.98,0.00014,72871.7,0.00041,72871.52,8e-05,72871.35,0.00352,72871.25,8e-05,72871.24,0.05941,72871.23,0.06373,72870.8,7e-05,72872.01,1.95216,72872.02,0.00137,72872.03,0.00014,72872.78,0.00014,72873.49,0.00016,72873.5,0.10432,72873.65,8e-05,72873.66,0.01715,72873.9,7e-05,72874.0,0.0014,72872.005,0.00999999999476131,0.0013722690894481784,0.22270378960570986,3.1989300000000007,2.07699,0.2126529591047629,0.0
2026-05-28 15:26:44.076186,72872.0,3.14668,72871.99,0.0003,72871.98,0.00014,72871.7,0.00041,72871.52,8e-05,72871.35,0.00352,72871.24,0.05933,72871.23,0.06373,72871.01,0.06674,72870.8,7e-05,72872.01,0.28028,72872.02,0.00121,72872.03,0.00014,72872.78,0.00014,72873.49,0.00016,72873.5,0.10425,72873.65,8e-05,72873.66,0.01715,72873.9,7e-05,72874.0,0.0014,72872.005,0.00999999999476131,0.0013722690894481784,0.8364264537666037,3.341,0.40487999999999996,0.7838264973784532,0.0
2026-05-28 15:26:44.601517,72872.0,3.09934,72871.99,0.0003,72871.98,0.00014,72871.7,0.00041,72871.52,8e-05,72871.35,0.00352,72871.24,0.08157,72871.23,0.0638,72870.8,7e-05,72870.7,0.00781,72872.01,0.5141,72872.02,0.00121,72872.03,0.00033,72872.78,0.00014,72873.49,0.00016,72873.5,0.10418,72873.9,7e-05,72874.0,0.0014,72874.01,0.00716,72875.77,0.00036,72872.005,0.00999999999476131,0.0013722690894481784,0.7154512043924903,3.257040000000001,0.6291100000000002,0.6762296874798965,0.0
2026-05-28 15:26:45.128860,72872.0,3.09736,72871.99,0.0007,72871.98,0.00014,72871.7,0.00041,72871.52,8e-05,72871.35,0.00352,72871.25,0.00016,72871.24,0.08149,72871.23,0.06373,72870.8,7e-05,72872.01,2.33996,72872.02,0.00121,72872.03,0.00033,72872.78,0.00014,72873.49,0.00016,72873.5,0.10418,72873.9,7e-05,72874.0,0.0014,72874.01,0.00716,72874.56,0.00028,72872.005,0.00999999999476131,0.0013722690894481784,0.13929656521963027,3.2476600000000007,2.45489,0.13902026286485886,0.0
2026-05-28 15:26:46.000450,72872.0,1.95189,72871.99,0.0007,72871.98,0.00014,72871.7,0.00041,72871.52,8e-05,72871.35,0.00352,72871.25,0.00016,72871.24,0.08149,72871.23,0.06373,72870.8,7e-05,72872.01,3.18085,72872.02,0.00105,72872.03,0.00033,72872.77,8e-05,72872.78,0.06355,72872.98,7e-05,72873.48,8e-05,72873.49,0.20292,72873.5,0.10425,72873.89,0.00687,72872.005,0.00999999999476131,0.0013722690894481784,-0.2394354672163406,2.10219,3.560050000000001,-0.2574705416937468,0.0
2026-05-28 15:26:46.199696,72872.0,1.0926,72871.99,0.00086,72871.98,0.00014,72871.7,0.00041,72871.52,8e-05,72871.35,0.00352,72871.25,8e-05,72871.23,7e-05,72870.8,7e-05,72870.47,8e-05,72872.01,3.26888,72872.02,0.00097,72872.03,0.00033,72872.43,0.004,72872.77,8e-05,72872.78,0.06362,72872.98,7e-05,72873.47,8e-05,72873.48,0.91144,72873.49,0.06357,72872.005,0.00999999999476131,0.0013722690894481784,-0.49897741133743584,1.0979100000000004,4.31304,-0.5941895600587696,0.0
2026-05-28 15:26:46.587708,72872.0,1.0966,72871.99,0.00086,72871.98,0.00014,72871.7,0.00041,72871.52,8e-05,72871.35,0.00352,72871.25,8e-05,72871.23,7e-05,72870.8,7e-05,72870.47,8e-05,72872.01,3.39734,72872.02,0.00105,72872.03,0.00033,72872.43,0.004,72872.77,8e-05,72872.78,0.06362,72872.98,7e-05,72873.47,0.00016,72873.48,0.91144,72873.49,0.06357,72872.005,0.00999999999476131,0.0013722690894481784,-0.5119650017579228,1.1019100000000004,4.441660000000001,-0.6024547358471166,0.0
2026-05-28 15:26:47.182739,72872.0,1.09463,72871.99,0.00086,72871.98,0.00014,72871.7,0.00041,72871.52,8e-05,72871.35,0.00352,72871.23,7e-05,72870.8,7e-05,72870.47,8e-05,72870.46,0.05954,72872.01,3.39596,72872.02,0.00113,72872.03,0.00033,72872.43,0.004,72872.77,8e-05,72872.78,0.06362,72872.92,0.00762,72872.98,7e-05,72873.47,0.00016,72873.48,0.91144,72872.005,0.00999999999476131,0.0013722690894481784,-0.5124783157669704,1.1594000000000002,4.38441,-0.5817316971541231,0.0
2026-05-28 15:26:47.605463,72872.0,2.41731,72871.99,0.00094,72871.98,0.00014,72871.7,0.00041,72871.52,8e-05,72871.35,0.00352,72871.25,8e-05,72871.24,0.07155,72871.23,0.06332,72870.8,7e-05,72872.01,3.32927,72872.02,0.00113,72872.03,0.00033,72872.43,0.004,72872.78,0.00021,72872.92,0.00016,72872.98,7e-05,72873.07,8e-05,72873.08,0.01694,72873.22,0.00753,72872.005,0.00999999999476131,0.0013722690894481784,-0.158696128827929,2.5574200000000005,3.3597200000000003,-0.1355891528677705,0.0
2026-05-28 15:26:48.232790,72872.0,3.01825,72871.99,0.00094,72871.98,0.00014,72871.7,0.00041,72871.52,8e-05,72871.35,0.00352,72871.25,8e-05,72871.24,0.07155,72871.23,0.06348,72870.8,7e-05,72872.01,2.9084,72872.02,0.00105,72872.03,0.00033,72872.78,0.00021,72873.07,8e-05,72873.08,0.0171,72873.22,0.00769,72873.47,0.00016,72873.48,0.91136,72873.49,0.00016,72872.005,0.00999999999476131,0.0013722690894481784,0.018534922764124794,3.15852,3.846540000000001,-0.09821757415354053,0.0
2026-05-28 15:26:48.577730,72872.0,3.01931,72871.99,0.00046,72871.98,0.00014,72871.7,0.00041,72871.52,8e-05,72871.35,0.00352,72871.25,8e-05,72871.24,0.07155,72871.23,0.06348,72870.8,7e-05,72872.01,2.25362,72872.02,0.00097,72872.03,0.00033,72872.63,8e-05,72872.64,0.01373,72872.78,0.00014,72873.07,8e-05,72873.08,0.0171,72873.47,8e-05,72873.49,8e-05,72872.005,0.00999999999476131,0.0013722690894481784,0.14521148583425147,3.1591000000000005,2.2862100000000005,0.160301250066571,0.0
2026-05-28 15:26:49.075933,72872.0,2.95792,72871.99,0.00078,72871.98,0.00014,72871.7,0.00041,72871.52,8e-05,72871.35,0.00352,72871.25,8e-05,72871.24,0.07155,72871.23,0.06348,72870.8,7e-05,72872.01,2.27194,72872.02,0.00097,72872.03,0.00033,72872.78,0.00014,72872.98,7e-05,72873.07,8e-05,72873.08,0.0171,72873.47,8e-05,72873.49,8e-05,72873.5,0.10425,72872.005,0.00999999999476131,0.0013722690894481784,0.13116603503726681,3.0980300000000005,2.3950400000000003,0.12797761543180772,0.0
2026-05-28 15:26:49.593175,72872.0,2.95728,72871.99,0.00038,72871.98,0.00014,72871.7,0.00041,72871.52,8e-05,72871.35,0.00352,72871.24,0.07147,72871.23,0.06348,72870.8,7e-05,72870.6,0.004,72872.01,1.98968,72872.02,0.00078,72872.03,0.00014,72872.78,0.00014,72873.07,8e-05,72873.08,0.0171,72873.49,8e-05,72873.5,0.10425,72873.9,7e-05,72874.0,0.0014,72872.005,0.00999999999476131,0.0013722690894481784,0.19559487038504456,3.10083,2.11372,0.18929917250769487,0.0
2026-05-28 15:26:50.095169,72872.0,2.95687,72871.99,0.0003,72871.98,0.00014,72871.7,0.00041,72871.52,8e-05,72871.35,0.00352,72871.24,0.07147,72871.23,0.06348,72870.8,7e-05,72870.6,0.004,72872.01,2.16015,72872.02,0.00078,72872.03,0.00014,72872.78,0.00014,72873.07,8e-05,72873.08,0.0171,72873.49,8e-05,72873.5,0.10425,72873.9,7e-05,72874.0,0.0014,72872.005,0.00999999999476131,0.0013722690894481784,0.1556999972640326,3.1003400000000005,2.2841899999999997,0.15157311780229674,0.0
2026-05-28 15:26:50.623887,72872.0,2.95143,72871.99,0.0003,72871.98,0.00014,72871.7,0.00041,72871.52,8e-05,72871.35,0.00352,72871.24,0.07147,72871.23,0.06348,72870.8,7e-05,72870.6,0.004,72872.01,2.11366,72872.02,0.00096,72872.03,0.00014,72872.78,0.00014,72873.07,8e-05,72873.08,0.0171,72873.49,8e-05,72873.5,0.10425,72873.9,7e-05,72874.0,0.0014,72872.005,0.00999999999476131,0.0013722690894481784,0.16540081222643632,3.094900000000001,2.23788,0.16070792344705773,0.0
2026-05-28 15:26:51.074210,72872.0,2.99434,72871.99,0.0003,72871.98,0.00014,72871.7,0.00041,72871.52,8e-05,72871.37,0.0076,72871.35,0.00352,72871.24,0.07147,72871.23,0.06348,72870.8,7e-05,72872.01,0.35639,72872.02,0.00104,72872.03,0.00014,72872.78,0.00014,72873.49,8e-05,72873.5,0.0003,72873.9,7e-05,72874.0,0.0014,72874.01,0.00716,72875.05,8e-05,72872.005,0.00999999999476131,0.0013722690894481784,0.7872762054835813,3.1414100000000005,0.3668,0.7908905111153551,0.0
2026-05-28 15:26:51.619940,72875.05,5.20571,72875.04,0.00086,72875.03,0.00014,72874.29,0.03942,72874.28,0.06347,72874.26,0.004,72873.9,7e-05,72873.76,7e-05,72873.72,7e-05,72873.51,0.06354,72875.06,1.81096,72875.07,0.00064,72875.77,0.0002,72875.78,0.00862,72876.0,0.0014,72876.01,0.00716,72876.63,7e-05,72877.05,7e-05,72877.29,0.0002,72877.46,0.00014,72875.055,0.00999999999476131,0.0013722116566171117,0.4838121217044553,5.377349999999999,1.82946,0.4922968692112043,4.185420725000277e-05
2026-05-28 15:26:52.111777,72875.05,5.20547,72875.04,0.00086,72875.03,0.00014,72874.29,0.03942,72874.28,0.06347,72874.26,0.004,72873.9,7e-05,72873.76,7e-05,72873.72,7e-05,72873.51,0.06354,72875.06,1.79308,72875.07,0.00064,72875.77,0.0002,72875.78,0.00862,72876.0,0.0014,72876.01,0.00716,72876.63,7e-05,72877.05,7e-05,72877.29,0.0002,72877.46,0.00014,72875.055,0.00999999999476131,0.0013722116566171117,0.4875852855234299,5.377109999999999,1.8115800000000002,0.49599162017001697,0.0
2026-05-28 15:26:52.583945,72875.05,5.20563,72875.04,0.00086,72875.03,0.00014,72874.29,0.03942,72874.28,0.06347,72874.26,0.004,72874.0,0.004,72873.9,7e-05,72873.76,7e-05,72873.72,7e-05,72875.06,1.78596,72875.07,0.00088,72875.08,0.00014,72875.77,0.0002,72875.78,0.00862,72875.9,7e-05,72876.0,0.0014,72876.01,0.00716,72876.63,7e-05,72877.05,7e-05,72875.055,0.00999999999476131,0.0013722116566171117,0.4891119187480959,5.317729999999999,1.8045700000000002,0.4932620080591943,0.0
2026-05-28 15:26:53.096905,72878.1,8.1111,72878.09,0.0003,72878.08,0.00014,72878.02,8e-05,72878.0,0.12648,72877.92,0.004,72877.88,0.14082,72877.64,7e-05,72877.37,7e-05,72877.23,0.06353,72878.11,0.1247,72878.12,0.00072,72879.68,7e-05,72880.0,0.0014,72880.01,0.00716,72880.36,8e-05,72881.2,7e-05,72881.38,0.00015,72881.44,0.0035,72881.58,0.00076,72878.10500000001,0.00999999999476131,0.001372154228593253,0.9697175744918526,8.446589999999999,0.13861,0.9677095466616968,4.1852455548996303e-05
2026-05-28 15:26:53.580218,72878.1,8.50503,72878.09,0.0003,72878.08,0.00014,72878.02,8e-05,72878.0,0.12648,72877.92,0.004,72877.88,0.1409,72877.64,7e-05,72877.37,7e-05,72877.23,0.06346,72878.11,0.12496,72878.12,0.0008,72879.68,7e-05,72880.0,0.0014,72880.01,0.00716,72880.36,8e-05,72880.41,7e-05,72881.2,7e-05,72881.38,0.00015,72881.44,0.0035,72878.10500000001,0.00999999999476131,0.001372154228593253,0.9710405226425524,8.840529999999998,0.13826,0.969202977238581,0.0
2026-05-28 15:26:54.113597,72878.1,8.52282,72878.09,0.0003,72878.08,0.00014,72878.0,0.13248,72877.92,0.004,72877.89,8e-05,72877.88,0.1409,72877.64,7e-05,72877.37,7e-05,72877.23,0.06346,72878.11,0.14642,72878.12,0.00088,72880.0,0.0014,72880.01,0.00716,72880.28,7e-05,72880.41,7e-05,72881.2,7e-05,72881.38,7e-05,72881.44,0.0035,72881.55,0.00016,72878.10500000001,0.00999999999476131,0.001372154228593253,0.96622079905505,8.864319999999996,0.15979999999999994,0.9645838042933825,0.0
2026-05-28 15:26:54.588703,72878.1,8.525,72878.09,0.0003,72878.08,0.00014,72878.0,0.13248,72877.92,0.004,72877.89,8e-05,72877.88,0.1409,72877.64,7e-05,72877.37,7e-05,72877.23,0.06346,72878.11,0.14817,72878.12,0.00112,72878.13,0.00014,72880.0,0.0014,72880.01,0.00716,72880.28,7e-05,72881.2,7e-05,72881.38,7e-05,72881.44,0.0035,72881.55,0.00016,72878.10500000001,0.00999999999476131,0.001372154228593253,0.9658325617968977,8.866499999999997,0.16185999999999998,0.9641440970453103,0.0
2026-05-28 15:26:55.102173,72878.1,8.52426,72878.09,0.0003,72878.08,0.00014,72878.0,0.13248,72877.92,0.004,72877.89,8e-05,72877.88,0.1409,72877.64,7e-05,72877.37,7e-05,72877.23,0.06346,72878.11,0.1452,72878.12,0.00094,72878.13,0.00014,72880.0,0.0014,72880.01,0.00716,72880.28,7e-05,72881.2,7e-05,72881.38,7e-05,72881.44,0.0035,72881.55,0.00016,72878.10500000001,0.00999999999476131,0.001372154228593253,0.9665031039995569,8.865759999999996,0.15870999999999996,0.9648267432879716,0.0
2026-05-28 15:26:55.623509,72878.1,8.52437,72878.09,0.0003,72878.08,0.00014,72878.0,0.13648,72877.92,0.004,72877.89,8e-05,72877.88,0.1409,72877.64,7e-05,72877.37,7e-05,72877.23,0.06346,72878.11,0.27771,72878.12,0.00112,72878.13,0.00014,72880.0,0.0014,72880.01,0.00716,72880.28,7e-05,72881.2,7e-05,72881.38,7e-05,72881.44,0.0035,72881.55,0.00016,72878.10500000001,0.00999999999476131,0.001372154228593253,0.9368990056895641,8.869869999999997,0.29140000000000005,0.9363843659230654,0.0
2026-05-28 15:26:56.073814,72878.1,7.95465,72878.09,0.0003,72878.08,0.00014,72878.0,0.13648,72877.92,0.004,72877.89,8e-05,72877.88,0.1409,72877.64,7e-05,72877.37,7e-05,72877.23,0.06346,72878.11,0.00357,72878.12,0.00112,72878.13,0.00014,72880.0,0.0014,72880.01,0.00716,72880.28,7e-05,72881.2,7e-05,72881.38,7e-05,72881.44,0.0035,72881.55,0.00016,72878.10500000001,0.00999999999476131,0.001372154228593253,0.999102814448457,8.300149999999999,0.01726,0.9958496695485733,0.0
2026-05-28 15:26:56.602351,72885.31,3.31577,72885.3,0.00591,72885.29,0.00014,72885.24,0.004,72885.12,7e-05,72884.54,0.0633,72883.77,0.0633,72883.74,0.07422,72883.41,0.004,72883.0,0.0633,72885.32,0.27576,72885.33,0.00048,72885.67,0.00072,72886.0,0.0014,72886.01,0.00716,72886.06,0.01086,72886.2,8e-05,72886.95,0.00016,72887.16,8e-05,72887.17,0.07422,72885.315,0.010000000009313226,0.0013720184936174351,0.8464387043961765,3.59401,0.37092,0.8128995972186143,9.893231993318707e-05
2026-05-28 15:26:57.172468,72885.31,3.32995,72885.3,0.00623,72885.29,0.00014,72885.12,7e-05,72885.09,8e-05,72885.08,0.14089,72884.55,8e-05,72884.54,0.06338,72883.94,7e-05,72883.78,8e-05,72885.32,2.41026,72885.33,0.00048,72885.67,0.00072,72886.0,0.0014,72886.01,0.00716,72886.06,0.01086,72886.2,8e-05,72887.07,0.004,72887.16,8e-05,72887.17,0.07459,72885.315,0.010000000009313226,0.0013720184936174351,0.16021887700972615,3.5409700000000006,2.50963,0.17045251710574164,0.0
2026-05-28 15:26:57.678389,72885.31,2.26317,72885.3,0.00623,72885.29,0.00014,72885.12,7e-05,72885.09,0.00016,72885.08,0.14089,72884.55,8e-05,72884.54,0.06338,72883.94,7e-05,72883.78,8e-05,72885.32,2.41321,72885.33,0.00078,72885.34,0.00014,72885.67,0.00072,72886.0,0.0014,72886.01,0.00716,72886.06,0.01086,72886.2,8e-05,72886.84,8e-05,72886.85,0.04681,72885.315,0.010000000009313226,0.0013720184936174351,-0.032084646671143004,2.4742700000000006,2.4812399999999992,-0.001406515172000175,0.0
2026-05-28 15:26:58.122017,72885.31,0.2037,72885.3,0.00623,72885.29,0.00014,72885.12,7e-05,72885.09,0.00016,72885.08,0.14089,72884.54,0.00015,72883.94,7e-05,72883.77,0.00022,72883.21,7e-05,72885.32,2.81492,72885.33,0.00038,72885.34,0.00014,72885.67,0.00072,72885.78,0.00746,72886.0,0.0014,72886.01,0.00716,72886.06,0.01086,72886.09,0.06325,72886.2,8e-05,72885.315,0.010000000009313226,0.0013720184936174351,-0.8650376662183382,0.3517,2.9063699999999995,-0.7841053138821449,0.0
2026-05-28 15:26:58.584258,72882.23,0.00123,72882.22,0.00056,72882.0,0.00481,72881.82,8e-05,72881.75,7e-05,72881.55,0.00014,72881.38,7e-05,72881.34,0.00023,72881.21,7e-05,72881.19,7e-05,72882.24,6.30475,72882.25,0.00038,72882.26,0.00014,72882.58,0.14035,72882.6,9e-05,72882.93,0.01389,72883.01,0.06349,72883.02,0.2699,72883.03,0.02205,72883.41,0.004,72882.235,0.010000000009313226,0.0013720764750577731,-0.9996098941005206,0.00733,6.819039999999999,-0.9978524457361674,-4.225816956404671e-05
2026-05-28 15:26:59.099377,72882.23,0.01605,72882.22,0.00056,72882.0,0.00481,72881.82,8e-05,72881.55,0.00014,72881.38,7e-05,72881.34,0.00023,72881.21,7e-05,72881.19,7e-05,72881.02,7e-05,72882.24,6.3034,72882.25,0.00046,72882.26,0.00014,72882.58,0.14035,72882.6,9e-05,72882.93,0.01389,72883.01,0.06349,72883.02,0.2699,72883.03,0.02205,72883.41,0.004,72882.235,0.010000000009313226,0.0013720764750577731,-0.9949204440259833,0.022150000000000006,6.817769999999999,-0.9935233160621761,0.0
2026-05-28 15:26:59.618030,72882.23,0.84686,72882.22,0.00086,72882.21,0.00014,72882.0,0.00569,72881.55,0.00014,72881.46,8e-05,72881.45,7e-05,72881.38,7e-05,72881.34,0.00023,72881.21,7e-05,72882.24,3.71169,72882.25,0.00056,72882.26,0.00014,72882.57,8e-05,72882.58,0.14035,72882.6,9e-05,72882.93,0.01389,72883.0,8e-05,72883.01,0.06431,72883.02,0.19047,72882.235,0.010000000009313226,0.0013720764750577731,-0.6284520297024273,0.8542099999999999,4.12166,-0.6566590365101982,0.0
2026-05-28 15:27:00.162613,72882.23,0.84225,72882.22,0.00086,72882.21,0.00014,72882.0,0.00569,72881.55,0.00014,72881.46,8e-05,72881.45,7e-05,72881.38,7e-05,72881.34,0.00023,72881.21,7e-05,72882.24,3.70475,72882.25,0.00056,72882.26,0.00022,72882.57,8e-05,72882.58,0.14035,72882.6,9e-05,72882.93,0.01389,72883.0,8e-05,72883.01,0.06431,72883.02,0.19047,72882.235,0.010000000009313226,0.0013720764750577731,-0.6295359577743567,0.8496,4.114800000000001,-0.6577229876722264,0.0
2026-05-28 15:27:00.597577,72882.23,1.58014,72882.22,0.00102,72882.21,0.00014,72882.0,0.00569,72881.55,0.00014,72881.47,8e-05,72881.46,0.03926,72881.45,0.06414,72881.38,7e-05,72881.34,0.00023,72882.24,3.57846,72882.25,0.00056,72882.26,0.00033,72882.57,8e-05,72882.58,0.14035,72882.6,9e-05,72882.93,0.01389,72883.01,0.00016,72883.02,0.19037,72883.03,0.00099,72882.235,0.010000000009313226,0.0013720764750577731,-0.3873764199589036,1.6909100000000004,3.9252800000000008,-0.3978444461458746,0.0
2026-05-28 15:27:01.075722,72882.23,2.14566,72882.22,0.00062,72882.21,0.00014,72882.0,0.00569,72881.55,0.00014,72881.47,8e-05,72881.46,0.03926,72881.45,0.06414,72881.38,7e-05,72881.34,0.00023,72882.24,2.89244,72882.25,0.00096,72882.26,0.00033,72882.57,8e-05,72882.58,0.14035,72882.6,9e-05,72882.93,0.00016,72883.01,0.00016,72883.02,0.1903,72883.03,0.00099,72882.235,0.010000000009313226,0.0013720764750577731,-0.14822651396359743,2.2560300000000004,3.225860000000001,-0.1769152609775096,0.0
2026-05-28 15:27:01.679837,72882.23,2.13351,72882.22,0.00062,72882.21,0.00014,72882.0,0.00569,72881.55,0.00014,72881.47,8e-05,72881.46,0.03926,72881.45,0.06414,72881.38,7e-05,72881.34,0.00023,72882.24,2.92081,72882.25,0.00104,72882.26,0.00033,72882.57,8e-05,72882.58,0.14035,72882.6,9e-05,72883.01,0.00016,72883.02,0.19023,72883.03,0.00099,72883.35,0.01707,72882.235,0.010000000009313226,0.0013720764750577731,-0.15576773928045715,2.2438800000000003,3.2711500000000004,-0.18626734578053064,0.0
2026-05-28 15:27:02.108607,72882.23,1.86581,72882.22,0.00062,72882.21,0.00014,72882.0,0.00569,72881.55,0.00014,72881.47,8e-05,72881.46,0.03926,72881.45,0.06414,72881.38,7e-05,72881.34,0.00023,72882.24,3.19846,72882.25,0.00104,72882.26,0.00033,72882.57,8e-05,72882.58,0.14035,72882.6,9e-05,72883.01,0.00016,72883.02,0.19023,72883.03,0.00099,72883.35,0.01707,72882.235,0.010000000009313226,0.0013720764750577731,-0.2631475020091741,1.9761800000000003,3.5488000000000004,-0.28463813443668573,0.0
2026-05-28 15:27:02.611320,72882.23,2.1324,72882.22,0.0007,72882.21,0.00014,72882.0,0.00569,72881.58,0.004,72881.55,0.00014,72881.47,8e-05,72881.46,0.03926,72881.45,0.06414,72881.38,7e-05,72882.24,2.4996,72882.25,0.00088,72882.26,0.00033,72882.57,8e-05,72882.58,0.14035,72882.6,9e-05,72883.01,0.00016,72883.02,0.03102,72883.03,0.00099,72883.34,8e-05,72882.235,0.010000000009313226,0.0013720764750577731,-0.07927461139896373,2.2466200000000005,2.6735800000000003,-0.08677696028616716,0.0
2026-05-28 15:27:03.808389,72882.23,2.13739,72882.22,0.00022,72882.21,0.00014,72882.0,0.00569,72881.58,0.004,72881.55,0.00014,72881.47,8e-05,72881.46,0.03926,72881.45,0.06414,72881.38,7e-05,72882.24,2.26519,72882.25,0.00088,72882.26,0.00033,72882.57,0.00016,72882.58,0.14035,72883.02,0.00014,72883.03,0.00099,72883.2,7e-05,72883.34,0.00016,72883.35,0.01707,72882.235,0.010000000009313226,0.0013720764750577731,-0.029028433327730585,2.2511300000000003,2.4253400000000003,-0.037252457516032386,0.0
2026-05-28 15:27:04.225306,72882.57,7.46614,72882.56,0.0003,72882.55,0.00014,72882.34,0.00068,72882.25,1.01417,72882.24,2.62285,72882.23,0.50612,72882.0,0.00569,72881.63,0.03415,72881.58,0.004,72882.58,0.00184,72882.59,0.00056,72883.02,0.00014,72883.03,0.00099,72883.2,7e-05,72883.34,8e-05,72883.35,0.00016,72883.93,7e-05,72884.01,0.004,72884.15,0.13317,72882.57500000001,0.00999999999476131,0.0013720700722719124,0.9995072295319485,11.654239999999998,0.14108,0.9760786481418053,4.665060010955457e-06
2026-05-28 15:27:04.386939,72887.42,5.56513,72887.41,3.11697,72887.4,0.00014,72887.34,0.011,72887.07,0.004,72886.65,0.06315,72886.64,0.06398,72886.19,0.13363,72886.06,2.59144,72886.05,1.22019,72887.43,0.22564,72887.44,0.00064,72887.58,7e-05,72887.76,0.00338,72887.81,0.00016,72888.0,0.0014,72888.01,0.00716,72888.16,0.00016,72888.22,0.00016,72888.27,0.00102,72887.42499999999,0.00999999999476131,0.001371978773397649,0.9220690858037877,12.769630000000001,0.23978999999999998,0.9631359430320492,6.65453985397857e-05
2026-05-28 15:27:04.611790,72892.0,6.20787,72891.99,0.0003,72891.98,0.00014,72891.49,0.00027,72891.48,0.00205,72891.23,0.06344,72890.8,0.06779,72890.73,0.004,72890.53,0.1339,72890.47,0.18093,72892.01,0.79057,72892.02,0.00088,72892.59,0.00015,72892.6,7e-05,72893.5,0.00554,72893.54,8e-05,72893.6,7e-05,72893.98,8e-05,72893.99,7e-05,72894.0,0.0014,72892.005,0.00999999999476131,0.0013718925682948782,0.7740725075874052,6.660689999999999,0.7989099999999999,0.7858035283393211,6.283662785477873e-05
2026-05-28 15:27:05.102550,72892.0,5.21224,72891.99,0.0003,72891.98,0.00014,72891.49,0.00027,72891.48,0.00205,72891.24,7e-05,72891.23,0.06337,72890.73,0.004,72890.53,0.1339,72890.47,0.2667,72892.01,0.69509,72892.02,0.00203,72892.59,0.00015,72892.6,7e-05,72893.5,0.00554,72893.54,8e-05,72893.6,0.00094,72893.98,8e-05,72893.99,7e-05,72894.0,0.0014,72892.005,0.00999999999476131,0.0013718925682948782,0.7646686404856341,5.68304,0.7054499999999999,0.7791496895197457,0.0
2026-05-28 15:27:05.619454,72897.82,3.94226,72897.81,0.0003,72897.8,0.00014,72897.25,8e-05,72897.24,1.00199,72897.23,0.20553,72896.55,0.06279,72896.54,7e-05,72896.45,0.00014,72896.35,7e-05,72897.83,0.44372,72897.84,0.00098,72898.0,0.0014,72898.01,0.00716,72898.45,8e-05,72898.56,0.00205,72898.88,8e-05,72899.31,8e-05,72899.32,0.07422,72899.51,0.00722,72897.82500000001,0.00999999999476131,0.0013717830394475157,0.7976643760345465,5.213369999999999,0.5369900000000001,0.8132325628308488,7.984414751671665e-05
2026-05-28 15:27:06.083306,72897.82,3.64365,72897.81,0.0003,72897.8,0.00014,72897.25,8e-05,72897.24,1.00199,72897.23,0.20553,72896.55,0.06279,72896.54,7e-05,72896.45,0.00014,72896.35,7e-05,72897.83,0.45586,72897.84,0.0009,72898.0,0.0014,72898.01,0.00716,72898.45,8e-05,72898.56,0.00205,72898.88,8e-05,72899.31,8e-05,72899.32,0.07438,72899.51,0.00722,72897.82500000001,0.00999999999476131,0.0013717830394475157,0.7776026891018682,4.914759999999999,0.5492100000000001,0.7989703457376228,0.0
2026-05-28 15:27:06.604371,72897.82,3.50999,72897.81,0.0003,72897.8,0.00014,72897.6,0.01108,72897.57,0.07422,72897.25,0.02737,72897.24,1.00199,72897.23,0.21298,72896.55,0.06286,72896.54,7e-05,72897.83,1.66717,72897.84,0.00112,72897.85,0.00014,72898.0,0.0014,72898.01,0.00716,72898.45,8e-05,72898.56,0.00205,72898.88,8e-05,72899.51,0.00722,72899.53,0.00814,72897.82500000001,0.00999999999476131,0.0013717830394475157,0.3559519118590115,4.901,1.6945600000000005,0.486151289655465,0.0
2026-05-28 15:27:07.098339,72897.82,3.50991,72897.81,0.0003,72897.8,0.00014,72897.66,0.03415,72897.6,0.01108,72897.57,0.0743,72897.25,0.02745,72897.24,1.00199,72897.23,0.21298,72896.55,0.06293,72897.83,1.66178,72897.84,0.00128,72897.85,0.00014,72898.0,0.0014,72898.01,0.00716,72898.56,0.00205,72898.88,8e-05,72899.51,0.00722,72899.53,0.00814,72899.99,0.00016,72897.82500000001,0.00999999999476131,0.0013717830394475157,0.35735513922914947,4.93523,1.6894100000000003,0.4899617186745241,0.0
2026-05-28 15:27:07.654750,72897.82,3.5088,72897.81,0.0003,72897.8,0.00014,72897.25,0.02745,72897.24,1.00199,72897.23,0.21298,72896.55,0.06293,72896.54,7e-05,72896.45,0.00014,72896.35,7e-05,72897.83,1.54612,72897.84,0.0012,72897.85,0.00014,72898.0,0.0014,72898.01,0.00716,72898.42,7e-05,72898.56,0.00205,72898.88,8e-05,72899.51,0.00722,72899.53,0.00814,72897.82500000001,0.00999999999476131,0.0013717830394475157,0.3882712288226124,4.81487,1.5735800000000004,0.5073672017469024,0.0
2026-05-28 15:27:08.144673,72897.82,3.59794,72897.81,0.0003,72897.8,0.00014,72897.25,0.02745,72897.24,1.00199,72897.23,0.21298,72896.55,0.06293,72896.54,7e-05,72896.45,0.00014,72896.35,7e-05,72897.83,1.54612,72897.84,0.00147,72897.85,0.00014,72898.0,0.0014,72898.01,0.00716,72898.42,7e-05,72898.56,0.00205,72898.88,8e-05,72899.3,0.00016,72899.31,0.07929,72897.82500000001,0.00999999999476131,0.0013717830394475157,0.3988717083393274,4.9040099999999995,1.6379400000000004,0.4992502235571961,0.0
2026-05-28 15:27:09.439320,72897.82,3.59934,72897.81,0.00046,72897.8,0.00014,72897.25,0.02745,72897.24,1.00199,72897.23,0.21298,72896.55,0.06293,72896.54,7e-05,72896.45,0.00014,72896.35,7e-05,72897.83,1.54622,72897.84,0.00147,72897.85,0.00033,72898.0,0.0014,72898.01,0.00716,72898.42,7e-05,72898.56,0.00205,72898.88,8e-05,72899.3,0.00016,72899.31,0.07929,72897.82500000001,0.00999999999476131,0.0013717830394475157,0.39900807686626927,4.90557,1.6382300000000003,0.49930315718695556,0.0
2026-05-28 15:27:09.609397,72897.82,3.59851,72897.81,0.00046,72897.8,0.00014,72897.25,0.02745,72897.24,1.00199,72897.23,0.21298,72896.55,0.06293,72896.54,7e-05,72896.45,0.00014,72896.35,7e-05,72897.83,1.54622,72897.84,0.00147,72897.85,0.00033,72898.0,0.0014,72898.01,0.00716,72898.42,7e-05,72898.56,0.00205,72898.88,8e-05,72899.3,0.00016,72899.31,0.07929,72897.82500000001,0.00999999999476131,0.0013717830394475157,0.3989111187564751,4.904739999999999,1.6382300000000003,0.49923964193630715,0.0
2026-05-28 15:27:09.780334,72897.82,3.59851,72897.81,0.00046,72897.8,0.00014,72897.25,0.02745,72897.24,1.00199,72897.23,0.21298,72896.55,0.06293,72896.54,7e-05,72896.45,0.00014,72896.35,7e-05,72897.83,1.54622,72897.84,0.00147,72897.85,0.00033,72898.0,0.00215,72898.01,0.00716,72898.42,7e-05,72898.56,0.00205,72898.88,8e-05,72899.3,0.00016,72899.31,0.08077,72897.82500000001,0.00999999999476131,0.0013717830394475157,0.3989111187564751,4.904739999999999,1.6404600000000003,0.4987288394548676,0.0
2026-05-28 15:27:10.138479,72897.82,3.50925,72897.81,0.00078,72897.8,0.00014,72897.26,8e-05,72897.25,0.09044,72897.24,0.89897,72897.23,0.07935,72896.56,8e-05,72896.55,0.06293,72896.54,7e-05,72897.83,2.26749,72897.84,0.00155,72897.85,0.00033,72898.0,0.00215,72898.01,0.00716,72898.42,7e-05,72898.56,0.00205,72898.88,8e-05,72899.3,0.00016,72899.31,0.08077,72897.82500000001,0.00999999999476131,0.0013717830394475157,0.21495860987338883,4.64209,2.3618099999999997,0.3255728951013007,0.0
2026-05-28 15:27:10.611711,72897.82,3.50818,72897.81,0.00078,72897.8,0.00014,72897.25,0.00023,72897.24,0.89897,72897.23,0.07935,72896.56,8e-05,72896.55,0.06293,72896.54,7e-05,72896.45,0.00014,72897.83,1.6278,72897.84,0.00147,72897.85,0.00033,72898.0,0.00215,72898.01,0.00716,72898.42,7e-05,72898.56,0.00205,72898.88,8e-05,72899.3,8e-05,72899.31,0.00148,72897.82500000001,0.00999999999476131,0.0013717830394475157,0.3661190269432513,4.550869999999999,1.6426700000000003,0.46955376085405104,0.0
2026-05-28 15:27:11.192544,72915.52,5.89437,72915.51,0.00037,72915.5,0.00014,72915.47,0.00015,72915.35,7e-05,72915.34,8e-05,72915.04,7e-05,72915.02,0.14448,72915.01,0.05694,72915.0,8e-05,72915.53,1.26974,72915.54,0.00102,72915.55,0.28644,72915.56,0.00037,72915.58,9e-05,72915.78,0.00012,72915.81,0.00554,72916.0,0.0014,72916.01,0.00716,72917.87,0.00016,72915.525,0.00999999999476131,0.0013714500436993785,0.6455274974839861,6.096749999999999,1.57204,0.5900161563949462,0.0002428055981091859
2026-05-28 15:27:11.630184,72920.8,3.59157,72920.79,0.00037,72920.78,0.00014,72920.7,8e-05,72920.69,0.1395,72920.22,8e-05,72920.21,0.10736,72920.01,0.004,72919.71,7e-05,72919.44,0.00016,72920.81,1.74513,72920.82,0.46444,72921.05,0.00067,72921.24,0.004,72921.39,8e-05,72921.4,0.02431,72921.44,8e-05,72921.61,0.07913,72922.0,0.0014,72922.01,0.00716,72920.805,0.00999999999476131,0.0013713507406783716,0.3459890943841699,3.8433300000000004,2.3264,0.2458665127971565,7.241256234524762e-05
2026-05-28 15:27:12.239417,72920.8,3.39206,72920.79,0.00037,72920.78,0.00014,72920.69,0.07404,72920.21,0.10743,72920.0,0.00608,72919.99,0.06645,72919.71,7e-05,72919.45,1.04629,72919.44,2.46201,72920.81,1.96357,72920.82,0.46445,72920.83,8e-05,72921.05,0.00067,72921.24,0.004,72921.39,8e-05,72921.4,0.02431,72921.44,8e-05,72921.6,8e-05,72921.61,0.07936,72920.805,0.00999999999476131,0.0013713507406783716,0.2667267903122508,7.15494,2.53668,0.4765209531533427,0.0
2026-05-28 15:27:12.954571,72920.8,3.38126,72920.79,0.00037,72920.78,0.00014,72920.69,0.07404,72920.21,0.10743,72920.0,0.00608,72919.99,0.06645,72919.71,7e-05,72919.45,1.0463,72919.44,2.46193,72920.81,1.96381,72920.82,0.46478,72920.83,0.00022,72921.05,0.00067,72921.24,0.004,72921.4,0.02431,72921.44,8e-05,72921.6,0.00016,72921.61,0.07936,72922.0,0.0014,72920.805,0.00999999999476131,0.0013713507406783716,0.2651882950082974,7.144070000000001,2.53879,0.47561154452300247,0.0
2026-05-28 15:27:13.754945,72920.8,3.39987,72920.79,0.00037,72920.78,0.00014,72920.69,0.07404,72920.21,0.10743,72920.0,0.01008,72919.99,0.06645,72919.71,7e-05,72919.45,1.0463,72919.44,2.46193,72920.81,1.96194,72920.82,0.46493,72920.83,0.00033,72921.05,0.00067,72921.24,0.004,72921.4,0.02431,72921.41,8e-05,72921.42,0.07415,72921.44,8e-05,72921.6,0.00016,72920.805,0.00999999999476131,0.0013713507406783716,0.26817996161743884,7.166680000000001,2.53065,0.4780728303563972,0.0
2026-05-28 15:27:13.981533,72920.8,3.39987,72920.79,0.00037,72920.78,0.00014,72920.69,0.07404,72920.21,0.10743,72920.0,0.01008,72919.99,0.06645,72919.71,7e-05,72919.45,1.0463,72919.44,2.46193,72920.81,1.61972,72920.82,0.46501,72920.83,0.00033,72921.05,0.00067,72921.24,0.004,72921.4,0.02431,72921.41,8e-05,72921.42,0.07431,72921.44,8e-05,72921.6,0.00016,72920.805,0.00999999999476131,0.0013713507406783716,0.3546405184487179,7.166680000000001,2.18867,0.5321030212659067,0.0
2026-05-28 15:27:14.279105,72920.8,3.41453,72920.79,0.00077,72920.78,0.00014,72920.69,0.07404,72920.21,0.10743,72920.0,0.01008,72919.99,0.06645,72919.71,7e-05,72919.45,1.0463,72919.44,2.46193,72920.81,2.02199,72920.82,0.46501,72920.83,0.00044,72921.05,0.00067,72921.24,0.004,72921.4,0.02431,72921.41,8e-05,72921.42,0.07431,72921.44,8e-05,72921.6,0.00016,72920.805,0.00999999999476131,0.0013713507406783716,0.2561454754144195,7.181740000000001,2.5910500000000005,0.4697420081675754,0.0
2026-05-28 15:27:14.580043,72920.8,3.41642,72920.79,0.00077,72920.78,0.00014,72920.69,0.07404,72920.21,0.10743,72920.0,0.01008,72919.99,0.06645,72919.71,7e-05,72919.45,1.0463,72919.44,2.46193,72920.81,1.86955,72920.82,0.46501,72920.83,0.00044,72921.05,0.00067,72921.24,0.004,72921.4,0.02431,72921.41,0.00016,72921.42,0.07431,72921.44,8e-05,72921.6,0.00016,72920.805,0.00999999999476131,0.0013713507406783716,0.2926369237812549,7.183630000000001,2.4386900000000007,0.4931180837885249,0.0
2026-05-28 15:27:15.113145,72920.8,3.41544,72920.79,0.00077,72920.78,0.00014,72920.69,0.07404,72920.21,0.10743,72920.0,0.01008,72919.99,0.06645,72919.71,7e-05,72919.45,1.0463,72919.44,2.46193,72920.81,1.85166,72920.82,0.46501,72920.83,0.00044,72921.05,0.00067,72921.24,0.004,72921.4,0.02431,72921.41,0.00016,72921.42,0.07574,72921.44,8e-05,72921.6,0.00016,72920.805,0.00999999999476131,0.0013713507406783716,0.2968958250270547,7.182650000000001,2.4222300000000008,0.49562514055355184,0.0
2026-05-28 15:27:15.601001,72925.61,4.81203,72925.6,0.13496,72925.59,0.00014,72925.5,0.004,72924.81,0.03975,72924.8,0.06646,72923.99,0.06646,72923.67,0.004,72923.18,0.06646,72923.05,0.01106,72925.62,2.21899,72925.63,0.00056,72926.0,0.0014,72926.01,0.00716,72926.26,7e-05,72926.28,0.00553,72926.52,8e-05,72926.57,8e-05,72926.58,0.0002,72927.68,0.00042,72925.61499999999,0.00999999999476131,0.0013712602896473773,0.3687999749680701,5.2053199999999995,2.2344899999999996,0.399315305095157,6.596197066111031e-05
2026-05-28 15:27:16.101011,72925.61,4.41356,72925.6,0.1348,72925.59,0.00014,72925.5,0.004,72924.82,0.00015,72924.81,0.03983,72924.8,0.06646,72924.0,0.00408,72923.99,0.06646,72923.67,0.004,72925.62,2.71734,72925.63,0.00072,72926.0,0.0014,72926.01,0.00716,72926.26,7e-05,72926.28,0.00553,72926.33,8e-05,72926.34,0.07431,72926.52,8e-05,72926.57,8e-05,72925.61499999999,0.00999999999476131,0.0013712602896473773,0.2378689926937694,4.73348,2.8067699999999998,0.2555233579788469,0.0
2026-05-28 15:27:16.604170,72925.61,4.48658,72925.6,0.13504,72925.59,0.00014,72925.5,0.004,72925.4,8e-05,72925.39,0.01718,72924.82,0.00015,72924.81,0.03983,72924.8,0.06646,72924.54,0.004,72925.62,2.57696,72925.63,0.00072,72926.0,0.0014,72926.01,0.00716,72926.26,7e-05,72926.28,0.00553,72926.34,0.00016,72926.52,8e-05,72926.57,8e-05,72926.58,0.0002,72925.61499999999,0.00999999999476131,0.0013712602896473773,0.2703488619021057,4.753459999999999,2.5923599999999998,0.2941945215101921,0.0
2026-05-28 15:27:17.110998,72925.61,4.48666,72925.6,0.13504,72925.59,0.00014,72925.5,0.004,72925.4,8e-05,72925.39,0.01718,72924.82,0.00015,72924.81,0.03983,72924.8,0.06646,72924.54,0.004,72925.62,3.08033,72925.63,0.00091,72926.0,0.0014,72926.01,0.00716,72926.26,7e-05,72926.28,0.00553,72926.52,8e-05,72926.57,8e-05,72926.58,0.0002,72927.68,0.00042,72925.61499999999,0.00999999999476131,0.0013712602896473773,0.18585064867272189,4.753539999999998,3.09618,0.2111361933928852,0.0
2026-05-28 15:27:17.665686,72923.34,0.1167,72923.33,0.00056,72923.18,0.00015,72922.52,7e-05,72922.4,8e-05,72922.39,0.00016,72922.38,8e-05,72922.37,0.00014,72922.33,8e-05,72922.32,0.00015,72923.35,8.91255,72923.36,0.00038,72923.37,0.00014,72923.67,0.004,72924.05,1.79143,72924.16,0.06639,72924.56,0.00028,72924.82,0.31185,72924.97,0.06639,72925.5,0.004,72923.345,0.010000000009313226,0.0013713029770251524,-0.9741506769665255,0.11816999999999998,11.157409999999999,-0.9790396591572231,-3.112760859114161e-05
2026-05-28 15:27:18.175991,72908.5,0.11464,72908.49,0.00056,72908.22,8e-05,72908.01,8e-05,72908.0,0.01448,72907.56,7e-05,72907.33,0.00022,72907.25,0.003,72906.67,0.00333,72906.4,8e-05,72908.51,7.84124,72908.52,0.00038,72908.53,0.00014,72909.03,0.004,72909.31,8e-05,72909.32,0.0661,72909.97,0.00031,72909.98,1.27407,72909.99,0.00039,72910.0,0.40499,72908.505,0.00999999999476131,0.0013715820938532907,-0.9711810635655642,0.13654,9.591699999999998,-0.9719291464848728,-0.0002035013616009662
2026-05-28 15:27:18.613689,72906.2,0.11753,72906.19,0.00056,72906.0,0.00848,72905.75,0.003,72905.3,0.00042,72905.24,7e-05,72904.55,8e-05,72904.0,0.00848,72903.82,7e-05,72903.64,7e-05,72906.21,6.66279,72906.22,0.0011,72906.23,0.00014,72906.41,0.00268,72907.0,8e-05,72907.01,0.0652,72907.2,0.004,72907.25,8e-05,72907.26,0.058,72907.33,8e-05,72906.205,0.010000000009313226,0.0013716253656754218,-0.9653320197276823,0.13875999999999994,6.794149999999998,-0.9599706328222927,-3.1546388175152096e-05
2026-05-28 15:27:19.132383,72906.2,1.89014,72906.19,0.00064,72906.0,0.00848,72905.75,0.003,72905.4,8e-05,72905.39,0.06434,72905.3,0.00042,72904.6,8e-05,72904.59,0.09453,72904.58,0.06593,72906.21,6.08142,72906.22,0.00126,72906.23,0.00014,72906.41,0.00268,72907.01,7e-05,72907.2,0.004,72907.24,8e-05,72907.25,0.12513,72907.26,0.05793,72907.56,0.00043,72906.205,0.010000000009313226,0.0013716253656754218,-0.5257791448599772,2.12764,6.273139999999999,-0.4934660829113486,0.0
2026-05-28 15:27:19.610177,72906.2,1.63281,72906.19,0.00064,72906.0,0.00848,72905.75,0.003,72905.4,8e-05,72905.39,0.06434,72905.3,0.00042,72905.11,7e-05,72904.6,0.00016,72904.59,0.09453,72906.21,6.09958,72906.22,0.00126,72906.23,0.00014,72906.41,0.00268,72906.79,0.00205,72907.01,7e-05,72907.2,0.004,72907.24,0.00016,72907.25,0.12513,72907.26,0.05793,72906.205,0.010000000009313226,0.0013716253656754218,-0.5776700347499285,1.8045300000000002,6.292999999999999,-0.554301126392863,0.0
2026-05-28 15:27:20.164409,72906.2,0.00122,72906.19,0.00071,72906.0,0.00848,72905.75,0.003,72905.39,0.00022,72905.3,0.00042,72905.11,7e-05,72904.59,8e-05,72904.58,0.00015,72904.55,8e-05,72906.21,6.03351,72906.22,0.00126,72906.23,0.00014,72906.41,0.00268,72906.79,0.00205,72907.01,0.06511,72907.2,0.004,72907.24,8e-05,72907.25,0.00016,72907.26,0.00016,72906.205,0.010000000009313226,0.0013716253656754218,-0.9995956737086829,0.01443,6.109149999999999,-0.9952870706351513,0.0
2026-05-28 15:27:20.697878,72906.2,0.57669,72906.19,0.00117,72906.18,0.00014,72906.0,0.00848,72905.75,0.003,72905.39,7e-05,72905.3,0.00042,72905.11,7e-05,72904.62,8e-05,72904.61,0.10797,72906.21,4.30749,72906.22,0.00126,72906.23,0.00014,72906.41,0.00268,72906.79,0.00205,72907.0,0.00016,72907.01,0.0652,72907.2,0.004,72907.29,7e-05,72907.55,8e-05,72906.205,0.010000000009313226,0.0013716253656754218,-0.7638539120179845,0.6980900000000001,4.383129999999999,-0.7252274060166652,0.0
2026-05-28 15:27:21.126270,72906.2,0.00385,72906.19,0.00077,72906.18,0.00014,72906.0,0.00848,72905.84,7e-05,72905.75,0.003,72905.39,7e-05,72905.3,0.00042,72905.11,7e-05,72904.58,7e-05,72906.21,6.26168,72906.22,0.00126,72906.23,0.00014,72906.41,0.00268,72906.79,0.00205,72907.0,8e-05,72907.01,0.0652,72907.2,0.004,72907.29,7e-05,72907.56,0.16649,72906.205,0.010000000009313226,0.0013716253656754218,-0.9987710536858015,0.016940000000000004,6.503649999999999,-0.9948041511581007,0.0
2026-05-28 15:27:21.593622,72906.2,3.16292,72906.19,0.00085,72906.18,0.00014,72906.0,0.00848,72905.75,0.003,72905.41,0.10718,72905.4,0.06299,72905.3,0.00042,72905.17,0.00028,72905.11,7e-05,72906.21,3.44163,72906.22,0.00166,72906.23,0.00014,72906.79,0.00205,72907.0,8e-05,72907.01,7e-05,72907.29,7e-05,72907.56,0.00043,72907.57,0.07438,72908.01,0.0133,72906.205,0.010000000009313226,0.0013716253656754218,-0.042199695664352575,3.3463300000000005,3.533810000000001,-0.027249445505469407,0.0
2026-05-28 15:27:22.086849,72906.2,3.42124,72906.19,0.00037,72906.18,0.00014,72906.01,0.00022,72906.0,0.00848,72905.77,8e-05,72905.75,0.003,72905.43,1.89677,72905.42,2.46193,72905.4,0.06313,72906.21,0.30939,72906.22,0.00166,72906.23,0.00014,72906.79,0.00205,72907.01,7e-05,72907.29,7e-05,72907.56,0.00035,72907.57,7e-05,72907.77,8e-05,72907.78,0.07415,72906.205,0.010000000009313226,0.0013716253656754218,0.8341352532950198,7.855360000000002,0.38803000000000004,0.9058566924529836,0.0
2026-05-28 15:27:22.677836,72926.27,7.31327,72926.26,2.48936,72926.25,0.25056,72926.02,1.82349,72926.0,0.01847,72925.61,0.06274,72925.5,0.004,72925.49,0.06038,72924.74,0.13044,72924.7,0.13712,72926.28,0.0066,72926.29,0.0004,72926.57,8e-05,72927.11,7e-05,72927.13,8e-05,72927.68,0.00042,72928.0,0.0014,72928.01,0.007,72928.07,0.00537,72928.3,7e-05,72926.275,0.00999999999476131,0.0013712478794181263,0.9981966892854656,12.28983,0.021490000000000002,0.9965089040005458,0.0002752852106344683
2026-05-28 15:27:23.129631,72928.0,5.3212,72927.99,0.12866,72927.98,0.00014,72927.69,1.26827,72927.67,0.14403,72927.33,0.004,72927.12,0.50002,72926.71,0.00686,72926.7,9e-05,72926.56,0.00021,72928.01,0.26334,72928.02,0.00048,72928.07,0.00553,72928.57,0.00042,72928.96,8e-05,72929.79,0.0064,72930.0,0.00147,72930.01,0.00716,72930.05,7e-05,72930.24,8e-05,72928.005,0.00999999999476131,0.001371215350640856,0.9056896360308995,7.37348,0.28503000000000006,0.9255651556242663,2.3722588326613447e-05
2026-05-28 15:27:23.706109,72928.0,5.05999,72927.99,0.12866,72927.98,0.00014,72927.69,1.26827,72927.67,0.14403,72927.33,0.004,72927.12,0.50015,72926.7,9e-05,72926.56,0.00014,72926.28,0.06489,72928.01,0.76869,72928.02,0.00056,72928.07,0.00553,72928.57,0.00042,72928.96,8e-05,72929.19,7e-05,72929.79,0.0064,72930.0,0.00147,72930.01,0.00716,72930.24,8e-05,72928.005,0.00999999999476131,0.001371215350640856,0.7362387367294138,7.17036,0.7904599999999998,0.8014124173137944,0.0
2026-05-28 15:27:24.087990,72928.0,5.059,72927.99,0.12866,72927.98,0.00014,72927.7,8e-05,72927.69,1.26819,72927.67,0.14403,72927.33,0.004,72927.12,0.50015,72926.7,9e-05,72926.56,0.00014,72928.01,0.90161,72928.02,0.00064,72928.07,0.00553,72928.28,8e-05,72928.29,0.07431,72928.57,0.00042,72928.96,8e-05,72929.19,7e-05,72929.79,0.0064,72930.0,0.00147,72928.005,0.00999999999476131,0.001371215350640856,0.6974772716215287,7.104479999999999,0.9906099999999999,0.7552565814586372,0.0
2026-05-28 15:27:24.601591,72928.0,4.27452,72927.99,0.12866,72927.98,0.00014,72927.7,0.00016,72927.69,0.11236,72927.67,0.00015,72927.33,0.004,72927.13,8e-05,72927.12,0.00611,72926.78,8e-05,72928.01,2.94211,72928.02,0.00086,72928.03,0.00014,72928.07,0.00553,72928.28,0.00016,72928.29,0.07445,72928.57,0.00042,72928.96,8e-05,72929.19,7e-05,72929.79,0.0064,72928.005,0.00999999999476131,0.001371215350640856,0.1846304992773635,4.526259999999998,3.0302200000000004,0.19798107055136754,0.0
2026-05-28 15:27:25.104923,72928.0,4.26509,72927.99,0.00037,72927.98,0.00014,72927.7,0.00016,72927.69,0.11243,72927.67,7e-05,72927.33,0.004,72927.12,0.00597,72927.01,7e-05,72926.7,9e-05,72928.01,2.80794,72928.02,0.00112,72928.03,0.00022,72928.07,0.00553,72928.27,8e-05,72928.28,0.02735,72928.29,0.07459,72928.57,0.00042,72928.96,8e-05,72929.19,7e-05,72928.005,0.00999999999476131,0.001371215350640856,0.20601496105629413,4.388389999999999,2.9174,0.20134578190722688,0.0
2026-05-28 15:27:25.596958,72928.0,4.27829,72927.99,0.00077,72927.98,0.00014,72927.7,0.00016,72927.69,0.11243,72927.67,7e-05,72927.2,0.06294,72927.12,0.00597,72927.01,7e-05,72926.7,9e-05,72928.01,3.07893,72928.02,0.00104,72928.03,0.00022,72928.07,0.00553,72928.27,8e-05,72928.28,0.02735,72928.29,0.07459,72928.57,0.00042,72928.96,8e-05,72929.19,7e-05,72928.005,0.00999999999476131,0.001371215350640856,0.16301809650927931,4.46093,3.188310000000001,0.16637208402403367,0.0
2026-05-28 15:27:26.079914,72928.0,3.63094,72927.99,0.00085,72927.98,0.00014,72927.7,8e-05,72927.69,0.11258,72927.67,7e-05,72927.2,0.06498,72927.12,0.00605,72927.01,7e-05,72926.7,9e-05,72928.01,1.84984,72928.02,0.00104,72928.03,0.00033,72928.07,0.00553,72928.28,0.00032,72928.29,0.07459,72928.57,0.00042,72928.96,8e-05,72929.19,7e-05,72929.79,0.0064,72928.005,0.00999999999476131,0.001371215350640856,0.32497199303748736,3.8158499999999997,1.93862,0.32622118109921505,0.0
2026-05-28 15:27:26.578556,72928.0,5.15579,72927.99,0.00045,72927.98,0.00014,72927.86,0.12081,72927.7,8e-05,72927.69,0.21315,72927.67,7e-05,72927.33,0.004,72927.2,0.06505,72927.12,0.00605,72928.01,0.02084,72928.02,0.00088,72928.03,0.00033,72928.07,0.00553,72928.28,8e-05,72928.29,0.0003,72928.57,0.00042,72928.96,8e-05,72929.19,7e-05,72929.79,0.0064,72928.005,0.00999999999476131,0.001371215350640856,0.9919484297699469,5.5655899999999985,0.03493,0.987526158285302,0.0
2026-05-28 15:27:27.331198,72936.88,6.85855,72936.87,0.00586,72936.86,0.00014,72936.48,0.004,72936.41,8e-05,72936.4,0.01866,72936.11,8e-05,72936.1,0.03953,72936.09,0.00032,72936.08,0.06504,72936.89,1.98002,72936.9,0.00056,72937.43,8e-05,72937.47,8e-05,72937.48,0.07452,72937.58,8e-05,72937.61,0.001,72938.0,0.0014,72938.01,0.00716,72938.69,0.01716,72936.88500000001,0.00999999999476131,0.0013710484064079936,0.5519591970194273,6.992259999999999,2.08206,0.541109416463162,0.00012176392320073504
2026-05-28 15:27:27.583136,72936.88,6.61224,72936.87,0.00586,72936.86,0.00014,72936.48,0.004,72936.41,8e-05,72936.4,0.01866,72936.11,8e-05,72936.1,0.03969,72936.09,0.00016,72936.08,0.06504,72936.89,2.25033,72936.9,0.00064,72937.25,0.00949,72937.43,8e-05,72937.47,8e-05,72937.48,0.07452,72937.58,8e-05,72937.61,0.001,72938.0,0.0014,72938.01,0.00716,72936.88500000001,0.00999999999476131,0.0013710484064079936,0.4921721351707236,6.745949999999999,2.34478,0.4841382375232791,0.0
2026-05-28 15:27:28.121631,72936.88,5.90604,72936.87,0.00586,72936.86,0.00014,72936.4,0.01866,72936.1,0.03707,72936.09,8e-05,72936.08,0.06477,72936.0,0.004,72935.77,7e-05,72935.28,0.06504,72936.89,2.19145,72936.9,0.00082,72937.25,0.00949,72937.43,8e-05,72937.47,0.00024,72937.48,0.07452,72937.58,8e-05,72937.61,0.001,72938.0,0.0014,72938.01,0.00716,72936.88500000001,0.00999999999476131,0.0013710484064079936,0.45873350877864616,6.101729999999999,2.28624,0.45487644805596583,0.0
2026-05-28 15:27:28.610139,72936.88,5.91379,72936.87,0.00586,72936.86,0.00014,72936.4,0.01866,72936.1,0.03707,72936.08,0.06493,72936.0,0.004,72935.77,7e-05,72935.29,8e-05,72935.28,0.06504,72936.89,2.19035,72936.9,0.00096,72936.91,0.00014,72937.25,0.00949,72937.43,8e-05,72937.47,8e-05,72937.48,0.07452,72937.58,8e-05,72937.61,0.001,72938.0,0.0014,72936.88500000001,0.00999999999476131,0.0013710484064079936,0.45944912106651664,6.109639999999999,2.2781000000000002,0.4568024283060752,0.0
2026-05-28 15:27:29.153693,72936.88,5.91426,72936.87,0.00586,72936.86,0.00014,72936.41,8e-05,72936.4,0.01866,72936.11,8e-05,72936.1,0.03707,72936.09,8e-05,72936.08,0.06493,72936.0,0.004,72936.89,2.18056,72936.9,0.00096,72936.91,0.00025,72937.25,0.00949,72937.43,8e-05,72937.47,8e-05,72937.48,0.07452,72937.58,8e-05,72937.61,0.001,72937.95,7e-05,72936.88500000001,0.00999999999476131,0.0013710484064079936,0.46124558668383,6.045159999999998,2.26709,0.45451833137838715,0.0
2026-05-28 15:27:30.260801,72936.88,5.92866,72936.87,0.00642,72936.86,0.00014,72936.41,8e-05,72936.4,0.01866,72936.11,8e-05,72936.1,0.0382,72936.08,0.06494,72936.0,0.004,72935.77,7e-05,72936.89,2.18108,72936.9,0.00096,72936.91,0.00036,72937.25,0.00949,72937.43,8e-05,72937.47,8e-05,72937.48,0.07452,72937.58,8e-05,72937.61,0.001,72937.95,7e-05,72936.88500000001,0.00999999999476131,0.0013710484064079936,0.4621085262906085,6.0612499999999985,2.2677200000000006,0.45546207994505905,0.0
2026-05-28 15:27:30.516151,72936.88,5.92866,72936.87,0.00642,72936.86,0.00014,72936.41,8e-05,72936.4,0.01866,72936.11,8e-05,72936.1,0.0382,72936.09,8e-05,72936.08,0.06494,72936.0,0.01316,72936.89,2.18108,72936.9,0.00096,72936.91,0.00036,72937.25,0.00949,72937.43,8e-05,72937.47,8e-05,72937.48,0.07452,72937.58,8e-05,72937.61,0.001,72937.95,7e-05,72936.88500000001,0.00999999999476131,0.0013710484064079936,0.4621085262906085,6.070419999999999,2.2677200000000006,0.4560609440474732,0.0
2026-05-28 15:27:30.698509,72936.88,5.60502,72936.87,0.00634,72936.86,0.00014,72936.41,8e-05,72936.4,0.01866,72936.08,7e-05,72936.0,0.01316,72935.77,7e-05,72935.28,7e-05,72935.04,7e-05,72936.89,2.72406,72936.9,0.0008,72936.91,0.00036,72937.25,0.00949,72937.43,8e-05,72937.46,8e-05,72937.47,0.1005,72937.48,0.07466,72937.58,8e-05,72937.61,0.001,72936.88500000001,0.00999999999476131,0.0013710484064079936,0.34589174314570154,5.643679999999999,2.9111100000000003,0.31941988055814335,0.0
2026-05-28 15:27:31.101475,72936.88,2.80957,72936.87,0.00642,72936.86,0.00014,72936.41,8e-05,72936.4,0.01866,72936.08,7e-05,72936.02,8e-05,72936.01,0.02406,72936.0,0.01316,72935.77,7e-05,72936.89,3.1958,72936.9,0.00096,72936.91,0.00036,72937.25,0.00949,72937.43,8e-05,72937.46,8e-05,72937.47,0.14538,72937.48,0.07466,72937.58,8e-05,72937.61,0.001,72936.88500000001,0.00999999999476131,0.0013710484064079936,-0.06431410554220644,2.87231,3.4278900000000005,-0.08818450207929913,0.0
2026-05-28 15:27:31.590335,72936.88,2.38587,72936.87,0.00642,72936.86,0.00014,72936.41,8e-05,72936.4,0.01866,72936.08,0.06478,72936.02,0.00016,72936.01,0.02406,72936.0,0.01316,72935.77,7e-05,72936.89,3.1958,72936.9,0.00088,72936.91,0.00036,72937.25,0.00949,72937.43,8e-05,72937.46,8e-05,72937.47,0.14538,72937.48,0.07459,72937.58,8e-05,72937.61,0.001,72936.88500000001,0.00999999999476131,0.0013710484064079936,-0.14510531794247958,2.5134000000000003,3.4277400000000005,-0.15389975661236732,0.0
2026-05-28 15:27:32.154674,72936.88,2.27923,72936.87,0.00642,72936.86,0.00014,72936.41,8e-05,72936.4,0.01866,72936.1,8e-05,72936.09,0.04369,72936.08,0.06494,72936.02,8e-05,72936.0,0.01316,72936.89,2.77425,72936.9,0.00088,72936.91,0.00036,72937.25,0.00949,72937.43,8e-05,72937.46,8e-05,72937.47,0.14538,72937.48,0.07459,72937.58,8e-05,72937.61,0.001,72936.88500000001,0.00999999999476131,0.0013710484064079936,-0.09795625984470104,2.42648,3.00619,-0.10670811958024322,0.0
2026-05-28 15:27:32.642784,72932.05,0.42019,72932.04,0.00064,72932.0,0.00856,72931.65,8e-05,72931.64,0.00875,72931.53,8e-05,72931.52,0.01867,72930.85,0.00025,72930.84,0.00205,72930.46,8e-05,72932.06,6.41956,72932.07,0.00102,72932.08,0.00014,72932.22,0.00205,72932.86,0.00023,72933.41,8e-05,72933.42,0.08946,72933.65,8e-05,72933.66,0.06494,72933.68,8e-05,72932.055,0.00999999999476131,0.0013711392054921957,-0.877132936145327,0.45935000000000004,6.577639999999998,-0.869447022093253,-6.622163806446757e-05
2026-05-28 15:27:33.082732,72928.0,1.8967,72927.99,0.00096,72927.86,7e-05,72927.68,0.00042,72927.25,7e-05,72927.22,8e-05,72927.21,0.06398,72927.13,0.00788,72927.12,0.00013,72927.01,7e-05,72928.01,6.93417,72928.02,1.13474,72928.03,0.00014,72929.16,0.004,72929.99,8e-05,72930.0,2.46236,72930.01,1.22825,72930.8,7e-05,72930.81,7e-05,72930.99,0.004,72928.005,0.00999999999476131,0.001371215350640856,-0.5704386996977647,1.9703600000000003,11.76788,-0.7131568526972886,-5.553113785139452e-05
2026-05-28 15:27:33.592837,72928.0,1.55717,72927.99,0.00096,72927.86,7e-05,72927.68,0.00042,72927.25,7e-05,72927.22,8e-05,72927.21,0.06398,72927.13,0.00788,72927.12,0.00013,72927.01,7e-05,72928.01,6.67167,72928.02,1.0239,72928.03,0.00014,72929.16,0.004,72929.34,0.00759,72929.99,8e-05,72930.0,2.46236,72930.01,1.22439,72930.8,7e-05,72930.81,7e-05,72928.005,0.00999999999476131,0.001371215350640856,-0.621533533280511,1.6308300000000002,11.394269999999997,-0.7495865674735702,0.0
2026-05-28 15:27:34.100397,72928.0,2.10684,72927.99,0.00096,72927.86,7e-05,72927.68,0.00042,72927.25,7e-05,72927.22,8e-05,72927.21,0.06398,72927.13,0.00788,72927.12,0.00013,72927.01,7e-05,72928.01,6.67143,72928.02,0.0081,72928.03,0.00014,72929.16,0.004,72929.34,0.00775,72929.97,8e-05,72929.98,1.10199,72929.99,2.46209,72930.0,0.00035,72930.01,1.22839,72928.005,0.00999999999476131,0.001371215350640856,-0.5199874234900499,2.1805000000000003,11.484319999999997,-0.6808593161124697,0.0
2026-05-28 15:27:34.637916,72928.0,1.54843,72927.99,0.0011,72927.98,0.00014,72927.86,7e-05,72927.68,0.00042,72927.25,7e-05,72927.21,0.00014,72927.13,0.00788,72927.12,0.00013,72927.01,7e-05,72928.01,6.67153,72928.02,0.0081,72928.03,0.00014,72929.16,0.004,72929.19,7e-05,72929.34,0.00775,72929.96,8e-05,72929.97,0.02737,72929.98,1.10199,72929.99,2.46209,72928.005,0.00999999999476131,0.001371215350640856,-0.6232512080350756,1.5584500000000003,10.283119999999998,-0.7367832137123708,0.0
2026-05-28 15:27:35.123704,72928.0,1.54692,72927.99,0.0011,72927.98,0.00014,72927.86,7e-05,72927.68,0.00042,72927.25,7e-05,72927.21,0.00014,72927.13,0.00788,72927.12,0.00013,72927.01,7e-05,72928.01,6.67153,72928.02,0.0081,72928.03,0.00014,72929.16,0.004,72929.19,7e-05,72929.34,0.00775,72929.92,7e-05,72929.96,8e-05,72929.97,0.02761,72929.98,1.10207,72928.005,0.00999999999476131,0.001371215350640856,-0.6235494527556898,1.5569400000000004,7.821419999999999,-0.6679717989072717,0.0
2026-05-28 15:27:35.578593,72928.0,1.54656,72927.99,0.0011,72927.98,0.00014,72927.86,7e-05,72927.68,0.00042,72927.25,7e-05,72927.21,0.00014,72927.13,0.00788,72927.12,0.00013,72927.01,7e-05,72928.01,6.67153,72928.02,0.0081,72928.03,0.00014,72929.16,0.004,72929.19,7e-05,72929.34,0.00775,72929.92,7e-05,72929.96,8e-05,72929.97,0.02761,72929.98,1.10207,72928.005,0.00999999999476131,0.001371215350640856,-0.6236205736369399,1.5565800000000003,7.821419999999999,-0.6680358285348686,0.0
2026-05-28 15:27:36.111869,72928.0,1.66205,72927.99,0.0011,72927.98,0.00014,72927.86,7e-05,72927.68,0.00042,72927.25,7e-05,72927.22,8e-05,72927.21,0.06382,72927.13,0.00788,72927.12,0.00013,72928.01,6.66262,72928.02,0.0085,72928.03,0.00014,72929.16,0.004,72929.19,7e-05,72929.34,0.00775,72929.92,7e-05,72929.96,8e-05,72929.97,0.02761,72929.98,1.10207,72928.005,0.00999999999476131,0.001371215350640856,-0.600692880318379,1.7357600000000004,7.81291,-0.6364394203590658,0.0
2026-05-28 15:27:36.599138,72928.0,1.66205,72927.99,0.0011,72927.98,0.00014,72927.86,7e-05,72927.68,0.00042,72927.25,7e-05,72927.22,8e-05,72927.21,0.06382,72927.13,0.00788,72927.12,0.00013,72928.01,6.66262,72928.02,0.0085,72928.03,0.00014,72929.16,0.004,72929.19,7e-05,72929.34,0.00775,72929.92,7e-05,72929.96,8e-05,72929.97,0.02761,72929.98,1.10207,72928.005,0.00999999999476131,0.001371215350640856,-0.600692880318379,1.7357600000000004,7.81291,-0.6364394203590658,0.0
2026-05-28 15:27:37.105604,72928.0,1.66205,72927.99,0.0011,72927.98,0.00014,72927.86,7e-05,72927.68,0.00042,72927.25,7e-05,72927.22,8e-05,72927.21,0.06382,72927.13,0.00788,72927.12,0.00013,72928.01,6.67916,72928.02,0.0085,72928.03,0.00014,72929.16,0.004,72929.19,7e-05,72929.34,0.00775,72929.92,7e-05,72929.96,8e-05,72929.97,0.02761,72929.98,1.10207,72928.005,0.00999999999476131,0.001371215350640856,-0.6014846766835987,1.7357600000000004,7.82945,-0.6370680831889732,0.0
2026-05-28 15:27:37.579207,72928.0,1.66109,72927.99,0.0011,72927.98,0.00014,72927.86,7e-05,72927.68,0.00042,72927.25,7e-05,72927.22,8e-05,72927.21,0.06382,72927.13,0.00788,72927.12,0.00013,72928.01,6.67916,72928.02,0.00858,72928.03,0.00014,72928.37,0.00949,72929.16,0.004,72929.19,7e-05,72929.34,0.00775,72929.92,7e-05,72929.96,8e-05,72929.97,0.02761,72928.005,0.00999999999476131,0.001371215350640856,-0.6016690147177842,1.7348000000000003,6.73695,-0.5904506152801959,0.0
2026-05-28 15:27:38.099074,72928.0,1.66309,72927.99,0.0011,72927.98,0.00014,72927.86,7e-05,72927.68,0.00042,72927.25,7e-05,72927.22,8e-05,72927.21,0.06382,72927.13,0.00788,72927.12,0.00128,72928.01,6.67639,72928.02,0.00858,72928.03,0.00014,72928.37,0.00949,72929.16,0.004,72929.19,7e-05,72929.34,0.00775,72929.92,7e-05,72929.96,0.00016,72929.97,0.02753,72928.005,0.00999999999476131,0.001371215350640856,-0.6011525898497267,1.7379500000000003,6.734179999999999,-0.5897253701253402,0.0
2026-05-28 15:27:38.599692,72928.0,1.66309,72927.99,0.0011,72927.98,0.00014,72927.86,7e-05,72927.68,0.00042,72927.25,7e-05,72927.22,8e-05,72927.21,0.06382,72927.13,0.00788,72927.12,0.00128,72928.01,6.67639,72928.02,0.00868,72928.03,0.00014,72928.37,0.00949,72929.16,0.004,72929.19,7e-05,72929.34,0.00775,72929.92,7e-05,72929.96,0.00016,72929.97,0.02753,72928.005,0.00999999999476131,0.001371215350640856,-0.6011525898497267,1.7379500000000003,6.734279999999999,-0.5897302127066898,0.0
2026-05-28 15:27:39.579530,72925.04,0.30666,72925.03,0.00104,72924.85,8e-05,72924.7,0.00142,72924.09,7e-05,72924.0,0.00856,72923.78,8e-05,72923.47,8e-05,72923.46,0.0003,72923.3,7e-05,72925.05,2.85471,72925.06,0.00038,72925.07,0.00014,72925.5,0.004,72925.6,8e-05,72925.61,8e-05,72925.62,0.16174,72925.63,0.09076,72925.83,8e-05,72925.84,0.06368,72925.045,0.010000000009313226,0.0013712710097488765,-0.8059955019501039,0.3183600000000001,3.17565,-0.8177681231593498,-4.058797440031903e-05
2026-05-28 15:27:39.779467,72925.04,0.30585,72925.03,0.00104,72924.7,0.00142,72924.09,7e-05,72924.0,0.00856,72923.46,0.00014,72923.36,7e-05,72923.3,7e-05,72922.9,8e-05,72922.69,0.00016,72925.05,2.85458,72925.06,0.00038,72925.07,0.00014,72925.5,0.004,72925.6,8e-05,72925.61,8e-05,72925.62,0.16174,72925.63,0.09076,72925.83,8e-05,72925.84,0.06384,72925.045,0.010000000009313226,0.0013712710097488765,-0.806450388080103,0.31746,3.17568,-0.8182380322575104,0.0
2026-05-28 15:27:40.118128,72925.04,0.30585,72925.03,0.00096,72924.7,0.00142,72924.09,7e-05,72924.0,0.00856,72923.46,0.00014,72923.36,7e-05,72922.9,8e-05,72922.69,0.00016,72922.68,0.06565,72925.05,2.85458,72925.06,0.00038,72925.07,0.00014,72925.5,0.004,72925.61,0.00016,72925.62,0.16174,72925.63,0.09076,72925.83,8e-05,72925.84,0.06384,72925.99,8e-05,72925.045,0.010000000009313226,0.0013712710097488765,-0.806450388080103,0.38296,3.17576,-0.7847765488715043,0.0
2026-05-28 15:27:40.651770,72925.04,0.30606,72925.03,0.0011,72925.02,0.00014,72924.7,0.00142,72924.09,7e-05,72924.0,0.00856,72923.46,0.00014,72923.36,7e-05,72922.9,8e-05,72922.7,8e-05,72925.05,2.85468,72925.06,0.00038,72925.07,0.00014,72925.5,0.004,72925.61,0.00016,72925.62,0.16174,72925.63,0.09076,72925.83,8e-05,72925.84,0.06384,72925.99,8e-05,72925.045,0.010000000009313226,0.0013712710097488765,-0.8063364908217696,0.31772,3.17586,-0.8181120798722228,0.0
2026-05-28 15:27:41.096521,72925.04,2.56612,72925.03,0.00126,72925.02,0.00014,72924.7,0.00142,72924.26,8e-05,72924.25,0.06097,72924.09,7e-05,72924.0,0.00856,72923.47,8e-05,72923.46,0.06398,72925.05,2.72782,72925.06,0.00038,72925.07,0.00014,72925.5,0.004,72925.61,8e-05,72925.62,0.16174,72925.63,0.09069,72925.99,8e-05,72926.0,0.16611,72926.01,0.16651,72925.045,0.010000000009313226,0.0013712710097488765,-0.030544358266243993,2.7026800000000004,3.31755,-0.10213397162566874,0.0
2026-05-28 15:27:42.014602,72925.04,2.19982,72925.03,0.00126,72925.02,0.00014,72924.7,0.00142,72924.26,8e-05,72924.25,0.06368,72924.09,7e-05,72924.0,0.00856,72923.47,0.00016,72923.46,0.06384,72925.05,2.72879,72925.06,0.00094,72925.07,0.00014,72925.5,0.004,72925.62,0.00565,72925.63,0.02818,72926.01,0.00414,72926.26,7e-05,72926.27,7e-05,72926.28,0.00016,72925.045,0.010000000009313226,0.0013712710097488765,-0.10732640643102216,2.33903,2.7721400000000003,-0.084737936715077,0.0
2026-05-28 15:27:42.461148,72925.04,1.45324,72925.03,0.00126,72925.02,0.00014,72924.7,0.00142,72924.26,8e-05,72924.25,0.06368,72924.09,7e-05,72924.0,0.00856,72923.47,0.00016,72923.46,0.06384,72925.05,2.72879,72925.06,0.00094,72925.07,0.00014,72925.5,0.004,72925.62,0.00565,72925.63,0.02818,72926.01,0.00414,72926.26,7e-05,72926.27,0.00015,72926.28,0.10696,72925.045,0.010000000009313226,0.0013712710097488765,-0.3050073768002621,1.59245,2.87902,-0.2877286440477069,0.0
2026-05-28 15:27:42.617083,72925.04,1.41366,72925.03,0.00126,72925.02,0.00014,72924.7,0.00142,72924.26,8e-05,72924.25,0.06368,72924.09,7e-05,72924.0,0.00856,72923.47,0.00016,72923.46,0.06384,72925.05,2.72879,72925.06,0.00094,72925.07,0.00014,72925.5,0.004,72925.62,0.00565,72925.63,0.02818,72926.01,0.00414,72926.26,7e-05,72926.27,0.00015,72926.28,0.10712,72925.045,0.010000000009313226,0.0013712710097488765,-0.3174763726780046,1.5528699999999998,2.8791800000000003,-0.2992542954163424,0.0
2026-05-28 15:27:43.144029,72925.04,0.10671,72925.03,0.00911,72925.02,0.00014,72924.7,0.00142,72924.09,7e-05,72924.0,0.0084,72923.47,8e-05,72923.36,7e-05,72922.9,8e-05,72922.71,0.0009,72925.05,4.57112,72925.06,0.00038,72925.07,0.00014,72925.5,0.004,72925.62,0.00565,72925.63,0.02818,72925.83,0.00016,72925.84,0.06391,72926.01,0.00414,72926.15,8e-05,72925.045,0.010000000009313226,0.0013712710097488765,-0.9543762813099238,0.12698,4.677759999999998,-0.9471438621028402,0.0
2026-05-28 15:27:43.601378,72925.04,3.66839,72925.03,0.00855,72925.02,0.00014,72924.7,0.00142,72924.25,0.06384,72924.09,7e-05,72924.0,0.00856,72923.67,0.004,72923.47,8e-05,72923.46,0.06391,72925.05,0.88405,72925.06,0.00112,72925.07,0.00014,72925.62,0.00015,72925.63,0.02818,72925.83,8e-05,72926.01,0.00414,72926.26,7e-05,72926.27,7e-05,72926.28,0.00016,72925.045,0.010000000009313226,0.0013712710097488765,0.6116148702673732,3.81896,0.9181600000000001,0.6123551862735165,0.0
2026-05-28 15:27:44.098624,72925.04,3.884,72925.03,0.00855,72925.02,0.00014,72924.7,0.00142,72924.25,0.06391,72924.09,7e-05,72924.0,0.00856,72923.67,0.004,72923.48,8e-05,72923.47,0.14813,72925.05,0.87871,72925.06,0.0012,72925.07,0.00014,72925.62,0.00023,72925.63,0.02818,72926.01,0.00414,72926.26,7e-05,72926.27,7e-05,72926.28,0.00016,72926.29,0.07452,72925.045,0.010000000009313226,0.0013712710097488765,0.6310041971902551,4.11886,0.9874200000000001,0.6132527005961286,0.0
2026-05-28 15:27:49.985081,72919.25,3.15071,72919.24,0.00131,72919.23,0.00022,72918.78,7e-05,72918.48,0.00016,72918.47,0.06811,72918.46,0.06536,72918.25,7e-05,72918.2,8e-05,72918.19,0.01694,72919.26,3.20296,72919.27,0.00126,72919.28,0.00014,72920.01,0.01316,72920.43,7e-05,72920.6,7e-05,72921.62,7e-05,72921.84,0.00491,72922.0,0.00167,72922.01,0.01482,72919.255,0.00999999999476131,0.001371379890642233,-0.008223593608103649,3.3030300000000006,3.23913,0.009767416266187426,-7.939659139044597e-05
2026-05-28 15:27:50.169644,72919.25,3.29887,72919.24,0.00131,72919.23,0.00022,72918.78,7e-05,72918.48,0.00016,72918.47,0.06811,72918.46,0.06536,72918.25,7e-05,72918.2,8e-05,72918.19,0.01694,72919.26,2.91015,72919.27,0.00126,72919.28,0.00014,72920.01,0.01316,72920.43,7e-05,72920.6,7e-05,72921.62,7e-05,72921.84,0.00491,72922.0,0.00167,72922.01,0.01482,72919.255,0.00999999999476131,0.001371379890642233,0.06260569300791433,3.4511900000000004,2.9463199999999996,0.07891664100564139,0.0
2026-05-28 15:27:50.345546,72919.25,3.29815,72919.24,0.00107,72919.23,0.00022,72918.78,7e-05,72918.48,8e-05,72918.47,0.06803,72918.46,0.06536,72918.25,7e-05,72918.19,0.01694,72918.18,0.004,72919.26,2.76458,72919.27,0.0011,72919.28,0.00014,72920.01,0.01316,72920.43,7e-05,72920.6,7e-05,72921.62,7e-05,72921.84,0.00091,72922.0,0.00159,72922.01,0.00735,72919.255,0.00999999999476131,0.001371379890642233,0.08800820752367335,3.45399,2.789040000000001,0.10651078082277342,0.0
2026-05-28 15:27:50.531890,72919.25,3.29839,72919.24,0.00115,72919.23,0.00022,72918.78,7e-05,72918.48,0.00016,72918.47,0.06811,72918.46,0.06536,72918.25,7e-05,72918.2,8e-05,72918.19,0.01694,72919.26,2.83866,72919.27,0.00102,72919.28,0.00014,72919.62,0.00949,72920.01,0.01316,72920.43,7e-05,72920.6,7e-05,72921.62,7e-05,72921.84,0.00091,72922.0,0.00159,72919.255,0.00999999999476131,0.001371379890642233,0.07491058407541082,3.4505500000000002,2.8651800000000005,0.09268445611196167,0.0
2026-05-28 15:27:50.696433,72919.25,3.3003,72919.24,0.00115,72919.23,0.00022,72918.78,7e-05,72918.48,0.00016,72918.47,0.06811,72918.46,0.06536,72918.25,7e-05,72918.2,8e-05,72918.19,0.01694,72919.26,2.83866,72919.27,0.00102,72919.28,0.00014,72919.62,0.00949,72920.01,0.01316,72920.43,7e-05,72920.6,7e-05,72921.62,7e-05,72921.84,0.00091,72922.0,0.00159,72919.255,0.00999999999476131,0.001371379890642233,0.07519840494155362,3.4524600000000003,2.8651800000000005,0.09295876308241681,0.0
2026-05-28 15:27:50.901416,72919.25,3.3003,72919.24,0.00115,72919.23,0.00022,72918.78,7e-05,72918.48,0.00016,72918.47,0.06811,72918.46,0.06536,72918.25,7e-05,72918.2,8e-05,72918.19,0.01694,72919.26,2.83866,72919.27,0.00102,72919.28,0.00014,72919.62,0.00949,72920.01,0.01316,72920.43,7e-05,72920.6,7e-05,72921.62,7e-05,72921.84,0.00091,72922.0,0.00159,72919.255,0.00999999999476131,0.001371379890642233,0.07519840494155362,3.4524600000000003,2.8651800000000005,0.09295876308241681,0.0
2026-05-28 15:27:51.062843,72919.25,3.3003,72919.24,0.00115,72919.23,0.00022,72918.78,7e-05,72918.48,0.00016,72918.47,0.06811,72918.46,0.06536,72918.25,7e-05,72918.2,8e-05,72918.19,0.01694,72919.26,2.83866,72919.27,0.00102,72919.28,0.00014,72919.62,0.00949,72920.01,0.01316,72920.43,7e-05,72920.6,7e-05,72921.62,7e-05,72921.84,0.00091,72922.0,0.00159,72919.255,0.00999999999476131,0.001371379890642233,0.07519840494155362,3.4524600000000003,2.8651800000000005,0.09295876308241681,0.0
2026-05-28 15:27:52.272751,72919.25,1.95393,72919.24,0.00059,72919.23,0.00022,72918.78,7e-05,72918.48,8e-05,72918.47,0.00024,72918.46,0.06543,72918.25,7e-05,72918.2,8e-05,72918.19,0.01702,72919.26,3.87192,72919.27,0.00086,72919.28,0.00014,72919.5,8e-05,72919.51,0.06926,72919.52,0.07432,72919.62,0.00949,72920.01,0.01316,72920.43,7e-05,72920.6,7e-05,72919.255,0.00999999999476131,0.001371379890642233,-0.32922062874945285,2.0377300000000003,4.03937,-0.32937420809267576,0.0
2026-05-28 15:27:52.479058,72919.25,2.49726,72919.24,0.00107,72919.23,0.00022,72918.78,7e-05,72918.48,0.00016,72918.47,0.06886,72918.46,0.06536,72918.25,7e-05,72918.2,8e-05,72918.19,0.01694,72919.26,3.53826,72919.27,0.00086,72919.28,0.00014,72919.51,0.00032,72919.52,0.07432,72919.62,0.00949,72920.0,8e-05,72920.01,0.01716,72920.43,7e-05,72920.6,7e-05,72919.255,0.00999999999476131,0.001371379890642233,-0.17247892476538895,2.65009,3.6407700000000003,-0.15747926356650763,0.0
2026-05-28 15:27:52.662925,72919.25,2.50466,72919.24,0.00115,72919.23,0.00022,72918.78,7e-05,72918.48,0.00016,72918.47,0.06886,72918.46,0.06536,72918.25,7e-05,72918.2,8e-05,72918.19,0.01694,72919.26,3.5377,72919.27,0.00078,72919.28,0.00014,72919.51,0.00095,72919.52,0.07432,72919.62,0.00949,72920.0,8e-05,72920.01,0.01716,72920.43,7e-05,72920.6,7e-05,72919.255,0.00999999999476131,0.001371379890642233,-0.17096631117642777,2.65757,3.64076,-0.1561032845214525,0.0
2026-05-28 15:27:52.885690,72919.25,3.50703,72919.24,0.00115,72919.23,0.00022,72918.78,7e-05,72918.48,0.00016,72918.47,0.06886,72918.46,0.06536,72918.25,7e-05,72918.2,8e-05,72918.19,0.01694,72919.26,2.97756,72919.27,0.00086,72919.28,0.00014,72919.51,0.002,72919.52,0.07432,72919.62,0.00949,72920.01,0.01316,72920.43,7e-05,72920.6,7e-05,72921.62,7e-05,72919.255,0.00999999999476131,0.001371379890642233,0.08165049756422532,3.65994,3.07774,0.08640956531031457,0.0
2026-05-28 15:27:53.048376,72919.25,3.50824,72919.24,0.00115,72919.23,0.00022,72918.78,7e-05,72918.48,0.00016,72918.47,0.06886,72918.46,0.06536,72918.25,7e-05,72918.2,8e-05,72918.19,0.01694,72919.26,2.96451,72919.27,0.00086,72919.28,0.00014,72919.51,0.002,72919.52,0.07432,72919.62,0.00949,72920.01,0.01316,72920.43,7e-05,72920.6,7e-05,72921.62,7e-05,72919.255,0.00999999999476131,0.001371379890642233,0.08400293538295155,3.66115,3.06469,0.08868185981230597,0.0
2026-05-28 15:27:53.202677,72919.25,4.17985,72919.24,0.00059,72919.23,0.00022,72918.78,7e-05,72918.48,8e-05,72918.47,0.10966,72918.46,0.06536,72918.25,7e-05,72918.19,0.01694,72918.18,0.004,72919.26,0.14479,72919.27,0.00086,72919.28,0.00014,72919.51,0.002,72919.52,0.07432,72919.62,0.00949,72920.01,0.01316,72920.43,7e-05,72920.6,7e-05,72921.62,7e-05,72919.255,0.00999999999476131,0.001371379890642233,0.9330395131155423,4.376839999999999,0.24496999999999997,0.8939939114762396,0.0
2026-05-28 15:27:53.379701,72919.25,4.92075,72919.24,0.00059,72919.23,0.00022,72918.78,7e-05,72918.48,8e-05,72918.47,0.10966,72918.46,0.06536,72918.25,7e-05,72918.19,0.01694,72918.18,0.004,72919.26,0.14479,72919.27,0.00086,72919.28,0.00014,72919.51,0.002,72919.52,0.07432,72919.62,0.00949,72920.01,0.01316,72920.43,7e-05,72920.6,7e-05,72921.62,7e-05,72919.255,0.00999999999476131,0.001371379890642233,0.9428333405717849,5.117739999999999,0.24496999999999997,0.908639475190715,0.0
2026-05-28 15:27:53.559323,72919.25,5.00897,72919.24,0.00059,72919.23,0.00022,72918.78,7e-05,72918.48,8e-05,72918.47,0.10966,72918.46,0.06536,72918.25,7e-05,72918.19,0.01694,72918.18,0.004,72919.26,0.14463,72919.27,0.00078,72919.28,0.00014,72919.51,0.002,72919.52,0.07451,72919.62,0.00949,72920.01,0.01316,72920.43,7e-05,72920.6,7e-05,72921.62,7e-05,72919.255,0.00999999999476131,0.001371379890642233,0.9438722446445202,5.205959999999998,0.24492,0.91013561113068,0.0
2026-05-28 15:27:53.721797,72919.25,4.52209,72919.24,0.00115,72919.23,0.00022,72918.78,7e-05,72918.48,8e-05,72918.47,0.0927,72918.46,0.06536,72918.25,7e-05,72918.19,0.01694,72918.18,0.004,72919.26,0.67683,72919.27,0.00078,72919.28,0.00014,72919.51,0.002,72919.52,0.07451,72919.62,0.00949,72920.01,0.01316,72920.43,7e-05,72920.6,7e-05,72921.62,7e-05,72919.255,0.00999999999476131,0.001371379890642233,0.7396266916975065,4.702679999999999,0.77712,0.7163692105551297,0.0
2026-05-28 15:27:53.876840,72919.25,4.52129,72919.24,0.00059,72919.23,0.00022,72918.78,7e-05,72918.48,8e-05,72918.47,0.0927,72918.46,0.06536,72918.25,7e-05,72918.19,0.01694,72918.18,0.004,72919.26,0.52712,72919.27,0.00078,72919.28,0.00014,72919.51,0.002,72919.52,0.07451,72919.62,0.00949,72920.01,0.01316,72920.43,7e-05,72920.6,7e-05,72921.62,7e-05,72919.255,0.00999999999476131,0.001371379890642233,0.7911738547384226,4.701319999999998,0.62741,0.7645179995984032,0.0
2026-05-28 15:27:54.065424,72919.51,5.22486,72919.5,0.06907,72919.35,9e-05,72919.27,0.10668,72919.26,6.55663,72919.25,2.63313,72919.24,0.00021,72919.23,8e-05,72918.78,7e-05,72918.48,8e-05,72919.52,0.22873,72919.53,0.00056,72919.62,0.00949,72920.01,0.01316,72920.43,7e-05,72920.6,7e-05,72921.62,7e-05,72922.0,0.0014,72922.01,0.00716,72922.42,7e-05,72919.515,0.010000000009313226,0.001371375002879987,0.9161176399399296,14.590899999999998,0.26078000000000007,0.9648820874136798,3.5655877175244655e-06
2026-05-28 15:27:54.222171,72919.51,5.95981,72919.5,0.00521,72919.49,0.00014,72919.35,9e-05,72919.28,1.4512,72919.27,8e-05,72919.26,2.59564,72919.25,1.38331,72919.24,0.00014,72919.23,8e-05,72919.52,0.1887,72919.53,0.00064,72919.62,0.00949,72920.01,0.01316,72920.43,7e-05,72920.6,7e-05,72921.62,7e-05,72922.0,0.0014,72922.01,0.00716,72922.42,7e-05,72919.515,0.010000000009313226,0.001371375002879987,0.9386192752390417,11.3957,0.22082999999999997,0.9619800405112371,0.0
2026-05-28 15:27:54.402428,72919.51,6.33431,72919.5,0.00521,72919.49,0.00014,72919.35,9e-05,72919.28,1.20424,72919.27,8e-05,72919.26,2.59564,72919.25,1.38331,72919.24,0.00014,72919.23,8e-05,72919.52,0.01991,72919.53,0.00064,72919.62,0.00949,72920.01,0.01316,72920.43,7e-05,72920.6,7e-05,72921.62,7e-05,72922.0,0.0014,72922.01,0.00716,72922.42,7e-05,72919.515,0.010000000009313226,0.001371375002879987,0.9937332985008387,11.523240000000001,0.05204,0.991008424850198,0.0
2026-05-28 15:27:54.779097,72922.0,3.56609,72921.99,0.00038,72921.98,0.00014,72921.84,0.004,72921.61,7e-05,72921.21,0.06325,72921.17,7e-05,72920.84,0.08821,72920.59,0.05741,72920.42,0.06311,72922.01,0.19209,72922.02,0.00072,72922.42,7e-05,72922.52,7e-05,72922.74,0.01043,72923.21,7e-05,72923.96,7e-05,72924.0,0.00147,72924.01,0.00723,72924.11,0.00205,72922.005,0.00999999999476131,0.0013713281738154772,0.897774986828731,3.84273,0.21426999999999996,0.8943702243036726,3.4147237540027575e-05
2026-05-28 15:27:55.111954,72922.0,3.52524,72921.99,0.00038,72921.98,0.00014,72921.84,0.004,72921.61,7e-05,72921.21,0.06325,72921.17,7e-05,72920.84,0.08821,72920.59,0.05741,72920.42,0.06311,72922.01,0.18836,72922.02,0.0008,72922.42,7e-05,72922.52,7e-05,72922.74,0.01043,72923.21,7e-05,72923.96,7e-05,72924.0,0.00147,72924.01,0.00723,72924.11,0.00205,72922.005,0.00999999999476131,0.0013713281738154772,0.8985566566135287,3.80188,0.21061999999999992,0.8950180685358256,0.0
2026-05-28 15:27:55.581928,72922.0,3.52531,72921.99,0.00038,72921.98,0.00014,72921.84,0.004,72921.61,7e-05,72921.22,0.08121,72921.21,0.06325,72921.17,7e-05,72920.84,0.08821,72920.59,0.05741,72922.01,0.1885,72922.02,0.00094,72922.03,0.00014,72922.42,7e-05,72922.52,7e-05,72922.74,0.01043,72923.21,7e-05,72923.35,7e-05,72923.96,7e-05,72924.0,0.00147,72922.005,0.00999999999476131,0.0013713281738154772,0.8984869985271191,3.82005,0.20182999999999993,0.8996340020090108,0.0
2026-05-28 15:27:56.083156,72922.0,3.47531,72921.99,0.00038,72921.98,0.00014,72921.84,0.004,72921.72,0.03423,72921.61,7e-05,72921.22,0.08137,72921.21,0.06325,72921.17,7e-05,72920.84,0.08821,72922.01,0.16809,72922.02,0.00112,72922.03,0.00014,72922.42,7e-05,72922.52,7e-05,72922.74,0.01043,72923.21,7e-05,72923.35,7e-05,72923.96,7e-05,72924.0,0.00147,72922.005,0.00999999999476131,0.0013713281738154772,0.9077290442992809,3.74703,0.18159999999999993,0.9075504692475495,0.0
2026-05-28 15:27:57.091198,72922.0,3.43224,72921.99,0.00038,72921.98,0.00014,72921.84,0.004,72921.61,7e-05,72921.22,0.05388,72921.21,0.06325,72921.17,7e-05,72920.93,0.06847,72920.85,8e-05,72922.01,0.1838,72922.02,0.00112,72922.03,0.00033,72922.42,7e-05,72922.52,7e-05,72922.74,0.01043,72923.21,7e-05,72923.35,7e-05,72923.96,7e-05,72924.0,0.00147,72922.005,0.00999999999476131,0.0013713281738154772,0.8983418325018527,3.62258,0.19749999999999993,0.8965990241042073,0.0
2026-05-28 15:27:57.371716,72922.0,3.44124,72921.99,0.00038,72921.98,0.00014,72921.84,0.004,72921.61,7e-05,72921.22,0.05388,72921.21,0.06325,72921.17,7e-05,72920.93,0.06847,72920.85,8e-05,72922.01,0.18638,72922.02,0.00112,72922.03,0.00033,72922.42,7e-05,72922.52,7e-05,72922.74,0.01043,72923.21,7e-05,72923.35,7e-05,72923.96,7e-05,72924.0,0.00147,72922.005,0.00999999999476131,0.0013713281738154772,0.8972439230128844,3.63158,0.20007999999999992,0.8955648465678062,0.0
2026-05-28 15:27:57.576225,72922.0,3.50253,72921.99,0.00038,72921.98,0.00014,72921.84,0.004,72921.61,7e-05,72921.22,0.05388,72921.21,0.06332,72921.17,7e-05,72920.93,0.00016,72920.83,8e-05,72922.01,0.18388,72922.02,0.00112,72922.03,0.00033,72922.42,7e-05,72922.52,7e-05,72922.74,0.01043,72923.21,7e-05,72923.35,7e-05,72923.96,7e-05,72924.0,0.00147,72922.005,0.00999999999476131,0.0013713281738154772,0.9002389858968483,3.6246300000000002,0.19757999999999992,0.8966147856868147,0.0
2026-05-28 15:27:58.136094,72925.03,5.32021,72925.02,0.00038,72925.01,0.00014,72924.24,0.06331,72924.1,0.01892,72923.95,0.03192,72923.8,0.18783,72923.67,0.004,72923.45,0.06317,72923.19,0.13712,72925.04,0.06736,72925.05,0.00093,72925.06,0.00014,72925.07,0.00071,72925.19,0.00205,72925.62,7e-05,72925.63,7e-05,72926.0,0.0014,72926.01,0.00716,72926.07,0.00016,72925.035,0.00999999999476131,0.0013712711957918578,0.9749942924175463,5.827000000000001,0.08005,0.9728967928153647,4.155124368843133e-05
2026-05-28 15:27:58.596923,72926.07,5.53203,72926.06,0.00521,72926.05,0.00014,72925.61,7e-05,72925.5,0.004,72925.28,0.06318,72925.06,0.97363,72925.05,8e-05,72925.04,2.46201,72925.03,0.40109,72926.08,0.21693,72926.09,0.0008,72926.15,0.00858,72926.26,7e-05,72926.56,0.003,72927.13,0.00025,72927.63,0.00205,72927.68,0.00042,72928.0,0.0014,72928.01,0.00861,72926.07500000001,0.00999999999476131,0.001371251640069935,0.924532437171245,9.441439999999998,0.24211000000000002,0.9499956111136928,1.4261220443900768e-05
2026-05-28 15:27:59.089352,72929.36,7.17662,72929.35,0.00038,72929.34,0.00014,72929.16,0.004,72928.59,0.06151,72928.58,0.06244,72928.47,7e-05,72928.39,8e-05,72928.38,2.46201,72928.37,7e-05,72929.37,0.05535,72929.38,0.00064,72930.0,0.00175,72930.01,0.00723,72930.24,8e-05,72930.78,7e-05,72930.83,0.00803,72931.39,0.00205,72931.57,8e-05,72931.58,0.01796,72929.36499999999,0.00999999999476131,0.0013711897799687837,0.9846929674763585,9.767319999999998,0.09323999999999999,0.9810882951881029,4.511417898167558e-05
2026-05-28 15:27:59.629132,72929.36,7.184,72929.35,0.00038,72929.34,0.00014,72929.16,0.004,72928.59,0.06151,72928.58,0.06244,72928.47,7e-05,72928.39,8e-05,72928.38,2.46201,72928.37,7e-05,72929.37,0.15226,72929.38,0.0008,72930.0,0.00167,72930.01,0.00723,72930.24,8e-05,72930.83,0.00819,72931.37,0.00016,72931.38,0.07432,72931.39,0.00205,72931.57,8e-05,72929.36499999999,0.00999999999476131,0.0013711897799687837,0.9584911112746822,9.774699999999998,0.24683999999999998,0.9507381101108212,0.0
2026-05-28 15:28:00.108024,72929.36,5.98793,72929.35,0.00038,72929.34,0.00014,72929.16,0.004,72928.59,0.06151,72928.58,0.06244,72928.47,7e-05,72928.39,1.05901,72928.38,2.46201,72928.37,7e-05,72929.37,0.1822,72929.38,0.0008,72930.0,0.00167,72930.01,0.00723,72930.24,8e-05,72930.65,7e-05,72930.83,0.00819,72931.37,8e-05,72931.39,0.00205,72931.57,8e-05,72929.36499999999,0.00999999999476131,0.0013711897799687837,0.9409412767640228,9.637559999999999,0.20245,0.9588516678336707,0.0
2026-05-28 15:28:00.599617,72929.36,5.9885,72929.35,0.00038,72929.34,0.00014,72929.16,0.004,72928.59,0.06151,72928.58,0.06251,72928.47,7e-05,72928.39,1.05917,72928.38,2.46201,72928.37,7e-05,72929.37,0.16434,72929.38,0.00094,72929.39,0.00014,72930.0,0.00167,72930.01,0.00723,72930.24,8e-05,72930.65,7e-05,72930.83,0.00819,72931.38,7e-05,72931.39,0.00205,72929.36499999999,0.00999999999476131,0.0013711897799687837,0.9465807659552337,9.638359999999999,0.18478,0.9623786284222764,0.0
2026-05-28 15:28:01.456500,72928.18,0.11696,72928.17,0.00093,72928.16,0.00014,72928.0,0.01323,72927.74,7e-05,72927.63,8e-05,72927.62,7e-05,72926.84,7e-05,72926.34,0.00205,72926.26,7e-05,72928.19,10.70443,72928.2,0.00086,72928.21,0.00014,72928.27,7e-05,72928.39,8e-05,72928.4,0.15101,72928.57,0.03407,72928.59,7e-05,72928.6,7e-05,72928.96,0.06165,72928.185,0.010000000009313226,0.0013712119682278156,-0.9783835533143154,0.13366999999999993,10.952449999999997,-0.975885160903905,-1.6180039412061475e-05
2026-05-28 15:28:01.999746,72922.07,1.36689,72922.06,0.00087,72922.02,8e-05,72922.01,0.04556,72922.0,0.02569,72921.49,0.00771,72921.3,0.00016,72921.29,0.06177,72921.25,7e-05,72921.21,0.00151,72922.08,5.14479,72922.09,0.00173,72922.1,0.00014,72922.52,7e-05,72922.85,7e-05,72923.62,7e-05,72923.67,0.004,72924.15,8e-05,72924.16,0.0166,72924.39,7e-05,72922.07500000001,0.00999999999476131,0.0013713268574380678,-0.5801728586171312,1.51031,5.16762,-0.547671209491564,-8.378105118045376e-05
2026-05-28 15:28:02.170167,72922.07,3.08749,72922.06,0.00087,72922.02,8e-05,72922.01,0.04556,72922.0,0.02569,72921.49,0.00771,72921.3,0.00016,72921.29,0.06177,72921.25,7e-05,72921.21,0.00151,72922.08,3.79862,72922.09,0.00045,72922.1,0.00014,72922.52,7e-05,72922.85,7e-05,72923.62,7e-05,72923.67,0.004,72924.15,8e-05,72924.16,0.0166,72924.39,7e-05,72922.07500000001,0.00999999999476131,0.0013713268574380678,-0.1032702062557816,3.23091,3.82017,-0.08357017648360249,0.0
2026-05-28 15:28:02.706430,72922.07,2.45395,72922.06,0.00087,72922.02,8e-05,72922.01,0.04556,72922.0,0.02569,72921.49,0.00771,72921.3,0.00016,72921.29,0.06177,72921.25,7e-05,72921.21,0.00151,72922.08,3.62981,72922.09,0.00045,72922.1,0.00014,72922.52,7e-05,72922.85,7e-05,72923.62,7e-05,72923.67,0.004,72924.15,0.00016,72924.16,0.0166,72924.39,7e-05,72922.07500000001,0.00999999999476131,0.0013713268574380678,-0.19327849882309628,2.59737,3.65144,-0.16868331730361458,0.0
2026-05-28 15:28:03.091429,72922.07,3.20537,72922.06,0.00071,72922.01,0.04548,72922.0,0.02569,72921.84,0.004,72921.5,0.00016,72921.49,0.00771,72921.3,8e-05,72921.29,0.06177,72921.25,7e-05,72922.08,0.83709,72922.09,0.00045,72922.1,0.00014,72922.52,7e-05,72922.85,7e-05,72923.62,7e-05,72924.08,7e-05,72924.15,8e-05,72924.16,0.00016,72924.39,7e-05,72922.07500000001,0.00999999999476131,0.0013713268574380678,0.5858511896221608,3.3510400000000002,0.8382700000000001,0.5998052185204723,0.0
2026-05-28 15:28:03.744841,72922.07,3.14856,72922.06,0.00093,72922.05,0.00014,72922.01,0.04548,72922.0,0.02569,72921.84,0.004,72921.49,0.00771,72921.3,8e-05,72921.29,0.06184,72921.25,7e-05,72922.08,0.79112,72922.09,0.00045,72922.1,0.00014,72922.52,7e-05,72922.85,7e-05,72923.62,7e-05,72924.01,0.01316,72924.39,7e-05,72925.06,0.00016,72925.07,0.01867,72922.07500000001,0.00999999999476131,0.0013713268574380678,0.5983836250659951,3.2944999999999998,0.82398,0.5998620850410831,0.0
2026-05-28 15:28:04.091446,72922.07,3.20935,72922.06,0.00037,72922.05,0.00014,72922.01,0.06323,72922.0,0.02569,72921.84,0.004,72921.49,0.00771,72921.3,8e-05,72921.29,0.06191,72921.25,7e-05,72922.08,0.29307,72922.09,0.00045,72922.1,0.00014,72922.52,7e-05,72922.85,7e-05,72923.62,7e-05,72924.01,0.01316,72924.08,7e-05,72924.39,7e-05,72925.06,0.00016,72922.07500000001,0.00999999999476131,0.0013713268574380678,0.8326471411195687,3.3725500000000004,0.30733000000000005,0.8329673793710666,0.0
2026-05-28 15:28:04.828565,72922.07,2.56636,72922.06,0.00085,72922.05,0.00014,72922.02,8e-05,72922.01,0.06331,72922.0,0.02569,72921.84,0.004,72921.49,0.00771,72921.3,0.00016,72921.29,0.06177,72922.08,2.15047,72922.09,0.00182,72922.1,0.00014,72922.52,7e-05,72922.85,7e-05,72923.62,7e-05,72924.01,0.01316,72924.08,7e-05,72924.39,7e-05,72925.06,0.00016,72922.07500000001,0.00999999999476131,0.0013713268574380678,0.0881715050150207,2.73007,2.1661,0.11518595146818839,0.0
2026-05-28 15:28:05.150813,72922.07,2.56644,72922.06,0.00085,72922.05,0.00014,72922.02,0.00016,72922.01,0.06331,72922.0,0.02569,72921.84,0.004,72921.49,0.00771,72921.3,8e-05,72921.29,0.06177,72922.08,2.22648,72922.09,0.00182,72922.1,0.00014,72922.52,7e-05,72922.85,7e-05,72923.62,7e-05,72924.01,0.01316,72924.08,7e-05,72924.39,7e-05,72925.06,0.00016,72922.07500000001,0.00999999999476131,0.0013713268574380678,0.0709296211912571,2.73015,2.2421100000000003,0.09815255034933808,0.0
2026-05-28 15:28:06.688847,72922.07,2.56552,72922.06,0.00093,72922.05,0.00014,72922.02,0.00016,72922.01,0.06331,72922.0,0.02562,72921.84,0.004,72921.49,0.00771,72921.3,8e-05,72921.29,0.06177,72922.08,3.97139,72922.09,0.00182,72922.1,0.00014,72922.52,7e-05,72922.85,7e-05,72923.62,7e-05,72924.01,0.01316,72924.08,7e-05,72924.39,7e-05,72925.06,8e-05,72922.07500000001,0.00999999999476131,0.0013713268574380678,-0.21506644576718972,2.72924,3.98694,-0.187264188869268,0.0
2026-05-28 15:28:06.867040,72922.07,2.56552,72922.06,0.00093,72922.05,0.00014,72922.02,0.00016,72922.01,0.06331,72922.0,0.02562,72921.84,0.004,72921.49,0.00771,72921.3,8e-05,72921.29,0.06177,72922.08,3.97139,72922.09,0.00182,72922.1,0.00014,72922.52,7e-05,72922.85,7e-05,72923.62,7e-05,72924.01,0.01316,72924.08,7e-05,72924.39,7e-05,72925.06,8e-05,72922.07500000001,0.00999999999476131,0.0013713268574380678,-0.21506644576718972,2.72924,3.98694,-0.187264188869268,0.0
2026-05-28 15:28:07.024317,72922.07,2.56552,72922.06,0.00093,72922.05,0.00014,72922.02,0.00016,72922.01,0.06331,72922.0,0.02562,72921.84,0.004,72921.49,0.00771,72921.3,8e-05,72921.29,0.06177,72922.08,3.97006,72922.09,0.00182,72922.1,0.00014,72922.52,7e-05,72922.85,7e-05,72923.62,7e-05,72924.01,0.01316,72924.08,7e-05,72924.39,7e-05,72925.06,8e-05,72922.07500000001,0.00999999999476131,0.0013713268574380678,-0.21490671065154132,2.72924,3.9856100000000003,-0.1871032115386048,0.0
2026-05-28 15:28:07.231942,72922.07,2.56552,72922.06,0.00093,72922.05,0.00014,72922.02,0.00016,72922.01,0.06331,72922.0,0.02562,72921.84,0.004,72921.49,0.00771,72921.3,8e-05,72921.29,0.06177,72922.08,3.97006,72922.09,0.00182,72922.1,0.00014,72922.52,7e-05,72922.85,7e-05,72923.62,7e-05,72924.01,0.01316,72924.08,7e-05,72924.39,7e-05,72925.06,8e-05,72922.07500000001,0.00999999999476131,0.0013713268574380678,-0.21490671065154132,2.72924,3.9856100000000003,-0.1871032115386048,0.0
2026-05-28 15:28:07.638045,72922.07,2.55555,72922.06,0.00093,72922.05,0.00014,72922.02,0.00016,72922.01,0.06331,72922.0,0.02562,72921.84,0.004,72921.49,0.00771,72921.3,8e-05,72921.29,0.06177,72922.08,3.97006,72922.09,0.00182,72922.1,0.00014,72922.52,7e-05,72922.85,7e-05,72923.62,7e-05,72924.01,0.01316,72924.08,7e-05,72924.39,7e-05,72925.06,8e-05,72922.07500000001,0.00999999999476131,0.0013713268574380678,-0.21676287734020266,2.7192700000000003,3.9856100000000003,-0.18886840629511636,0.0
2026-05-28 15:28:08.087482,72922.07,0.19147,72922.06,0.00093,72922.05,0.00014,72922.02,8e-05,72922.01,0.00024,72922.0,0.00863,72921.49,0.00016,72921.29,0.00016,72921.21,0.00151,72921.17,7e-05,72922.08,4.13061,72922.09,0.00118,72922.1,0.00014,72922.52,0.00172,72922.85,7e-05,72922.87,0.06184,72923.62,7e-05,72923.65,0.11476,72923.66,0.06184,72923.67,0.004,72922.07500000001,0.00999999999476131,0.0013713268574380678,-0.9113991411542591,0.20338999999999996,4.37623,-0.9111760364397047,0.0
2026-05-28 15:28:08.591855,72915.96,0.23594,72915.95,0.00056,72915.81,0.00553,72915.75,0.004,72915.56,8e-05,72915.04,7e-05,72915.0,0.00014,72914.07,8e-05,72914.06,7e-05,72914.0,0.00863,72915.97,7.61474,72915.98,0.00046,72915.99,0.40529,72916.0,1.21786,72916.01,0.18927,72916.35,0.004,72917.11,8e-05,72917.12,0.50008,72917.13,0.15779,72917.78,8e-05,72915.965,0.00999999999476131,0.0013714417678983347,-0.9398931048011127,0.2551,10.089650000000002,-0.9506802967688923,-8.378807103359698e-05
2026-05-28 15:28:09.143886,72915.96,0.11859,72915.95,0.00064,72915.81,0.00553,72915.75,0.004,72915.56,8e-05,72915.04,7e-05,72915.0,0.00014,72914.07,8e-05,72914.06,7e-05,72914.0,0.00863,72915.97,7.87926,72915.98,0.06236,72915.99,0.40529,72916.0,1.21786,72916.01,0.19695,72916.35,0.004,72916.78,7e-05,72917.11,0.0619,72917.12,0.5,72917.13,0.15779,72915.965,0.00999999999476131,0.0013714417678983347,-0.9703445300924624,0.13782999999999998,10.485479999999999,-0.974051402058304,0.0
2026-05-28 15:28:09.615905,72915.96,0.11857,72915.95,0.00078,72915.94,0.00014,72915.81,0.00553,72915.75,0.004,72915.56,8e-05,72915.33,7e-05,72915.04,7e-05,72915.0,7e-05,72914.06,7e-05,72915.97,9.30363,72915.98,0.06244,72915.99,0.40521,72916.0,1.21778,72916.01,0.06766,72916.35,0.004,72916.78,7e-05,72917.04,0.09674,72917.11,0.06206,72917.12,0.35006,72915.965,0.00999999999476131,0.0013714417678983347,-0.9748317802636327,0.12937999999999994,11.56965,-0.9778819269631757,0.0
2026-05-28 15:28:10.711842,72915.96,0.23199,72915.95,0.00086,72915.94,0.00014,72915.81,0.00553,72915.75,0.004,72915.56,8e-05,72915.04,7e-05,72915.0,7e-05,72914.06,7e-05,72914.0,0.00863,72915.97,9.2516,72915.98,0.06252,72915.99,0.40536,72916.0,1.09575,72916.01,0.07159,72916.35,0.004,72916.78,7e-05,72917.11,0.06214,72917.12,0.31002,72917.13,0.01705,72915.965,0.00999999999476131,0.0013714417678983347,-0.9510754893452796,0.25144,11.280099999999997,-0.9563909070254275,0.0
2026-05-28 15:28:10.876217,72915.96,0.23199,72915.95,0.00086,72915.94,0.00014,72915.81,0.00016,72915.75,0.004,72915.56,8e-05,72915.04,7e-05,72915.0,7e-05,72914.06,7e-05,72914.0,0.00863,72915.97,9.2516,72915.98,0.06252,72915.99,0.40536,72916.0,1.09575,72916.01,0.07159,72916.35,0.004,72916.78,7e-05,72917.11,0.06214,72917.12,0.31002,72917.13,0.01705,72915.965,0.00999999999476131,0.0013714417678983347,-0.9510754893452796,0.24606999999999996,11.280099999999997,-0.9573023823178038,0.0
2026-05-28 15:28:11.136836,72915.96,0.23184,72915.95,0.00078,72915.94,0.00014,72915.75,0.004,72915.56,8e-05,72915.04,7e-05,72915.0,7e-05,72914.06,7e-05,72914.0,0.00863,72913.92,8e-05,72915.97,9.32769,72915.98,0.06252,72915.99,0.40536,72916.0,1.09575,72916.01,0.07159,72916.35,0.004,72916.78,7e-05,72917.11,0.06214,72917.12,0.31002,72917.13,0.01705,72915.965,0.00999999999476131,0.0013714417678983347,-0.9514955233154768,0.24575999999999995,11.356189999999998,-0.9576347079585759,0.0
2026-05-28 15:28:11.756805,72915.96,1.57996,72915.95,0.0011,72915.94,0.00014,72915.75,0.004,72915.56,8e-05,72915.18,8e-05,72915.17,0.0593,72915.16,0.06213,72915.04,7e-05,72915.0,7e-05,72915.97,8.75078,72915.98,0.00086,72915.99,0.00029,72916.0,8e-05,72916.01,0.07159,72916.35,0.004,72916.78,7e-05,72917.1,8e-05,72917.11,0.22962,72917.12,0.31002,72915.965,0.00999999999476131,0.0013714417678983347,-0.6941245254454183,1.7069300000000003,9.36739,-0.6917318625432533,0.0
2026-05-28 15:28:12.081821,72915.96,0.36203,72915.95,0.00102,72915.94,0.00014,72915.75,0.004,72915.56,8e-05,72915.18,8e-05,72915.17,0.00016,72915.04,7e-05,72915.0,7e-05,72914.6,7e-05,72915.97,8.75158,72915.98,0.00038,72915.99,0.00029,72916.0,8e-05,72916.01,0.07166,72916.35,0.004,72916.78,7e-05,72917.04,8e-05,72917.05,0.00016,72917.1,8e-05,72915.965,0.00999999999476131,0.0013714417678983347,-0.920551790124879,0.3677200000000001,8.82838,-0.9200269679538065,0.0
2026-05-28 15:28:12.584957,72915.96,3.34383,72915.95,0.00118,72915.94,0.00014,72915.75,0.004,72915.56,8e-05,72915.18,8e-05,72915.17,0.05927,72915.16,0.06213,72915.04,7e-05,72915.0,7e-05,72915.97,5.53418,72915.98,0.00078,72915.99,0.00021,72916.0,8e-05,72916.01,0.02091,72916.78,7e-05,72917.11,0.00016,72917.12,0.02502,72917.13,0.01698,72917.36,8e-05,72915.965,0.00999999999476131,0.0013714417678983347,-0.24671632494218862,3.4708500000000004,5.598469999999999,-0.2345953169587134,0.0
2026-05-28 15:28:13.281097,72915.96,0.5195,72915.95,0.00078,72915.94,0.00014,72915.75,0.004,72915.56,8e-05,72915.04,7e-05,72915.0,7e-05,72914.6,7e-05,72914.06,7e-05,72914.0,0.00863,72915.97,5.57884,72915.98,0.00038,72915.99,0.00021,72916.0,8e-05,72916.01,0.02091,72916.35,0.004,72916.76,8e-05,72916.77,0.06213,72917.1,8e-05,72917.11,0.14507,72915.965,0.00999999999476131,0.0013714417678983347,-0.8296257670120066,0.53341,5.811779999999997,-0.8318694948457019,0.0
2026-05-28 15:28:13.619198,72915.96,0.36104,72915.95,0.00094,72915.94,0.00014,72915.75,0.004,72915.56,8e-05,72915.04,7e-05,72915.0,7e-05,72914.06,7e-05,72914.0,0.00863,72913.92,8e-05,72915.97,5.56513,72915.98,0.00057,72915.99,0.00021,72916.0,8e-05,72916.01,0.02091,72916.35,0.004,72916.76,0.00016,72916.77,0.06213,72916.78,7e-05,72917.1,0.00016,72915.965,0.00999999999476131,0.0013714417678983347,-0.8781540185313618,0.3751200000000001,5.653419999999999,-0.8755519578538087,0.0
2026-05-28 15:28:14.082250,72915.96,0.36104,72915.95,0.00094,72915.94,0.00014,72915.75,0.004,72915.56,8e-05,72915.04,7e-05,72915.0,7e-05,72914.06,7e-05,72914.0,0.00863,72913.92,8e-05,72915.97,5.5413,72915.98,0.00057,72915.99,0.00021,72916.0,8e-05,72916.01,0.02091,72916.35,0.004,72916.76,0.00016,72916.77,0.06213,72916.78,7e-05,72917.1,0.00016,72915.965,0.00999999999476131,0.0013714417678983347,-0.8776620797853055,0.3751200000000001,5.6295899999999985,-0.875058079407665,0.0
2026-05-28 15:28:14.574491,72915.96,0.2265,72915.95,0.00086,72915.94,0.00014,72915.75,0.004,72915.56,8e-05,72915.04,7e-05,72915.0,7e-05,72914.06,7e-05,72914.0,0.00863,72913.92,8e-05,72915.97,5.5466,72915.98,0.00057,72915.99,0.00039,72916.0,8e-05,72916.01,0.02091,72916.35,0.004,72916.76,0.00016,72916.77,0.06213,72916.78,7e-05,72917.1,0.00016,72915.965,0.00999999999476131,0.0013714417678983347,-0.9215326254525299,0.24049999999999996,5.635069999999999,-0.918135602162854,0.0
2026-05-28 15:28:15.151507,72915.96,0.36824,72915.95,0.00086,72915.94,0.00014,72915.75,0.004,72915.56,8e-05,72915.04,7e-05,72915.0,7e-05,72914.06,7e-05,72914.0,0.00863,72913.92,8e-05,72915.97,5.53974,72915.98,0.00117,72915.99,0.00039,72916.0,8e-05,72916.01,0.02091,72916.35,0.004,72916.76,0.00016,72916.77,0.06213,72916.78,7e-05,72917.1,0.00016,72915.965,0.00999999999476131,0.0013714417678983347,-0.875341487276531,0.38224000000000014,5.62881,-0.8728208881975693,0.0
2026-05-28 15:28:15.607511,72915.96,0.36824,72915.95,0.00086,72915.94,0.00014,72915.75,0.004,72915.56,8e-05,72915.04,7e-05,72915.0,7e-05,72914.06,7e-05,72914.0,0.00863,72913.92,8e-05,72915.97,5.54188,72915.98,0.00117,72915.99,0.00039,72916.0,8e-05,72916.01,0.02091,72916.35,0.004,72916.76,0.00016,72916.77,0.06213,72916.78,7e-05,72917.1,0.00016,72915.965,0.00999999999476131,0.0013714417678983347,-0.8753866249754658,0.38224000000000014,5.6309499999999995,-0.8728661492485684,0.0
2026-05-28 15:28:16.115248,72915.96,0.36824,72915.95,0.00086,72915.94,0.00014,72915.75,0.004,72915.56,8e-05,72915.04,7e-05,72915.0,7e-05,72914.06,7e-05,72914.0,0.00863,72913.92,8e-05,72915.97,5.54016,72915.98,0.00117,72915.99,0.00039,72916.0,8e-05,72916.01,0.02091,72916.35,0.004,72916.76,0.00016,72916.77,0.06213,72916.78,7e-05,72917.1,0.00016,72915.965,0.00999999999476131,0.0013714417678983347,-0.8753503486561506,0.38224000000000014,5.62923,-0.8728297737491827,0.0
2026-05-28 15:28:16.687000,72915.96,0.11203,72915.95,0.00086,72915.94,0.00014,72915.75,0.004,72915.56,8e-05,72915.33,7e-05,72915.04,7e-05,72915.0,7e-05,72914.06,7e-05,72914.0,0.00863,72915.97,7.135,72915.98,0.00117,72915.99,0.00039,72916.0,8e-05,72916.01,0.02091,72916.35,0.004,72916.76,8e-05,72916.77,0.06213,72916.78,7e-05,72917.1,8e-05,72915.965,0.00999999999476131,0.0013714417678983347,-0.9690825069028278,0.12602000000000002,7.223909999999998,-0.965708516951862,0.0
2026-05-28 15:28:17.154385,72915.96,0.21234,72915.95,0.00086,72915.94,0.00014,72915.75,0.004,72915.56,8e-05,72915.33,7e-05,72915.04,7e-05,72915.0,7e-05,72914.06,7e-05,72914.0,0.00863,72915.97,5.54084,72915.98,0.00117,72915.99,0.00039,72916.0,8e-05,72916.01,0.02091,72916.35,0.004,72916.76,0.00016,72916.77,0.06213,72916.78,7e-05,72917.1,0.00016,72915.965,0.00999999999476131,0.0013714417678983347,-0.9261834324669139,0.22632999999999995,5.62991,-0.9227046705736104,0.0
2026-05-28 15:28:17.645294,72915.96,0.21234,72915.95,0.00086,72915.94,0.00014,72915.75,0.004,72915.56,8e-05,72915.04,7e-05,72915.0,7e-05,72914.06,7e-05,72914.0,0.00863,72913.93,0.00783,72915.97,5.54084,72915.98,0.00117,72915.99,0.00039,72916.0,8e-05,72916.01,0.02091,72916.35,0.004,72916.76,0.00016,72916.77,0.06213,72916.78,7e-05,72917.1,0.00016,72915.965,0.00999999999476131,0.0013714417678983347,-0.9261834324669139,0.23408999999999996,5.62991,-0.9201603001364256,0.0
2026-05-28 15:28:18.119249,72915.96,0.2084,72915.95,0.00086,72915.94,0.00014,72915.75,0.004,72915.56,8e-05,72915.04,7e-05,72915.0,7e-05,72914.06,7e-05,72914.0,0.00863,72913.93,0.00783,72915.97,5.54084,72915.98,0.00117,72915.99,0.00039,72916.0,8e-05,72916.01,0.02091,72916.35,0.004,72916.76,0.00016,72916.77,0.06213,72916.78,7e-05,72917.1,0.00016,72915.965,0.00999999999476131,0.0013714417678983347,-0.9275034613270623,0.23014999999999997,5.62991,-0.9214513161981276,0.0
2026-05-28 15:28:19.473068,72915.96,0.27468,72915.95,0.00086,72915.94,0.00014,72915.75,0.004,72915.56,8e-05,72915.04,7e-05,72915.0,0.00153,72914.6,7e-05,72914.06,7e-05,72914.0,0.00863,72915.97,5.43771,72915.98,0.00117,72915.99,0.00039,72916.0,8e-05,72916.01,0.02091,72916.35,0.004,72916.77,0.06213,72916.78,7e-05,72917.11,8e-05,72917.12,0.16019,72915.965,0.00999999999476131,0.0013714417678983347,-0.9038300956342267,0.29013000000000005,5.686729999999999,-0.9029155777448358,0.0
2026-05-28 15:28:19.699958,72910.0,0.20929,72909.99,0.00064,72909.95,0.0043,72909.9,8e-05,72908.66,0.00205,72908.48,7e-05,72908.22,8e-05,72908.0,0.00856,72907.6,0.00023,72907.56,7e-05,72910.01,6.78388,72910.02,0.38774,72910.03,0.00014,72910.81,0.05791,72910.82,0.06198,72910.86,0.004,72911.3,7e-05,72911.62,0.06198,72911.82,0.13715,72912.03,0.03407,72910.005,0.00999999999476131,0.0013715538758722224,-0.9401444552327485,0.22537,7.528919999999999,-0.9418721765629091,-8.173792940946445e-05
2026-05-28 15:28:19.879669,72910.0,0.11649,72909.99,0.00086,72909.95,0.0043,72909.9,8e-05,72908.66,0.00205,72908.48,7e-05,72908.22,8e-05,72908.0,0.00856,72907.6,7e-05,72907.56,7e-05,72910.01,5.45924,72910.02,0.38363,72910.03,0.00014,72910.81,0.00024,72910.82,0.06221,72910.86,0.004,72911.3,0.004,72911.6,8e-05,72911.61,0.08939,72911.62,0.06228,72910.005,0.00999999999476131,0.0013715538758722224,-0.9582153368258507,0.13262999999999997,6.0652099999999995,-0.9572012184890221,0.0
2026-05-28 15:28:20.232485,72910.0,0.26073,72909.99,0.0011,72909.95,0.0043,72909.9,8e-05,72908.66,0.00205,72908.48,7e-05,72908.41,8e-05,72908.4,0.06207,72908.22,8e-05,72908.03,7e-05,72910.01,6.03224,72910.02,0.13017,72910.03,0.00014,72910.82,0.00014,72910.86,0.004,72911.3,0.004,72911.5,8e-05,72911.51,0.09945,72911.52,0.09991,72911.59,8e-05,72910.005,0.00999999999476131,0.0013715538758722224,-0.9171361058450939,0.33063000000000015,6.370209999999998,-0.9013168498277827,0.0
2026-05-28 15:28:21.768941,72906.49,1.18232,72906.48,0.00086,72906.47,0.00014,72906.4,8e-05,72906.2,7e-05,72906.0,0.00856,72905.75,0.003,72905.7,8e-05,72905.69,0.06221,72905.3,0.00042,72906.5,5.22358,72906.51,0.00038,72906.52,0.00014,72907.2,0.004,72907.3,0.00021,72907.56,7e-05,72907.79,8e-05,72907.8,0.04887,72907.81,7e-05,72908.0,0.00016,72906.495,0.00999999999476131,0.0013716199077683422,-0.6308652960551991,1.2577400000000003,5.277559999999999,-0.6150934157575015,-4.814154106846935e-05
2026-05-28 15:28:22.001098,72906.49,0.55125,72906.48,0.00086,72906.47,0.00014,72906.4,8e-05,72906.2,7e-05,72906.0,0.00856,72905.75,0.003,72905.7,8e-05,72905.69,0.06221,72905.3,0.00042,72906.5,5.22358,72906.51,0.00038,72906.52,0.00014,72907.2,0.004,72907.29,8e-05,72907.3,0.06212,72907.56,7e-05,72907.79,8e-05,72907.8,0.0796,72907.81,7e-05,72906.495,0.00999999999476131,0.0013716199077683422,-0.8090852890907613,0.62667,5.370119999999999,-0.7909981840284552,0.0
2026-05-28 15:28:22.232986,72906.49,0.5511,72906.48,0.00078,72906.47,0.00014,72906.4,8e-05,72906.2,7e-05,72906.0,0.00856,72905.75,0.003,72905.3,0.00042,72905.2,7e-05,72905.11,7e-05,72906.5,5.28467,72906.51,0.00038,72906.52,0.00014,72907.2,0.004,72907.29,8e-05,72907.3,0.06228,72907.56,7e-05,72907.79,0.00016,72907.8,0.0796,72907.81,7e-05,72906.495,0.00999999999476131,0.0013716199077683422,-0.8111303221340115,0.5642900000000001,5.43145,-0.8117696898131007,0.0
2026-05-28 15:28:22.390763,72906.49,0.39144,72906.48,0.00078,72906.47,0.00014,72906.4,8e-05,72906.2,7e-05,72906.0,0.00856,72905.75,0.003,72905.3,0.00042,72905.2,7e-05,72905.11,7e-05,72906.5,5.29153,72906.51,0.00038,72906.52,0.00014,72907.2,0.004,72907.29,8e-05,72907.3,0.06228,72907.56,7e-05,72907.79,0.00016,72907.8,0.0796,72907.81,7e-05,72906.495,0.00999999999476131,0.0013716199077683422,-0.8622410464950544,0.40463000000000005,5.4383099999999995,-0.8614978076105522,0.0
2026-05-28 15:28:22.579633,72906.49,0.73118,72906.48,0.00078,72906.47,0.00014,72906.4,8e-05,72906.2,7e-05,72906.0,0.00856,72905.75,0.003,72905.7,8e-05,72905.69,0.06207,72905.3,0.00042,72906.5,5.22358,72906.51,0.00038,72906.52,0.00014,72907.2,0.004,72907.29,8e-05,72907.3,0.06228,72907.56,7e-05,72907.79,0.00016,72907.8,0.0796,72907.81,7e-05,72906.495,0.00999999999476131,0.0013716199077683422,-0.7544216727458369,0.80638,5.37036,-0.7388978652169268,0.0
2026-05-28 15:28:23.076855,72906.49,0.73086,72906.48,0.00086,72906.47,0.00014,72906.4,8e-05,72906.2,7e-05,72906.0,0.00856,72905.75,0.003,72905.7,8e-05,72905.69,0.06207,72905.3,0.00042,72906.5,5.22888,72906.51,0.00086,72906.52,0.00014,72907.2,0.004,72907.29,0.00015,72907.3,0.06228,72907.56,7e-05,72907.79,0.00016,72907.8,0.0796,72907.81,7e-05,72906.495,0.00999999999476131,0.0013716199077683422,-0.7547342669311078,0.8061399999999999,5.37621,-0.739212435400778,0.0
2026-05-28 15:28:23.625556,72906.49,0.73086,72906.48,0.00086,72906.47,0.00014,72906.4,8e-05,72906.2,7e-05,72906.0,0.00856,72905.75,0.003,72905.7,8e-05,72905.69,0.06207,72905.3,0.00042,72906.5,5.56659,72906.51,0.00105,72906.52,0.00014,72907.2,0.004,72907.29,7e-05,72907.3,0.00021,72907.56,7e-05,72907.79,0.00016,72907.8,0.0796,72907.81,7e-05,72906.495,0.00999999999476131,0.0013716199077683422,-0.7678870018817141,0.8061399999999999,5.65196,-0.7503476254625974,0.0
2026-05-28 15:28:24.169174,72906.49,0.39126,72906.48,0.00086,72906.47,0.00014,72906.4,8e-05,72906.2,7e-05,72906.0,0.00856,72905.75,0.003,72905.7,8e-05,72905.69,0.06207,72905.3,0.00042,72906.5,7.13489,72906.51,0.00057,72906.52,0.00014,72907.2,0.004,72907.29,7e-05,72907.3,0.00021,72907.56,7e-05,72907.79,0.00016,72907.8,0.07967,72907.81,7e-05,72906.495,0.00999999999476131,0.0013716199077683422,-0.8960265208639211,0.46654000000000007,7.21985,-0.8786062117587059,0.0
2026-05-28 15:28:24.773046,72906.49,0.39126,72906.48,0.00086,72906.47,0.00014,72906.4,8e-05,72906.2,7e-05,72906.0,0.00856,72905.75,0.003,72905.7,8e-05,72905.69,0.06214,72905.3,0.00042,72906.5,7.13489,72906.51,0.00057,72906.52,0.00032,72907.2,0.004,72907.29,7e-05,72907.3,0.00021,72907.56,7e-05,72907.79,0.00016,72907.8,0.07967,72907.81,7e-05,72906.495,0.00999999999476131,0.0013716199077683422,-0.8960265208639211,0.4666100000000001,7.22003,-0.8785919465462152,0.0
2026-05-28 15:28:25.205118,72906.49,2.98296,72906.48,0.0007,72906.47,0.00014,72906.4,8e-05,72906.2,7e-05,72906.0,0.00856,72905.75,0.003,72905.7,8e-05,72905.69,0.06214,72905.3,0.00042,72906.5,4.34957,72906.51,0.00089,72906.52,0.00032,72907.29,7e-05,72907.3,0.00014,72907.56,7e-05,72907.81,7e-05,72907.96,0.00819,72908.0,0.00016,72908.01,0.1585,72906.495,0.00999999999476131,0.0013716199077683422,-0.1863763257702321,3.0581500000000004,4.5179800000000006,-0.1926880874536208,0.0
2026-05-28 15:28:25.857261,72906.49,2.98304,72906.48,0.00078,72906.47,0.00014,72906.4,8e-05,72906.2,7e-05,72906.0,0.00856,72905.75,0.003,72905.7,8e-05,72905.69,0.06214,72905.3,0.00042,72906.5,4.33723,72906.51,0.00089,72906.52,0.00032,72907.3,0.00014,72907.56,7e-05,72907.81,7e-05,72907.96,0.00819,72908.0,0.00016,72908.01,0.1585,72908.1,7e-05,72906.495,0.00999999999476131,0.0013716199077683422,-0.18499181041136462,3.05831,4.5056400000000005,-0.191345791550711,0.0
2026-05-28 15:28:26.093012,72906.49,2.54166,72906.48,0.00078,72906.47,0.00014,72906.4,8e-05,72906.2,7e-05,72906.0,0.00856,72905.75,0.003,72905.7,8e-05,72905.69,0.06214,72905.3,0.00042,72906.5,4.33649,72906.51,0.00089,72906.52,0.00032,72907.3,0.00014,72907.56,7e-05,72907.81,7e-05,72907.96,0.00819,72908.0,0.00016,72908.01,0.1585,72908.1,7e-05,72906.495,0.00999999999476131,0.0013716199077683422,-0.2609466208210057,2.61693,4.504900000000001,-0.26509619016460667,0.0
2026-05-28 15:28:26.623758,72906.49,1.17094,72906.48,0.00078,72906.47,0.00014,72906.4,8e-05,72906.2,7e-05,72906.0,0.00856,72905.75,0.003,72905.7,8e-05,72905.69,0.06214,72905.3,0.00042,72906.5,4.3391,72906.51,0.00137,72906.52,0.00032,72907.2,0.004,72907.29,0.00015,72907.3,0.06221,72907.56,7e-05,72907.81,7e-05,72907.96,0.00819,72907.99,8e-05,72906.495,0.00999999999476131,0.0013716199077683422,-0.5749794919819095,1.2462100000000003,4.415559999999999,-0.5597807752699242,0.0
2026-05-28 15:28:27.676131,72906.49,2.36781,72906.48,0.00078,72906.47,0.00014,72906.4,8e-05,72906.2,7e-05,72906.0,0.00856,72905.75,0.003,72905.7,8e-05,72905.69,0.06214,72905.3,0.00042,72906.5,4.33657,72906.51,0.00105,72906.52,0.00032,72907.2,0.004,72907.29,0.00015,72907.3,0.00014,72907.56,7e-05,72907.81,7e-05,72907.96,0.00819,72908.0,0.00016,72906.495,0.00999999999476131,0.0013716199077683422,-0.2936528060760279,2.44308,4.35072,-0.28079130972357147,0.0
2026-05-28 15:28:27.889013,72906.49,2.36781,72906.48,0.00078,72906.47,0.00014,72906.4,8e-05,72906.2,7e-05,72906.0,0.00856,72905.75,0.003,72905.7,8e-05,72905.69,0.06214,72905.3,0.00042,72906.5,4.33596,72906.51,0.00105,72906.52,0.00032,72907.2,0.004,72907.29,0.00015,72907.3,0.00014,72907.56,7e-05,72907.81,7e-05,72907.96,0.00819,72908.0,0.00016,72906.495,0.00999999999476131,0.0013716199077683422,-0.29358853301948007,2.44308,4.35011,-0.2807267277965138,0.0
2026-05-28 15:28:28.102939,72906.49,2.36781,72906.48,0.00078,72906.47,0.00014,72906.4,8e-05,72906.2,7e-05,72906.0,0.00856,72905.75,0.003,72905.7,8e-05,72905.69,0.06214,72905.3,0.00042,72906.5,4.33596,72906.51,0.00097,72906.52,0.00032,72907.2,0.004,72907.29,0.00015,72907.3,0.00014,72907.56,7e-05,72907.81,7e-05,72907.96,0.00819,72908.0,0.00016,72906.495,0.00999999999476131,0.0013716199077683422,-0.29358853301948007,2.44308,4.350029999999999,-0.28071825717528487,0.0
2026-05-28 15:28:28.674166,72906.49,2.81328,72906.48,0.0007,72906.47,0.00014,72906.4,8e-05,72906.2,7e-05,72906.0,0.00856,72905.75,0.003,72905.7,8e-05,72905.69,0.06214,72905.3,0.00042,72906.5,4.33596,72906.51,0.00089,72906.52,0.00032,72907.29,7e-05,72907.3,0.00014,72907.56,7e-05,72907.81,7e-05,72907.96,0.00819,72908.0,0.00016,72908.01,0.1585,72906.495,0.00999999999476131,0.0013716199077683422,-0.21298487671416827,2.8884700000000003,4.504370000000001,-0.2185763522543434,0.0
2026-05-28 15:28:29.095956,72906.49,2.36773,72906.48,0.0007,72906.47,0.00014,72906.4,8e-05,72906.2,7e-05,72906.0,0.00856,72905.75,0.003,72905.7,8e-05,72905.69,0.06214,72905.3,0.00042,72906.5,4.32984,72906.51,0.00089,72906.52,0.00032,72907.3,0.00014,72907.56,7e-05,72907.81,7e-05,72907.96,0.00819,72908.0,0.00016,72908.01,0.1585,72908.1,7e-05,72906.495,0.00999999999476131,0.0013716199077683422,-0.29295849091536186,2.4429200000000004,4.4982500000000005,-0.29610714043885966,0.0
2026-05-28 15:28:29.583635,72906.49,2.80085,72906.48,0.0007,72906.47,0.00014,72906.4,8e-05,72906.2,7e-05,72906.0,0.00856,72905.75,0.003,72905.7,8e-05,72905.69,0.06214,72905.3,0.00042,72906.5,4.32984,72906.51,0.00089,72906.52,0.00032,72907.3,0.00014,72907.56,7e-05,72907.81,7e-05,72907.96,0.00819,72908.0,0.00016,72908.01,0.1585,72908.1,7e-05,72906.495,0.00999999999476131,0.0013716199077683422,-0.21442384958538374,2.8760400000000006,4.4982500000000005,-0.21998185588036268,0.0
2026-05-28 15:28:30.107706,72906.49,2.09534,72906.48,0.0007,72906.47,0.00014,72906.4,8e-05,72906.2,7e-05,72906.0,0.00856,72905.75,0.003,72905.7,8e-05,72905.69,0.06214,72905.3,0.00042,72906.5,4.33482,72906.51,0.00089,72906.52,0.00032,72907.3,0.00014,72907.56,7e-05,72907.81,7e-05,72907.96,0.00819,72908.0,0.00016,72908.01,0.1585,72908.1,7e-05,72906.495,0.00999999999476131,0.0013716199077683422,-0.3482774923174539,2.1705300000000007,4.50323,-0.3495330967850206,0.0
2026-05-28 15:28:30.585947,72906.49,1.2945,72906.48,0.0007,72906.47,0.00014,72906.4,8e-05,72906.2,7e-05,72906.0,0.00856,72905.75,0.003,72905.7,8e-05,72905.69,0.06214,72905.3,0.00042,72906.5,4.33689,72906.51,0.00097,72906.52,0.00032,72907.29,8e-05,72907.3,0.06205,72907.56,7e-05,72907.81,7e-05,72907.96,0.00819,72907.99,8e-05,72908.0,0.06207,72906.495,0.00999999999476131,0.0013716199077683422,-0.5402556029683613,1.36969,4.47079,-0.5309666328794893,0.0
2026-05-28 15:28:31.113510,72906.49,2.81411,72906.48,0.0007,72906.47,0.00014,72906.4,8e-05,72906.2,7e-05,72906.0,0.00856,72905.75,0.003,72905.7,8e-05,72905.69,0.06214,72905.3,0.00042,72906.5,4.33175,72906.51,0.00089,72906.52,0.00032,72907.3,0.00014,72907.56,7e-05,72907.81,7e-05,72907.96,0.00819,72908.0,0.00016,72908.01,0.1585,72908.1,7e-05,72906.495,0.00999999999476131,0.0013716199077683422,-0.21238031531544144,2.8893000000000004,4.500160000000001,-0.2179942783369827,0.0
2026-05-28 15:28:31.610941,72906.49,2.81248,72906.48,0.00078,72906.47,0.00014,72906.4,8e-05,72906.2,7e-05,72906.0,0.00856,72905.75,0.003,72905.7,8e-05,72905.69,0.06214,72905.37,0.004,72906.5,4.21875,72906.51,0.00089,72906.52,0.00032,72907.3,0.00014,72907.56,7e-05,72907.81,7e-05,72907.96,0.00819,72908.0,0.00016,72908.01,0.1585,72908.1,7e-05,72906.495,0.00999999999476131,0.0013716199077683422,-0.20000341334304242,2.89133,4.387160000000001,-0.20551378101776613,0.0
2026-05-28 15:28:32.087264,72906.49,2.81248,72906.48,0.00078,72906.47,0.00014,72906.4,8e-05,72906.2,7e-05,72906.0,0.00856,72905.75,0.003,72905.7,8e-05,72905.69,0.06214,72905.37,0.004,72906.5,4.21848,72906.51,0.00089,72906.52,0.00032,72907.3,0.00014,72907.56,7e-05,72907.81,7e-05,72907.96,0.00819,72908.0,0.00016,72908.01,0.1585,72908.1,7e-05,72906.495,0.00999999999476131,0.0013716199077683422,-0.19997269220703856,2.89133,4.38689,-0.20548430797640085,0.0
2026-05-28 15:28:32.593223,72906.49,2.81248,72906.48,0.00078,72906.47,0.00014,72906.4,8e-05,72906.2,7e-05,72906.0,0.00856,72905.75,0.003,72905.7,8e-05,72905.69,0.06214,72905.37,0.004,72906.5,4.21848,72906.51,0.00089,72906.52,0.00032,72907.3,0.00014,72907.56,7e-05,72907.81,7e-05,72907.96,0.00819,72908.0,0.00016,72908.01,0.1585,72908.1,7e-05,72906.495,0.00999999999476131,0.0013716199077683422,-0.19997269220703856,2.89133,4.38689,-0.20548430797640085,0.0
2026-05-28 15:28:33.077989,72906.49,2.81104,72906.48,0.00078,72906.47,0.00014,72906.4,8e-05,72906.2,7e-05,72906.0,0.00856,72905.75,0.003,72905.7,8e-05,72905.69,0.06214,72905.37,0.004,72906.5,4.21848,72906.51,0.00089,72906.52,0.00032,72907.3,0.00014,72907.56,7e-05,72907.81,7e-05,72907.96,0.00819,72908.0,0.00016,72908.01,0.1585,72908.1,7e-05,72906.495,0.00999999999476131,0.0013716199077683422,-0.20021850709579023,2.8898900000000003,4.38689,-0.20572286093574352,0.0
2026-05-28 15:28:33.673791,72906.49,2.561,72906.48,0.00078,72906.47,0.00014,72906.4,8e-05,72906.2,7e-05,72906.0,0.00856,72905.75,0.003,72905.7,8e-05,72905.69,0.06214,72905.37,0.004,72906.5,4.21848,72906.51,0.00089,72906.52,0.00032,72907.3,0.00014,72907.56,7e-05,72907.81,7e-05,72907.96,0.00819,72908.0,0.00016,72908.01,0.1585,72908.1,7e-05,72906.495,0.00999999999476131,0.0013716199077683422,-0.24448482774490074,2.63985,4.38689,-0.24862738624169958,0.0
2026-05-28 15:28:34.241352,72906.49,2.55355,72906.48,0.00078,72906.47,0.00014,72906.4,8e-05,72906.2,7e-05,72906.0,0.00856,72905.75,0.003,72905.7,8e-05,72905.69,0.06214,72905.37,0.004,72906.5,4.21348,72906.51,0.00089,72906.52,0.00032,72907.3,0.00014,72907.56,7e-05,72907.81,7e-05,72907.96,0.00819,72908.0,0.00016,72908.01,0.1585,72908.1,7e-05,72906.495,0.00999999999476131,0.0013716199077683422,-0.24529668111416672,2.6324,4.38189,-0.24941797387903836,0.0
2026-05-28 15:28:34.604483,72906.49,3.2561,72906.48,0.00078,72906.47,0.00014,72906.4,8e-05,72906.2,7e-05,72906.0,0.00856,72905.75,0.003,72905.7,8e-05,72905.69,0.06214,72905.37,0.004,72906.5,4.21303,72906.51,0.00089,72906.52,0.00032,72907.3,0.00014,72907.56,7e-05,72907.81,7e-05,72907.96,0.00819,72908.0,0.00016,72908.01,0.1585,72908.1,7e-05,72906.495,0.00999999999476131,0.0013716199077683422,-0.1281180003561325,3.33495,4.3814400000000004,-0.13561911722968906,0.0
2026-05-28 15:28:35.220750,72906.49,1.27054,72906.48,0.0007,72906.47,0.00014,72906.4,8e-05,72906.2,7e-05,72906.0,0.00856,72905.75,0.003,72905.3,0.00042,72905.2,7e-05,72905.11,7e-05,72906.5,4.37553,72906.51,0.00121,72906.52,0.00032,72907.2,0.004,72907.29,8e-05,72907.3,0.06219,72907.56,7e-05,72907.81,7e-05,72907.94,8e-05,72907.95,0.08797,72906.495,0.00999999999476131,0.0013716199077683422,-0.5499382756501425,1.28365,4.53152,-0.5585167759498003,0.0
2026-05-28 15:28:35.595954,72906.49,1.61036,72906.48,0.0007,72906.47,0.00014,72906.4,8e-05,72906.2,7e-05,72906.0,0.00856,72905.75,0.003,72905.3,0.00042,72905.2,7e-05,72905.11,7e-05,72906.5,4.36867,72906.51,0.00121,72906.52,0.00032,72907.2,0.004,72907.29,0.00015,72907.3,0.06219,72907.56,7e-05,72907.81,7e-05,72907.94,0.00016,72907.95,0.08813,72906.495,0.00999999999476131,0.0013716199077683422,-0.46133068407417255,1.62347,4.52497,-0.4719083214604029,0.0
2026-05-28 15:28:36.128370,72906.49,3.04233,72906.48,0.0007,72906.47,0.00014,72906.4,8e-05,72906.2,7e-05,72906.0,0.00856,72905.75,0.00378,72905.7,8e-05,72905.69,0.06138,72905.3,0.00042,72906.5,4.22566,72906.51,0.00097,72906.52,0.00032,72907.2,0.004,72907.29,7e-05,72907.3,0.00014,72907.56,7e-05,72907.81,7e-05,72907.94,8e-05,72907.96,0.00819,72906.495,0.00999999999476131,0.0013716199077683422,-0.1628139279223004,3.117540000000001,4.23957,-0.15250961314972844,0.0
2026-05-28 15:28:36.817267,72906.49,3.04476,72906.48,0.0003,72906.47,0.00014,72906.4,8e-05,72906.2,7e-05,72906.0,0.00856,72905.75,0.00378,72905.7,8e-05,72905.69,0.06145,72905.37,0.004,72906.5,3.33686,72906.51,0.00121,72906.52,0.00032,72907.3,0.00014,72907.56,7e-05,72907.81,7e-05,72907.96,0.00819,72908.0,0.00016,72908.01,0.1585,72908.1,7e-05,72906.495,0.00999999999476131,0.0013716199077683422,-0.0457720766827232,3.1232200000000003,3.50559,-0.057683053217696664,0.0
2026-05-28 15:28:37.087159,72906.49,3.01733,72906.48,0.0003,72906.47,0.00014,72906.4,8e-05,72906.2,7e-05,72906.0,0.00856,72905.75,0.00378,72905.7,8e-05,72905.69,0.06145,72905.37,0.004,72906.5,3.33686,72906.51,0.00121,72906.52,0.00032,72907.3,0.00014,72907.56,7e-05,72907.81,7e-05,72907.96,0.00819,72908.0,0.00016,72908.01,0.1585,72908.1,7e-05,72906.495,0.00999999999476131,0.0013716199077683422,-0.05028650386595307,3.09579,3.50559,-0.062077929160266505,0.0
2026-05-28 15:28:37.818423,72906.49,3.01933,72906.48,0.0003,72906.47,0.00014,72906.4,8e-05,72906.2,7e-05,72906.0,0.00856,72905.75,0.00378,72905.7,8e-05,72905.69,0.06145,72905.37,0.004,72906.5,3.33694,72906.51,0.00121,72906.52,0.00032,72907.3,0.00014,72907.56,7e-05,72907.81,7e-05,72907.96,0.00819,72908.0,0.00016,72908.01,0.1585,72908.1,7e-05,72906.495,0.00999999999476131,0.0013716199077683422,-0.049967984368190735,3.0977900000000003,3.50567,-0.0617676187937838,0.0
2026-05-28 15:28:38.076961,72906.49,3.01933,72906.48,0.0003,72906.47,0.00014,72906.4,8e-05,72906.2,7e-05,72906.0,0.00856,72905.75,0.00378,72905.7,8e-05,72905.69,0.06145,72905.37,0.004,72906.5,3.33694,72906.51,0.00121,72906.52,0.00032,72907.3,0.00014,72907.56,7e-05,72907.81,7e-05,72907.96,0.00819,72908.0,0.00016,72908.01,0.1585,72908.1,7e-05,72906.495,0.00999999999476131,0.0013716199077683422,-0.049967984368190735,3.0977900000000003,3.50567,-0.0617676187937838,0.0
2026-05-28 15:28:38.572829,72906.49,3.01837,72906.48,0.0003,72906.47,0.00014,72906.4,8e-05,72906.2,7e-05,72906.0,0.00856,72905.75,0.00378,72905.7,8e-05,72905.69,0.06145,72905.37,0.004,72906.5,3.33686,72906.51,0.00113,72906.52,0.00032,72907.3,0.00014,72907.56,7e-05,72907.81,7e-05,72907.96,0.00819,72908.0,0.00016,72908.01,0.1585,72908.1,7e-05,72906.495,0.00999999999476131,0.0013716199077683422,-0.050114629997655494,3.09683,3.50551,-0.0618992660178058,0.0
2026-05-28 15:28:39.162940,72906.49,3.76249,72906.48,0.0003,72906.47,0.00014,72906.4,8e-05,72906.2,7e-05,72906.0,0.00856,72905.75,0.00378,72905.7,8e-05,72905.69,0.06145,72905.37,0.004,72906.5,3.33686,72906.51,0.00113,72906.52,0.00032,72907.3,0.00014,72907.56,7e-05,72907.81,7e-05,72907.96,0.00819,72908.0,0.00016,72908.01,0.1585,72908.1,7e-05,72906.495,0.00999999999476131,0.0013716199077683422,0.059953376013296984,3.8409500000000003,3.50551,0.04566008662675631,0.0
2026-05-28 15:28:39.607824,72906.49,3.01916,72906.48,0.0007,72906.47,0.00014,72906.4,8e-05,72906.2,7e-05,72906.0,0.00856,72905.75,0.00378,72905.7,8e-05,72905.69,0.06145,72905.37,0.004,72906.5,3.33686,72906.51,0.00113,72906.52,0.00032,72907.3,0.00014,72907.56,7e-05,72907.81,7e-05,72907.96,0.00819,72908.0,0.00016,72908.01,0.1585,72908.1,7e-05,72906.495,0.00999999999476131,0.0013716199077683422,-0.049984109552833424,3.09802,3.50551,-0.06170790471157095,0.0
2026-05-28 15:28:40.173365,72906.49,3.01916,72906.48,0.0007,72906.47,0.00014,72906.4,8e-05,72906.2,7e-05,72906.0,0.00856,72905.75,0.00378,72905.7,8e-05,72905.69,0.06145,72905.37,0.004,72906.5,3.33686,72906.51,0.00113,72906.52,0.00032,72907.3,0.00014,72907.56,7e-05,72907.81,7e-05,72907.96,0.00819,72908.0,0.00016,72908.01,0.1585,72908.1,7e-05,72906.495,0.00999999999476131,0.0013716199077683422,-0.049984109552833424,3.09802,3.50551,-0.06170790471157095,0.0
2026-05-28 15:28:40.651414,72906.49,3.01836,72906.48,0.00078,72906.47,0.00014,72906.4,8e-05,72906.2,7e-05,72906.0,0.00856,72905.75,0.00378,72905.7,8e-05,72905.69,0.06145,72905.37,0.004,72906.5,3.33686,72906.51,0.00113,72906.52,0.00032,72907.3,0.00014,72907.56,7e-05,72907.81,7e-05,72907.96,0.00819,72908.0,0.00016,72908.01,0.1585,72908.1,7e-05,72906.495,0.00999999999476131,0.0013716199077683422,-0.05011628236315977,3.0972999999999997,3.50551,-0.0618236781006875,0.0
2026-05-28 15:28:41.096088,72906.49,3.01836,72906.48,0.00078,72906.47,0.00014,72906.4,8e-05,72906.2,7e-05,72906.0,0.00856,72905.75,0.00378,72905.7,8e-05,72905.69,0.06145,72905.37,0.004,72906.5,3.33686,72906.51,0.00113,72906.52,0.00032,72907.3,0.00014,72907.56,7e-05,72907.81,7e-05,72907.96,0.00819,72908.0,0.00016,72908.01,0.1585,72908.1,7e-05,72906.495,0.00999999999476131,0.0013716199077683422,-0.05011628236315977,3.0972999999999997,3.50551,-0.0618236781006875,0.0
2026-05-28 15:28:41.591120,72906.49,3.01774,72906.48,0.00078,72906.47,0.00014,72906.4,8e-05,72906.2,7e-05,72906.0,0.00856,72905.75,0.00378,72905.7,8e-05,72905.69,0.06145,72905.37,0.004,72906.5,3.33009,72906.51,0.00113,72906.52,0.00032,72907.3,0.00014,72907.56,7e-05,72907.81,7e-05,72907.96,0.00803,72908.0,0.00016,72908.01,0.1585,72908.1,7e-05,72906.495,0.00999999999476131,0.0013716199077683422,-0.049205791585471,3.0966799999999997,3.4985800000000005,-0.06093770374481079,0.0
2026-05-28 15:28:42.160514,72906.49,3.07365,72906.48,0.00054,72906.47,0.00014,72906.4,8e-05,72906.2,7e-05,72906.0,0.00856,72905.75,0.00378,72905.69,0.06145,72905.37,0.004,72905.3,0.00042,72906.5,2.93263,72906.51,0.00113,72906.52,0.00032,72907.3,0.00014,72907.56,7e-05,72907.81,7e-05,72907.96,0.00819,72908.0,8e-05,72908.01,0.01323,72908.1,7e-05,72906.495,0.00999999999476131,0.0013716199077683422,0.02347875889901905,3.15269,2.95593,0.032210220966437636,0.0
2026-05-28 15:28:43.024166,72916.17,7.80591,72916.16,0.0007,72916.15,0.00014,72916.01,0.15421,72915.37,0.10459,72915.36,0.06265,72915.31,0.06135,72915.04,7e-05,72914.81,8e-05,72914.8,0.09737,72916.18,0.14161,72916.19,0.00072,72916.89,8e-05,72917.09,0.07914,72917.12,0.00028,72917.13,0.01691,72917.31,0.003,72917.48,0.00016,72917.54,0.00011,72918.0,0.0014,72916.17499999999,0.00999999999476131,0.0013714378181194106,0.964363726042841,8.287069999999998,0.24341000000000004,0.9429316990368652,0.00013277280714141249
2026-05-28 15:28:43.221334,72917.11,7.90476,72917.1,0.21873,72917.09,0.00354,72917.08,0.00015,72916.35,0.004,72916.34,8e-05,72916.32,0.06111,72916.18,8e-05,72916.17,0.68862,72916.01,0.15436,72917.12,0.27762,72917.13,0.00072,72917.31,0.003,72918.0,0.0014,72918.01,0.00716,72918.48,8e-05,72918.78,7e-05,72919.06,0.00016,72919.07,0.02745,72919.23,8e-05,72917.11499999999,0.00999999999476131,0.001371420138435443,0.9321419929164864,9.03543,0.31774,0.9320572597311926,1.2891515497104322e-05
2026-05-28 15:28:44.285334,72924.0,3.03232,72923.99,0.0003,72923.98,0.00014,72923.67,0.004,72923.44,8e-05,72923.43,0.10208,72923.35,8e-05,72923.34,8e-05,72923.33,0.47461,72922.93,7e-05,72924.01,1.88379,72924.02,0.00088,72924.06,8e-05,72924.07,7e-05,72924.61,0.00434,72924.8,0.00553,72925.15,8e-05,72925.34,8e-05,72925.35,0.07937,72926.0,0.0014,72924.005,0.00999999999476131,0.0013712905640277586,0.2336257732231378,3.61376,1.9756200000000004,0.29308080681578275,9.44908475879469e-05
2026-05-28 15:28:44.480880,72924.0,3.03219,72923.99,0.0003,72923.98,0.00014,72923.67,0.004,72923.44,8e-05,72923.43,0.10208,72923.35,8e-05,72923.34,8e-05,72923.33,0.47461,72922.93,7e-05,72924.01,1.92861,72924.02,0.00088,72924.06,8e-05,72924.07,7e-05,72924.61,0.00434,72924.8,0.00553,72924.81,7e-05,72925.15,8e-05,72925.34,8e-05,72925.35,0.07937,72924.005,0.00999999999476131,0.0013712905640277586,0.2224600870827286,3.6136300000000006,2.0191100000000004,0.2830807031746539,0.0
2026-05-28 15:28:44.647744,72924.0,3.03219,72923.99,0.0003,72923.98,0.00014,72923.67,0.004,72923.44,8e-05,72923.43,0.10208,72923.35,8e-05,72923.34,8e-05,72923.33,0.47461,72922.93,7e-05,72924.01,1.60729,72924.02,0.0008,72924.07,7e-05,72924.61,0.00434,72924.8,0.00553,72924.81,7e-05,72925.34,0.00016,72925.35,0.07937,72926.0,0.0014,72926.01,0.00716,72924.005,0.00999999999476131,0.0013712905640277586,0.3071249364152879,3.6136300000000006,1.70619,0.358553484892346,0.0
2026-05-28 15:28:45.267646,72924.0,3.0679,72923.99,0.0003,72923.98,0.00014,72923.67,0.004,72923.44,8e-05,72923.43,0.10208,72923.34,0.00016,72923.33,0.47461,72923.04,0.00205,72922.93,7e-05,72924.01,1.90799,72924.02,0.00104,72924.07,7e-05,72924.61,0.00434,72924.8,0.00553,72924.81,7e-05,72925.05,0.00144,72925.34,0.00016,72925.35,0.07937,72925.54,7e-05,72924.005,0.00999999999476131,0.0013712905640277586,0.23310603731191804,3.6513900000000006,2.00008,0.29219123520075313,0.0
2026-05-28 15:28:45.586787,72924.0,3.0679,72923.99,0.0003,72923.98,0.00014,72923.67,0.004,72923.44,8e-05,72923.43,0.10208,72923.34,0.00016,72923.33,0.47461,72923.04,0.00205,72922.93,7e-05,72924.01,1.98853,72924.02,0.00136,72924.03,0.00014,72924.07,7e-05,72924.61,0.00434,72924.8,0.00553,72924.81,7e-05,72925.05,0.00144,72925.34,0.00016,72925.35,0.07937,72924.005,0.00999999999476131,0.0013712905640277586,0.21346483586245632,3.6513900000000006,2.08101,0.27394808457190717,0.0
2026-05-28 15:28:46.198812,72924.0,3.06117,72923.99,0.0003,72923.98,0.00014,72923.67,0.004,72923.44,8e-05,72923.43,0.10208,72923.34,0.00016,72923.33,0.47461,72923.04,0.00205,72922.93,7e-05,72924.01,2.6051,72924.02,0.00144,72924.03,0.00014,72924.07,7e-05,72924.61,0.00434,72924.8,0.00553,72924.81,7e-05,72925.05,0.00144,72925.34,0.00016,72925.35,0.07937,72924.005,0.00999999999476131,0.0013712905640277586,0.08048857537674695,3.6446600000000005,2.6976600000000004,0.14931444644861816,0.0
2026-05-28 15:28:46.600218,72924.0,3.06117,72923.99,0.0003,72923.98,0.00014,72923.67,0.004,72923.44,8e-05,72923.43,0.10208,72923.34,0.00016,72923.33,0.47461,72923.04,0.00205,72922.93,7e-05,72924.01,2.6051,72924.02,0.00144,72924.03,0.00033,72924.07,7e-05,72924.61,0.00434,72924.8,0.00553,72924.81,7e-05,72925.05,0.00144,72925.34,0.00016,72925.35,0.07937,72924.005,0.00999999999476131,0.0013712905640277586,0.08048857537674695,3.6446600000000005,2.6978500000000003,0.14928001690182593,0.0
2026-05-28 15:28:47.101455,72924.0,3.06704,72923.99,0.00086,72923.98,0.00014,72923.67,0.004,72923.44,8e-05,72923.43,0.10208,72923.34,0.00016,72923.33,0.47468,72923.04,0.00205,72922.93,7e-05,72924.01,2.44978,72924.02,0.00152,72924.03,0.00033,72924.07,7e-05,72924.61,0.00434,72924.8,0.00553,72924.81,7e-05,72925.05,0.00144,72925.34,0.00016,72925.35,0.07937,72924.005,0.00999999999476131,0.0013712905640277586,0.11188692036354275,3.6511600000000004,2.5426100000000003,0.1789782313518261,0.0
2026-05-28 15:28:47.584758,72924.0,3.06844,72923.99,0.00038,72923.98,0.00014,72923.67,0.004,72923.43,0.10208,72923.34,8e-05,72923.33,0.47468,72923.04,0.00205,72922.93,7e-05,72922.88,0.1209,72924.01,1.48884,72924.02,0.00128,72924.03,0.00033,72924.07,7e-05,72924.61,0.00434,72924.8,0.00553,72924.81,7e-05,72925.05,0.00144,72925.34,0.00016,72925.35,0.07937,72924.005,0.00999999999476131,0.0013712905640277586,0.34661025875083384,3.77282,1.58143,0.40928047812485413,0.0
2026-05-28 15:28:48.333882,72924.0,3.04958,72923.99,0.00038,72923.98,0.00014,72923.67,0.004,72923.43,0.10208,72923.34,8e-05,72923.33,0.47468,72923.04,0.00205,72922.93,7e-05,72922.88,0.1209,72924.01,1.48876,72924.02,0.0012,72924.03,0.00033,72924.07,7e-05,72924.61,0.00434,72924.8,0.00553,72924.81,7e-05,72925.05,0.00144,72925.34,0.00016,72925.35,0.07937,72924.005,0.00999999999476131,0.0013712905640277586,0.3439187015516687,3.7539599999999997,1.5812700000000002,0.4072345522123693,0.0
2026-05-28 15:28:48.702542,72924.0,3.04958,72923.99,0.00038,72923.98,0.00014,72923.67,0.004,72923.43,0.10208,72923.34,8e-05,72923.33,0.47468,72923.04,0.00205,72922.93,7e-05,72922.88,0.1209,72924.01,1.48876,72924.02,0.0012,72924.03,0.00033,72924.07,7e-05,72924.61,0.00434,72924.8,0.00553,72924.81,7e-05,72925.05,0.00144,72925.34,0.00016,72925.35,0.07937,72924.005,0.00999999999476131,0.0013712905640277586,0.3439187015516687,3.7539599999999997,1.5812700000000002,0.4072345522123693,0.0
2026-05-28 15:28:49.138931,72924.0,3.04212,72923.99,0.00078,72923.98,0.00014,72923.67,0.004,72923.44,8e-05,72923.43,0.10208,72923.34,0.00016,72923.33,0.47468,72923.04,0.00205,72922.93,7e-05,72924.01,1.78031,72924.02,0.0012,72924.03,0.00033,72924.07,7e-05,72924.61,0.00434,72924.8,0.00553,72924.81,7e-05,72925.05,0.00144,72925.34,0.00016,72925.35,0.07937,72924.005,0.00999999999476131,0.0013712905640277586,0.2616543941539846,3.62616,1.8728200000000002,0.31884822276131203,0.0
2026-05-28 15:28:49.706390,72924.0,3.03985,72923.99,0.00078,72923.98,0.00014,72923.67,0.004,72923.44,8e-05,72923.43,0.10208,72923.34,0.00016,72923.33,0.47468,72923.04,0.00205,72922.93,7e-05,72924.01,1.79563,72924.02,0.0012,72924.03,0.00033,72924.07,7e-05,72924.61,0.00434,72924.8,0.00553,72924.81,7e-05,72925.05,0.00144,72925.34,0.00016,72925.35,0.07937,72924.005,0.00999999999476131,0.0013712905640277586,0.25731054621257865,3.62389,1.8881400000000002,0.31490213224528885,0.0
2026-05-28 15:28:50.104125,72924.0,3.03993,72923.99,0.00078,72923.98,0.00014,72923.67,0.004,72923.43,0.10208,72923.34,8e-05,72923.33,0.47468,72923.04,0.00205,72922.93,7e-05,72922.88,0.1209,72924.01,1.77262,72924.02,0.0012,72924.03,0.00033,72924.07,7e-05,72924.61,0.00434,72924.8,0.00553,72924.81,7e-05,72925.05,0.00144,72925.34,0.00016,72925.35,0.07937,72924.005,0.00999999999476131,0.0013712905640277586,0.26333440691525284,3.74471,1.8651300000000002,0.33505055402649625,0.0
2026-05-28 15:28:50.591812,72924.0,3.04025,72923.99,0.00078,72923.98,0.00014,72923.67,0.004,72923.44,8e-05,72923.43,0.10208,72923.34,0.00016,72923.33,0.47468,72923.04,0.00205,72922.93,7e-05,72924.01,1.76618,72924.02,0.00112,72924.03,0.00033,72924.07,7e-05,72924.61,0.00434,72924.81,7e-05,72925.05,0.00144,72925.34,0.00016,72925.35,0.07937,72925.54,7e-05,72924.005,0.00999999999476131,0.0013712905640277586,0.26507615839614845,3.62429,1.85315,0.32335178477536947,0.0
2026-05-28 15:28:51.102599,72924.0,3.01282,72923.99,0.00078,72923.98,0.00014,72923.67,0.004,72923.44,8e-05,72923.43,0.10208,72923.34,0.00016,72923.33,0.47346,72923.04,0.00205,72922.93,7e-05,72924.01,2.12509,72924.02,0.0012,72924.03,0.00033,72924.07,7e-05,72924.61,0.00434,72924.81,7e-05,72925.05,0.00144,72925.34,0.00016,72925.35,0.07937,72925.54,7e-05,72924.005,0.00999999999476131,0.0013712905640277586,0.1727803717854147,3.59564,2.21214,0.2382149461584288,0.0
2026-05-28 15:28:51.600490,72924.0,3.01196,72923.99,0.00078,72923.98,0.00014,72923.67,0.004,72923.44,8e-05,72923.43,0.10208,72923.34,0.00016,72923.33,0.47346,72923.04,0.00205,72922.93,7e-05,72924.01,2.04695,72924.02,0.00112,72924.03,0.00033,72924.07,7e-05,72924.61,0.00434,72924.81,7e-05,72925.05,0.00144,72925.34,8e-05,72925.35,7e-05,72925.54,7e-05,72924.005,0.00999999999476131,0.0013712905640277586,0.1907545301260549,3.5947800000000005,2.05454,0.27264166306741355,0.0
2026-05-28 15:28:52.608232,72924.0,3.01208,72923.99,0.00078,72923.98,0.00014,72923.67,0.004,72923.44,8e-05,72923.43,0.10208,72923.34,0.00016,72923.33,0.47346,72923.04,0.00205,72922.93,7e-05,72924.01,1.69663,72924.02,0.00094,72924.03,0.00014,72924.07,7e-05,72924.61,0.00601,72924.81,7e-05,72925.05,0.00144,72925.35,7e-05,72925.54,7e-05,72926.0,0.0014,72924.005,0.00999999999476131,0.0013712905640277586,0.27936526139855716,3.5949000000000004,1.7068400000000004,0.3561208207116909,0.0
2026-05-28 15:28:52.935470,72924.0,3.0124,72923.99,0.00078,72923.98,0.00014,72923.67,0.004,72923.44,8e-05,72923.43,0.10208,72923.34,0.00016,72923.33,0.47346,72923.04,0.00205,72922.93,7e-05,72924.01,1.54367,72924.02,0.00094,72924.03,0.00014,72924.07,7e-05,72924.61,0.00617,72924.81,7e-05,72925.05,0.00144,72925.35,7e-05,72925.54,7e-05,72926.0,0.0014,72924.005,0.00999999999476131,0.0013712905640277586,0.32236774237445864,3.59522,1.5540400000000003,0.39640258988670213,0.0
2026-05-28 15:28:53.349413,72924.0,3.0124,72923.99,0.00078,72923.98,0.00014,72923.67,0.004,72923.44,8e-05,72923.43,0.10208,72923.34,0.00016,72923.33,0.47346,72923.04,0.00205,72922.93,7e-05,72924.01,1.54415,72924.02,0.00094,72924.03,0.00014,72924.07,7e-05,72924.61,0.00617,72924.81,7e-05,72925.05,0.00144,72925.35,7e-05,72925.54,7e-05,72926.0,0.0014,72924.005,0.00999999999476131,0.0013712905640277586,0.3222284403770397,3.59522,1.5545200000000001,0.3962724331713834,0.0
2026-05-28 15:28:53.579488,72924.0,3.0124,72923.99,0.00078,72923.98,0.00014,72923.67,0.004,72923.44,8e-05,72923.43,0.10208,72923.34,0.00016,72923.33,0.47346,72923.04,0.00205,72922.93,7e-05,72924.01,1.74259,72924.02,0.0011,72924.03,0.00014,72924.07,7e-05,72924.61,0.00617,72924.81,0.00025,72925.05,0.00144,72925.35,7e-05,72925.54,7e-05,72926.0,0.0014,72924.005,0.00999999999476131,0.0013712905640277586,0.2670478802268774,3.59522,1.7533000000000005,0.3443793797162578,0.0
2026-05-28 15:28:54.160804,72924.0,3.39646,72923.99,0.00038,72923.98,0.00014,72923.67,0.004,72923.44,8e-05,72923.43,0.10208,72923.34,0.00016,72923.33,0.47346,72923.04,0.00205,72922.93,7e-05,72924.01,1.28045,72924.02,0.00102,72924.03,0.00014,72924.07,7e-05,72924.61,0.00617,72924.81,0.00025,72925.05,0.00144,72925.35,7e-05,72925.54,7e-05,72926.0,0.0014,72924.005,0.00999999999476131,0.0013712905640277586,0.452437613723591,3.9788799999999998,1.2910800000000004,0.5100228464732178,0.0
2026-05-28 15:28:55.216536,72924.8,6.77546,72924.79,0.00022,72924.78,0.00014,72924.62,2.10853,72924.61,2.86676,72924.6,0.4191,72924.55,0.03407,72924.0,0.33127,72923.67,0.004,72923.43,8e-05,72924.81,0.00145,72924.82,0.00086,72924.83,0.00014,72925.05,0.00144,72925.35,7e-05,72925.54,7e-05,72926.0,0.0014,72926.01,0.00716,72926.12,0.00681,72926.26,0.00084,72924.805,0.00999999999476131,0.0013712755206902935,0.9995720763592847,12.53963,0.02024,0.9967770367049978,1.0970324517911578e-05
2026-05-28 15:28:55.403841,72924.8,7.63136,72924.79,0.0003,72924.78,0.00014,72924.63,1.85671,72924.62,8e-05,72924.61,2.86676,72924.6,0.4017,72924.55,0.03415,72924.0,0.04474,72923.67,0.004,72924.81,0.00236,72924.82,0.00086,72924.83,0.00014,72925.05,0.00144,72925.35,7e-05,72925.54,7e-05,72926.0,0.0014,72926.01,0.00716,72926.12,0.00681,72926.26,0.00084,72924.805,0.00999999999476131,0.0013712755206902935,0.9993816907091169,12.83994,0.021150000000000002,0.9967110097200159,0.0
2026-05-28 15:28:55.583087,72924.8,6.71723,72924.79,0.0003,72924.78,0.00014,72924.63,1.85679,72924.62,8e-05,72924.61,2.86676,72924.6,0.4017,72924.55,0.03415,72924.0,0.04474,72923.67,0.004,72924.81,0.00229,72924.82,0.00086,72924.83,0.00014,72925.05,0.00144,72925.35,7e-05,72925.54,7e-05,72926.0,0.0014,72926.01,0.00716,72926.12,0.00681,72926.26,0.00084,72924.805,0.00999999999476131,0.0013712755206902935,0.999318403695502,11.92589,0.02108,0.9964710717445512,0.0
2026-05-28 15:28:56.105202,72924.8,0.11721,72924.79,0.00086,72924.78,0.00014,72924.63,8e-05,72924.62,8e-05,72924.61,8e-05,72924.6,0.00029,72924.55,8e-05,72924.01,8e-05,72924.0,0.04474,72924.81,4.32226,72924.82,0.00049,72924.83,0.00014,72925.05,0.00144,72925.42,8e-05,72925.43,0.08494,72925.44,0.07944,72925.5,0.004,72925.54,7e-05,72925.59,8e-05,72924.805,0.00999999999476131,0.0013712755206902935,-0.947196399570219,0.16363999999999998,4.492939999999998,-0.9297166590072542,0.0
2026-05-28 15:28:56.598360,72923.33,0.11719,72923.32,0.00078,72923.31,0.00014,72923.29,8e-05,72922.93,7e-05,72922.54,0.00014,72922.52,7e-05,72922.51,0.00088,72922.1,8e-05,72922.09,0.04337,72923.34,9.77364,72923.35,1.09773,72923.36,0.40529,72923.37,2.00778,72923.67,0.004,72924.0,0.00028,72924.01,0.25002,72924.52,0.00772,72924.8,0.13387,72924.81,0.61742,72923.33499999999,0.00999999999476131,0.0013713031630768547,-0.9763033031606042,0.1628,14.29775,-0.9774835673608541,-2.015775016472876e-05
2026-05-28 15:28:57.107865,72923.33,0.11597,72923.32,0.00078,72923.31,0.00014,72922.93,7e-05,72922.54,0.00014,72922.52,7e-05,72922.51,0.00088,72922.1,8e-05,72922.09,0.04345,72922.08,0.13508,72923.34,10.01845,72923.35,1.09773,72923.36,0.40529,72923.37,1.81405,72923.67,0.004,72924.0,0.00028,72924.01,0.26302,72924.52,0.00772,72924.8,0.13395,72924.81,0.37738,72923.33499999999,0.00999999999476131,0.0013713031630768547,-0.9771136384716638,0.29666000000000003,14.121870000000001,-0.958850174046869,0.0
2026-05-28 15:28:57.585729,72923.33,0.2733,72923.32,0.00086,72923.31,0.00014,72922.93,7e-05,72922.54,0.00014,72922.52,7e-05,72922.51,0.00088,72922.1,8e-05,72922.09,0.07381,72922.08,0.13515,72923.34,6.35979,72923.35,0.00054,72923.36,0.00046,72923.37,1.09097,72923.67,0.004,72924.0,0.00028,72924.01,0.26302,72924.52,0.00086,72924.79,8e-05,72924.8,0.13405,72923.33499999999,0.00999999999476131,0.0013713031630768547,-0.9175949670515552,0.4845,7.85405,-0.8837927457411661,0.0
2026-05-28 15:28:58.184890,72923.33,0.27346,72923.32,0.00086,72923.31,0.00014,72922.93,7e-05,72922.54,0.00014,72922.52,7e-05,72922.51,0.00088,72922.1,8e-05,72922.09,0.07381,72922.08,0.13515,72923.34,6.07428,72923.35,0.00038,72923.36,0.0003,72923.37,1.09097,72923.67,0.004,72924.0,0.00112,72924.01,0.01398,72924.79,8e-05,72924.8,0.13387,72924.81,0.37745,72923.33499999999,0.00999999999476131,0.0013713031630768547,-0.913840201394512,0.48466,7.6964299999999986,-0.8815170105694962,0.0
2026-05-28 15:28:58.632878,72923.33,0.22516,72923.32,0.00086,72923.31,0.00014,72922.93,7e-05,72922.54,0.00014,72922.52,7e-05,72922.51,0.00088,72922.1,8e-05,72922.09,0.07381,72922.08,0.13515,72923.34,6.07687,72923.35,0.00046,72923.36,0.06054,72923.37,1.09097,72923.67,0.004,72924.0,0.00112,72924.01,0.01417,72924.78,8e-05,72924.79,0.0604,72924.8,0.13395,72923.33499999999,0.00999999999476131,0.0013713031630768547,-0.928543659741385,0.43635999999999997,7.4425599999999985,-0.8892335497758577,0.0
2026-05-28 15:28:59.097025,72918.8,0.00141,72918.79,0.00056,72918.67,8e-05,72918.59,0.00015,72918.38,7e-05,72918.0,0.00848,72917.8,0.00015,72917.42,8e-05,72917.21,8e-05,72917.11,8e-05,72918.81,7.22946,72918.82,0.00038,72918.83,0.00014,72919.39,7e-05,72919.6,0.06074,72920.0,3.38785,72920.01,0.51646,72920.79,7e-05,72921.01,7e-05,72921.57,7e-05,72918.805,0.00999999999476131,0.0013713883537670854,-0.9996100054350306,0.01114,11.195309999999997,-0.998011859241776,-6.212003331995675e-05
2026-05-28 15:28:59.602504,72918.8,0.00092,72918.79,0.00048,72918.38,7e-05,72918.0,0.00848,72917.52,7e-05,72916.7,0.003,72916.2,8e-05,72916.18,8e-05,72916.0,0.00848,72915.56,8e-05,72918.81,8.13848,72918.82,0.00038,72918.83,0.00014,72919.12,0.03423,72919.35,0.13905,72919.39,7e-05,72919.6,0.06097,72919.99,8e-05,72920.0,2.97743,72920.01,0.43207,72918.805,0.00999999999476131,0.0013713883537670854,-0.9997739391109908,0.02174,11.782899999999998,-0.9963167025847465,0.0
2026-05-28 15:29:00.216786,72918.8,0.11604,72918.79,0.00056,72918.0,0.00848,72917.52,7e-05,72916.0,0.00848,72915.56,8e-05,72915.46,7e-05,72915.04,7e-05,72914.38,0.01293,72914.18,7e-05,72918.81,7.93722,72918.82,0.00038,72918.83,0.00014,72919.12,0.03423,72919.35,0.13905,72919.39,7e-05,72919.6,0.06097,72919.7,7e-05,72919.99,8e-05,72920.0,2.97743,72918.805,0.00999999999476131,0.0013713883537670854,-0.971181856788431,0.14684999999999993,11.149639999999998,-0.9740007736916511,0.0
2026-05-28 15:29:00.680083,72918.8,0.11814,72918.79,0.0007,72918.78,0.00014,72918.0,0.00848,72917.52,7e-05,72916.0,0.00848,72915.56,8e-05,72915.46,7e-05,72915.04,7e-05,72914.38,0.01293,72918.81,7.78052,72918.82,0.00038,72918.83,0.00014,72919.12,0.03423,72919.35,0.13905,72919.39,7e-05,72919.6,0.06097,72919.7,7e-05,72919.99,2.46209,72920.0,0.51558,72918.805,0.00999999999476131,0.0013713883537670854,-0.9700860652313176,0.14915999999999993,10.993099999999998,-0.9732262575096973,0.0
2026-05-28 15:29:01.124244,72918.8,0.24951,72918.79,0.00086,72918.78,0.00014,72918.0,0.00848,72917.52,7e-05,72916.0,0.00848,72915.56,8e-05,72915.46,7e-05,72915.04,0.00135,72914.87,0.00016,72918.81,7.92656,72918.82,0.00038,72918.83,0.00014,72919.11,8e-05,72919.12,0.03423,72919.34,8e-05,72919.35,0.13905,72919.39,7e-05,72919.59,8e-05,72919.6,0.06097,72918.805,0.00999999999476131,0.0013713883537670854,-0.9389657867410626,0.26920000000000005,8.161639999999998,-0.9361392221890109,0.0
2026-05-28 15:29:01.584740,72918.8,1.77229,72918.79,0.0011,72918.78,0.00014,72918.03,8e-05,72918.02,0.03907,72918.01,0.0609,72918.0,0.00848,72917.52,7e-05,72917.23,8e-05,72917.22,0.06083,72918.81,6.21024,72918.82,0.00038,72918.83,0.00014,72919.34,0.00016,72919.35,0.13905,72919.39,7e-05,72919.6,7e-05,72919.7,7e-05,72919.98,8e-05,72919.99,8e-05,72918.805,0.00999999999476131,0.0013713883537670854,-0.5559578228957486,1.94304,6.350339999999999,-0.5314238585474197,0.0
2026-05-28 15:29:02.130368,72918.8,3.51638,72918.79,0.00078,72918.78,0.00014,72918.18,0.004,72918.03,8e-05,72918.02,0.03915,72918.01,0.0609,72918.0,0.00848,72917.52,0.00134,72917.23,8e-05,72918.81,4.67869,72918.82,0.00102,72918.83,0.00014,72919.34,0.00016,72919.35,0.13912,72919.39,7e-05,72919.6,7e-05,72919.7,7e-05,72919.98,8e-05,72920.0,0.00714,72918.805,0.00999999999476131,0.0013713883537670854,-0.14183039315100418,3.6313299999999997,4.826559999999999,-0.14131538717103193,0.0
2026-05-28 15:29:02.624124,72918.8,3.51707,72918.79,0.00022,72918.78,0.00014,72918.18,0.004,72918.05,8e-05,72918.04,0.06349,72918.03,0.05998,72918.02,0.00016,72918.01,0.0609,72918.0,0.00977,72918.81,4.04057,72918.82,0.00094,72918.83,0.00014,72919.34,0.00016,72919.35,0.13912,72919.39,7e-05,72919.48,8e-05,72919.49,0.0793,72919.6,7e-05,72919.7,7e-05,72918.805,0.00999999999476131,0.0013713883537670854,-0.06926765498224312,3.7158100000000003,4.26052,-0.06829080542053793,0.0
2026-05-28 15:29:03.203169,72918.8,3.51623,72918.79,0.00022,72918.78,0.00014,72918.18,0.00482,72918.05,0.00016,72918.04,0.06429,72918.03,0.05998,72918.02,8e-05,72918.01,0.0623,72918.0,0.00848,72918.81,4.06155,72918.82,0.00094,72918.83,0.00014,72919.34,0.00016,72919.35,0.13912,72919.39,7e-05,72919.48,8e-05,72919.49,0.0793,72919.6,7e-05,72919.7,7e-05,72918.805,0.00999999999476131,0.0013713883537670854,-0.07196302874984496,3.716700000000001,4.2815,-0.0706158885749293,0.0
2026-05-28 15:29:03.677741,72918.8,3.5148,72918.79,0.00022,72918.78,0.00014,72918.18,0.00482,72918.05,0.00016,72918.04,0.06429,72918.03,0.05998,72918.02,8e-05,72918.01,0.0623,72918.0,0.00848,72918.81,4.06155,72918.82,0.00113,72918.83,0.00014,72919.34,0.00016,72919.35,0.13912,72919.39,7e-05,72919.48,8e-05,72919.49,0.0793,72919.6,7e-05,72919.7,7e-05,72918.805,0.00999999999476131,0.0013713883537670854,-0.0721653566691085,3.7152700000000007,4.28169,-0.07082941517776747,0.0
2026-05-28 15:29:04.130036,72918.8,3.5148,72918.79,0.00022,72918.78,0.00014,72918.18,0.00482,72918.05,0.00016,72918.04,0.06429,72918.03,0.05998,72918.02,8e-05,72918.01,0.0623,72918.0,0.00848,72918.81,4.06155,72918.82,0.00113,72918.83,0.00014,72919.34,0.00016,72919.35,0.13912,72919.39,7e-05,72919.48,8e-05,72919.49,0.0793,72919.6,7e-05,72919.7,7e-05,72918.805,0.00999999999476131,0.0013713883537670854,-0.0721653566691085,3.7152700000000007,4.28169,-0.07082941517776747,0.0
2026-05-28 15:29:04.619292,72918.8,1.93188,72918.79,0.00022,72918.78,0.00014,72918.18,0.00082,72918.05,0.00016,72918.04,0.06429,72918.03,0.06006,72918.02,8e-05,72918.01,0.0623,72918.0,0.00848,72918.81,4.46736,72918.82,0.00137,72918.83,0.00033,72919.34,0.00016,72919.35,0.13912,72919.39,7e-05,72919.48,8e-05,72919.49,0.07944,72919.6,7e-05,72919.7,7e-05,72918.805,0.00999999999476131,0.0013713883537670854,-0.39621580062632433,2.1284300000000003,4.68807,-0.3755064916012616,0.0
2026-05-28 15:29:05.096295,72918.8,0.24811,72918.79,0.00054,72918.78,0.00014,72918.18,0.00082,72918.05,0.00016,72918.04,0.00088,72918.03,8e-05,72918.01,0.00015,72918.0,0.00848,72917.52,7e-05,72918.81,5.46552,72918.82,0.00057,72918.83,0.00033,72919.34,0.00016,72919.35,0.13912,72919.39,7e-05,72919.48,8e-05,72919.49,0.07951,72919.59,0.06005,72919.6,7e-05,72918.805,0.00999999999476131,0.0013713883537670854,-0.9131515341385426,0.25943,5.74548,-0.9135940422087925,0.0
2026-05-28 15:29:05.697311,72918.8,0.32487,72918.79,0.0007,72918.78,0.00014,72918.32,0.00748,72918.18,0.00082,72918.05,8e-05,72918.04,0.0008,72918.0,0.00848,72917.52,7e-05,72917.23,8e-05,72918.81,4.80759,72918.82,0.00057,72918.83,0.00033,72919.34,0.00016,72919.35,0.13912,72919.39,7e-05,72919.48,8e-05,72919.49,0.07951,72919.58,8e-05,72919.59,0.06021,72918.805,0.00999999999476131,0.0013713883537670854,-0.8734057352614537,0.34352,5.087719999999999,-0.8735021836633992,0.0
2026-05-28 15:29:06.116292,72918.8,0.32389,72918.79,0.0007,72918.78,0.00014,72918.32,0.00748,72918.18,0.00082,72918.05,8e-05,72918.04,0.0008,72918.01,8e-05,72918.0,0.02527,72917.52,7e-05,72918.81,4.80759,72918.82,0.00057,72918.83,0.00033,72919.34,0.00016,72919.35,0.13912,72919.39,7e-05,72919.48,8e-05,72919.49,0.07951,72919.58,8e-05,72919.59,0.06021,72918.805,0.00999999999476131,0.0013713883537670854,-0.8737635146195641,0.35933000000000004,5.087719999999999,-0.8680643651150622,0.0
2026-05-28 15:29:06.640723,72918.8,0.32738,72918.79,0.0007,72918.78,0.00014,72918.32,0.00748,72918.18,0.00082,72918.04,0.0008,72918.01,0.00016,72918.0,0.02527,72917.52,7e-05,72916.47,8e-05,72918.81,4.80746,72918.82,0.00057,72918.83,0.00033,72919.34,0.00016,72919.35,0.13912,72919.39,7e-05,72919.48,8e-05,72919.49,0.07951,72919.58,8e-05,72919.59,0.06021,72918.805,0.00999999999476131,0.0013713883537670854,-0.8724867766084241,0.3629,5.087589999999999,-0.8668376604672241,0.0
2026-05-28 15:29:07.086493,72918.8,0.24734,72918.79,0.0007,72918.78,0.00014,72918.32,0.00748,72918.18,0.00082,72918.04,0.0008,72918.01,0.00016,72918.0,0.02527,72917.52,7e-05,72916.47,8e-05,72918.81,4.80746,72918.82,0.00057,72918.83,0.00033,72919.34,0.00016,72919.35,0.13912,72919.39,7e-05,72919.48,8e-05,72919.49,0.07951,72919.58,8e-05,72919.59,0.06021,72918.805,0.00999999999476131,0.0013713883537670854,-0.9021365830497743,0.28286000000000006,5.087589999999999,-0.8946605964118461,0.0
2026-05-28 15:29:07.737751,72918.8,0.24726,72918.79,0.0007,72918.78,0.00014,72918.32,0.00748,72918.18,0.00082,72918.04,0.0008,72918.01,8e-05,72918.0,0.02527,72917.52,7e-05,72916.47,0.00016,72918.81,4.80746,72918.82,0.00057,72918.83,0.00033,72919.34,0.00016,72919.35,0.13912,72919.39,7e-05,72919.48,8e-05,72919.49,0.07951,72919.58,8e-05,72919.59,0.06028,72918.805,0.00999999999476131,0.0013713883537670854,-0.9021666877690555,0.2827800000000001,5.087659999999999,-0.8946901929823255,0.0
2026-05-28 15:29:08.103902,72918.8,0.24473,72918.79,0.0007,72918.78,0.00014,72918.32,0.00748,72918.18,0.00082,72918.04,0.0008,72918.01,8e-05,72918.0,0.02527,72917.52,7e-05,72916.47,0.00016,72918.81,4.80746,72918.82,0.00057,72918.83,0.00033,72919.34,0.00016,72919.35,0.13912,72919.39,7e-05,72919.48,8e-05,72919.49,0.07951,72919.58,8e-05,72919.59,0.06028,72918.805,0.00999999999476131,0.0013713883537670854,-0.903119241358698,0.28025000000000005,5.087659999999999,-0.8955831971847517,0.0
2026-05-28 15:29:08.603367,72918.8,0.99427,72918.79,0.00086,72918.78,0.00014,72918.32,0.00748,72918.18,0.00082,72918.04,0.00088,72918.03,0.04368,72918.02,0.06014,72918.01,8e-05,72918.0,0.02527,72918.81,4.68182,72918.82,0.00113,72918.83,0.00033,72919.34,0.00016,72919.35,0.13912,72919.39,7e-05,72919.48,8e-05,72919.49,0.07951,72919.58,8e-05,72919.59,0.06021,72918.805,0.00999999999476131,0.0013713883537670854,-0.6496637650213438,1.13362,4.962509999999999,-0.628085359072067,0.0
2026-05-28 15:29:09.210885,72918.8,0.79692,72918.79,0.00086,72918.78,0.00014,72918.32,0.00748,72918.18,0.00082,72918.04,0.00088,72918.03,0.04368,72918.02,0.06014,72918.01,8e-05,72918.0,0.02527,72918.81,4.68014,72918.82,0.00113,72918.83,0.00033,72919.34,0.00016,72919.35,0.13912,72919.39,7e-05,72919.48,8e-05,72919.49,0.07951,72919.58,8e-05,72919.59,0.06021,72918.805,0.00999999999476131,0.0013713883537670854,-0.7089971627113816,0.93627,4.960829999999999,-0.6824642620949278,0.0
2026-05-28 15:29:09.605700,72918.8,0.62103,72918.79,0.00086,72918.78,0.00014,72918.32,0.00748,72918.18,0.00082,72918.04,0.00088,72918.03,0.04376,72918.02,0.06006,72918.01,8e-05,72918.0,0.02527,72918.81,4.67931,72918.82,0.00113,72918.83,0.00033,72919.34,0.00016,72919.35,0.13912,72919.39,7e-05,72919.48,8e-05,72919.49,0.07951,72919.58,8e-05,72919.59,0.06021,72918.805,0.00999999999476131,0.0013713883537670854,-0.7656640894735054,0.7603800000000001,4.959999999999999,-0.734150528461396,0.0
2026-05-28 15:29:10.544552,72918.03,0.11986,72918.02,0.00062,72918.01,0.00014,72918.0,0.00848,72916.46,7e-05,72916.44,7e-05,72916.0,0.00848,72915.64,7e-05,72915.56,8e-05,72915.46,7e-05,72918.04,5.37952,72918.05,0.08843,72918.06,0.00014,72918.18,0.004,72918.19,0.1337,72918.31,1.10069,72918.33,1.38714,72918.78,7e-05,72918.8,0.02753,72918.81,2.05013,72918.035,0.00999999999476131,0.0013714028353563434,-0.9564096316312021,0.13793999999999992,10.171349999999999,-0.9732396702391726,-1.055969032937032e-05
2026-05-28 15:29:10.725864,72918.03,0.12056,72918.02,0.00102,72918.01,0.00014,72918.0,0.00848,72916.46,0.00015,72916.45,0.06097,72916.44,7e-05,72916.02,8e-05,72916.01,0.0847,72916.0,0.00848,72918.04,5.13531,72918.05,0.07029,72918.06,0.00014,72918.18,0.00408,72918.19,0.10274,72918.3,8e-05,72918.31,1.10069,72918.32,8e-05,72918.33,0.65358,72918.78,7e-05,72918.035,0.00999999999476131,0.0013714028353563434,-0.9541236750528456,0.28464999999999996,7.067059999999999,-0.9225622338204309,0.0
2026-05-28 15:29:11.078370,72918.03,0.19803,72918.02,0.00102,72918.01,0.00014,72918.0,0.00848,72916.46,0.00015,72916.45,0.06097,72916.44,7e-05,72916.06,7e-05,72916.02,8e-05,72916.01,0.0847,72918.04,3.64529,72918.05,0.07039,72918.06,0.00014,72918.18,0.00408,72918.19,0.10274,72918.3,8e-05,72918.31,0.00016,72918.32,8e-05,72918.33,0.59363,72918.78,7e-05,72918.035,0.00999999999476131,0.0013714028353563434,-0.8969484716338998,0.3537100000000001,4.41666,-0.8517054232690544,0.0
2026-05-28 15:29:11.600428,72918.03,3.36208,72918.02,0.00094,72918.01,0.00014,72918.0,0.00848,72917.25,8e-05,72917.24,0.06083,72916.79,7e-05,72916.51,8e-05,72916.46,0.00023,72916.45,0.06247,72918.04,2.66445,72918.05,0.07095,72918.06,0.00014,72918.18,8e-05,72918.19,0.10274,72918.3,8e-05,72918.32,8e-05,72918.33,0.1624,72918.78,7e-05,72918.8,0.00016,72918.035,0.00999999999476131,0.0013714028353563434,0.11575981534979501,3.4954000000000005,3.00115,0.07607884184682646,0.0
2026-05-28 15:29:12.158497,72918.03,0.27715,72918.02,0.00062,72918.01,0.00014,72918.0,0.00848,72917.24,7e-05,72916.79,7e-05,72916.46,0.00015,72916.45,7e-05,72916.44,7e-05,72916.06,7e-05,72918.04,4.51732,72918.05,0.07031,72918.06,0.00033,72918.18,0.00408,72918.19,0.10281,72918.32,0.15008,72918.33,0.1624,72918.78,7e-05,72918.8,0.06107,72918.81,0.16509,72918.035,0.00999999999476131,0.0013714028353563434,-0.8843876382582434,0.28689000000000003,5.23356,-0.8960628209656822,0.0
2026-05-28 15:29:12.595758,72918.03,0.27723,72918.02,0.0007,72918.01,0.00014,72918.0,0.00848,72917.24,7e-05,72916.46,7e-05,72916.45,7e-05,72916.44,7e-05,72916.0,0.00848,72915.66,7e-05,72918.04,4.61197,72918.05,0.07039,72918.06,0.00033,72918.18,0.00408,72918.19,0.10281,72918.31,8e-05,72918.32,0.15008,72918.33,0.1624,72918.78,7e-05,72918.79,8e-05,72918.035,0.00999999999476131,0.0013714028353563434,-0.8865949439581117,0.29538,5.102289999999999,-0.8905527755494501,0.0
2026-05-28 15:29:13.121671,72918.03,0.35395,72918.02,0.0007,72918.01,0.00014,72918.0,0.00848,72917.24,7e-05,72916.46,0.00144,72916.45,7e-05,72916.44,7e-05,72916.06,7e-05,72916.0,0.00848,72918.04,4.60701,72918.05,0.07039,72918.06,0.00033,72918.18,0.00408,72918.19,0.10281,72918.31,8e-05,72918.32,0.15008,72918.33,0.1624,72918.78,7e-05,72918.79,8e-05,72918.035,0.00999999999476131,0.0013714028353563434,-0.8573058440301876,0.37346999999999997,5.097329999999999,-0.863467865760035,0.0
2026-05-28 15:29:13.617953,72918.03,0.36532,72918.02,0.00086,72918.01,0.00014,72918.0,0.00848,72917.24,7e-05,72916.46,0.00152,72916.45,0.0609,72916.44,7e-05,72916.06,7e-05,72916.0,0.00848,72918.04,4.60701,72918.05,0.07039,72918.06,0.00033,72918.18,0.00408,72918.19,0.10281,72918.31,8e-05,72918.32,0.15008,72918.33,0.1624,72918.78,7e-05,72918.79,8e-05,72918.035,0.00999999999476131,0.0013714028353563434,-0.8530588275516711,0.44591000000000003,5.097329999999999,-0.8391157517985869,0.0
2026-05-28 15:29:14.176913,72918.03,0.27863,72918.02,0.00086,72918.01,0.00014,72918.0,0.00848,72917.24,7e-05,72916.46,0.00152,72916.45,0.0609,72916.44,7e-05,72916.06,7e-05,72916.0,0.00848,72918.04,4.60701,72918.05,0.07039,72918.06,0.00033,72918.18,0.00408,72918.19,0.10281,72918.31,8e-05,72918.32,0.15008,72918.33,0.1624,72918.78,7e-05,72918.79,8e-05,72918.035,0.00999999999476131,0.0013714028353563434,-0.8859392014147585,0.35922000000000004,5.097329999999999,-0.8683343871127361,0.0
2026-05-28 15:29:14.702140,72918.03,0.27566,72918.02,0.00086,72918.01,0.00014,72918.0,0.00848,72917.24,7e-05,72916.46,0.0016,72916.45,0.0609,72916.44,7e-05,72916.06,7e-05,72916.0,0.00848,72918.04,4.60679,72918.05,0.07039,72918.06,0.00033,72918.18,0.00408,72918.19,0.10281,72918.31,8e-05,72918.32,0.15008,72918.33,0.1624,72918.78,7e-05,72918.79,8e-05,72918.035,0.00999999999476131,0.0013714028353563434,-0.887081280914295,0.35633000000000004,5.097109999999999,-0.8693191820208896,0.0
2026-05-28 15:29:15.127265,72918.03,0.2709,72918.02,0.00086,72918.01,0.00014,72918.0,0.00848,72917.24,7e-05,72916.46,0.0016,72916.45,0.0609,72916.44,7e-05,72916.06,7e-05,72916.0,0.00848,72918.04,4.60679,72918.05,0.07039,72918.06,0.00033,72918.18,0.00408,72918.19,0.10281,72918.31,8e-05,72918.32,0.15008,72918.33,0.1624,72918.78,7e-05,72918.79,8e-05,72918.035,0.00999999999476131,0.0013714028353563434,-0.8889228302741666,0.35157,5.097109999999999,-0.8709522306320063,0.0
2026-05-28 15:29:15.927905,72918.03,4.41071,72918.02,0.0007,72918.01,0.00014,72918.0,0.00848,72917.25,0.15638,72917.24,0.06097,72917.22,0.02008,72916.8,0.01,72916.79,7e-05,72916.46,0.06446,72918.04,1.71709,72918.05,0.00109,72918.06,0.00022,72918.19,0.00021,72918.32,8e-05,72918.33,0.1624,72918.78,7e-05,72918.8,0.00016,72918.81,0.16456,72919.34,8e-05,72918.035,0.00999999999476131,0.0013714028353563434,0.43957374587943476,4.731990000000001,2.0459600000000004,0.3962894385470533,0.0
2026-05-28 15:29:16.221894,72918.03,4.4245,72918.02,0.00078,72918.01,0.00014,72918.0,0.00848,72917.25,0.15638,72917.24,0.06097,72917.22,0.02008,72916.8,0.01008,72916.79,0.00159,72916.46,0.00152,72918.04,1.71717,72918.05,0.00117,72918.06,0.00022,72918.19,0.00021,72918.32,8e-05,72918.33,0.1624,72918.78,7e-05,72918.8,0.00016,72918.81,0.16456,72919.34,8e-05,72918.035,0.00999999999476131,0.0013714028353563434,0.440813329273634,4.684520000000001,2.04612,0.3919983835118206,0.0
2026-05-28 15:29:16.604721,72918.03,4.40525,72918.02,0.00022,72918.01,0.00014,72918.0,0.00848,72917.26,8e-05,72917.25,0.15638,72917.24,0.06097,72917.22,0.02008,72916.8,0.01008,72916.79,0.00159,72918.04,1.71725,72918.05,0.00128,72918.06,0.00022,72918.19,0.00021,72918.32,8e-05,72918.33,0.1624,72918.78,7e-05,72918.8,0.00016,72918.81,0.16456,72919.34,8e-05,72918.035,0.00999999999476131,0.0013714028353563434,0.43903634136382197,4.66327,2.04631,0.39003335529198546,0.0
2026-05-28 15:29:17.472237,72918.03,4.37873,72918.02,0.00062,72918.01,0.00014,72918.0,0.00848,72917.26,8e-05,72917.25,0.15638,72917.24,0.06097,72917.22,0.02008,72916.79,7e-05,72916.46,0.00144,72918.04,1.87026,72918.05,0.00128,72918.06,0.00032,72918.19,0.00021,72918.32,8e-05,72918.33,0.1624,72918.78,7e-05,72918.8,0.00016,72918.81,0.16456,72919.34,8e-05,72918.035,0.00999999999476131,0.0013714028353563434,0.4014200694832285,4.626989999999999,2.1994200000000004,0.3556144444883913,0.0
2026-05-28 15:29:17.922263,72918.03,4.37873,72918.02,0.00062,72918.01,0.00014,72918.0,0.00848,72917.26,8e-05,72917.25,0.15638,72917.24,0.06097,72917.22,0.02008,72916.79,0.00152,72916.46,0.00144,72918.04,1.7174,72918.05,0.00128,72918.06,0.00032,72918.19,0.00021,72918.32,8e-05,72918.33,0.1624,72918.78,7e-05,72918.8,0.00016,72918.81,0.16456,72919.34,8e-05,72918.035,0.00999999999476131,0.0013714028353563434,0.43656057203504517,4.628439999999999,2.0465600000000004,0.3867985018726591,0.0
2026-05-28 15:29:18.122269,72918.03,4.37924,72918.02,0.00046,72918.01,0.00014,72918.0,0.00848,72917.26,8e-05,72917.25,0.15638,72917.24,0.06097,72917.22,0.02008,72916.79,0.00152,72916.46,0.00144,72918.04,1.87058,72918.05,0.00128,72918.06,0.00032,72918.19,0.00021,72918.32,8e-05,72918.33,0.1624,72918.78,7e-05,72918.8,0.00016,72918.81,0.16456,72919.34,8e-05,72918.035,0.00999999999476131,0.0013714028353563434,0.4013971602382149,4.62879,2.1997400000000003,0.3557207773854695,0.0
2026-05-28 15:29:18.652311,72918.03,4.37913,72918.02,0.00054,72918.01,0.00014,72918.0,0.00848,72917.26,0.00016,72917.25,0.15646,72917.24,0.06097,72917.23,8e-05,72917.22,0.02008,72916.79,7e-05,72918.04,1.85134,72918.05,0.00128,72918.06,0.00032,72918.19,0.00021,72918.32,8e-05,72918.33,0.1624,72918.78,7e-05,72918.8,0.00016,72918.81,0.16456,72919.34,8e-05,72918.035,0.00999999999476131,0.0013714028353563434,0.40571417565609014,4.62611,2.1805000000000003,0.3592992693866696,0.0
2026-05-28 15:29:19.136707,72918.03,4.38034,72918.02,0.00062,72918.01,0.00014,72918.0,0.00848,72917.26,0.00016,72917.25,0.15646,72917.24,0.06097,72917.23,8e-05,72917.22,0.02008,72916.79,7e-05,72918.04,1.84487,72918.05,0.00128,72918.06,0.00024,72918.19,0.00021,72918.32,8e-05,72918.33,0.1624,72918.78,7e-05,72918.8,0.00016,72918.81,0.16456,72919.34,8e-05,72918.035,0.00999999999476131,0.0013714028353563434,0.4072906777442046,4.6274,2.17395,0.3607298551022959,0.0
2026-05-28 15:29:19.577981,72918.03,4.3805,72918.02,0.00062,72918.01,0.00014,72918.0,0.00848,72917.26,0.00016,72917.25,0.15646,72917.24,0.06097,72917.23,8e-05,72917.22,0.02008,72916.79,7e-05,72918.04,2.09141,72918.05,0.00128,72918.06,0.00024,72918.19,0.00021,72918.32,8e-05,72918.33,0.1624,72918.78,7e-05,72918.8,0.00016,72918.81,0.16456,72919.34,8e-05,72918.035,0.00999999999476131,0.0013714028353563434,0.3536962040572257,4.627559999999999,2.42049,0.3131461893715282,0.0
2026-05-28 15:29:20.233594,72918.03,4.38042,72918.02,0.00062,72918.01,0.00014,72918.0,0.00848,72917.26,0.00016,72917.25,0.15646,72917.24,0.06097,72917.23,8e-05,72917.22,0.02008,72916.79,7e-05,72918.04,2.09133,72918.05,0.00136,72918.06,0.00024,72918.19,0.00021,72918.32,8e-05,72918.33,0.1624,72918.78,7e-05,72918.8,0.00016,72918.81,0.16456,72919.34,8e-05,72918.035,0.00999999999476131,0.0013714028353563434,0.35370494842971373,4.627479999999999,2.42049,0.31313839304083296,0.0
2026-05-28 15:29:20.708918,72918.03,4.67231,72918.02,0.00022,72918.01,0.00014,72918.0,0.00848,72917.26,8e-05,72917.25,0.15638,72917.24,0.06097,72917.22,0.02008,72916.79,7e-05,72916.46,0.00144,72918.04,1.61497,72918.05,0.0012,72918.06,0.00032,72918.19,0.00014,72918.33,0.00014,72918.78,7e-05,72918.8,0.00095,72918.81,0.02623,72919.34,0.00016,72919.35,0.13905,72918.035,0.00999999999476131,0.0013714028353563434,0.4862738735987581,4.92017,1.78323,0.4679625264791001,0.0
2026-05-28 15:29:21.137866,72918.03,4.67231,72918.02,0.00022,72918.01,0.00014,72918.0,0.00848,72917.26,8e-05,72917.25,0.21575,72917.24,0.06097,72917.22,0.02008,72916.79,7e-05,72916.46,0.00144,72918.04,1.61497,72918.05,0.00128,72918.06,0.00032,72918.19,0.00014,72918.33,0.00014,72918.78,7e-05,72918.8,0.00095,72918.81,0.02623,72918.97,7e-05,72919.34,0.00016,72918.035,0.00999999999476131,0.0013714028353563434,0.4862738735987581,4.979539999999999,1.64433,0.5035138068832872,0.0
2026-05-28 15:29:21.693641,72918.03,4.67231,72918.02,0.00022,72918.01,0.00014,72918.0,0.00848,72917.26,8e-05,72917.25,0.21575,72917.24,0.06097,72917.22,0.02008,72916.79,7e-05,72916.46,0.00144,72918.04,1.77774,72918.05,0.00128,72918.06,0.00032,72918.19,0.00014,72918.33,0.00014,72918.78,7e-05,72918.8,0.00095,72918.81,0.02623,72918.97,7e-05,72919.34,0.00016,72918.035,0.00999999999476131,0.0013714028353563434,0.4487670638212107,4.979539999999999,1.8071000000000002,0.4674537031579691,0.0
2026-05-28 15:29:22.075672,72918.03,4.67231,72918.02,0.00022,72918.01,0.00014,72918.0,0.00848,72917.26,8e-05,72917.25,0.21575,72917.24,0.06097,72917.22,0.02008,72916.79,7e-05,72916.46,0.00144,72918.04,1.62233,72918.05,0.00128,72918.06,0.00032,72918.19,0.00014,72918.33,0.00014,72918.78,7e-05,72918.8,0.00095,72918.81,0.02623,72918.97,7e-05,72919.34,0.00016,72918.035,0.00999999999476131,0.0013714028353563434,0.48453604971849074,4.979539999999999,1.65169,0.5018450574026235,0.0
2026-05-28 15:29:22.795902,72918.03,3.2455,72918.02,0.00022,72918.01,0.00014,72918.0,0.00848,72917.26,0.00016,72917.25,0.21583,72917.24,0.06097,72917.23,8e-05,72917.22,0.02008,72916.79,7e-05,72918.04,2.93834,72918.05,0.00125,72918.06,0.00014,72918.09,0.00016,72918.1,0.0793,72918.19,0.00014,72918.33,0.00249,72918.78,7e-05,72918.8,0.00095,72918.81,0.02623,72918.035,0.00999999999476131,0.0013714028353563434,0.04967140158865683,3.5515300000000005,3.0490700000000004,0.07612338272278278,0.0
2026-05-28 15:29:23.101151,72918.03,2.39442,72918.02,0.00062,72918.01,0.00014,72918.0,0.00848,72917.26,0.00016,72917.25,0.21583,72917.24,0.06097,72916.79,7e-05,72916.46,0.00152,72916.45,0.0609,72918.04,3.27127,72918.05,0.00133,72918.06,0.00014,72918.09,0.00016,72918.1,0.07937,72918.19,0.00014,72918.33,0.00249,72918.78,7e-05,72918.8,0.00095,72918.81,0.02623,72918.035,0.00999999999476131,0.0013714028353563434,-0.15476490948145763,2.743110000000001,3.3821499999999998,-0.10432863258049432,0.0
2026-05-28 15:29:23.582317,72918.03,2.66934,72918.02,0.00062,72918.01,0.00014,72918.0,0.00848,72917.26,0.00016,72917.25,0.21583,72917.24,0.06097,72916.79,7e-05,72916.46,0.00152,72916.45,0.0609,72918.04,3.27119,72918.05,0.00133,72918.06,0.00014,72918.09,0.00016,72918.1,0.0793,72918.19,0.00014,72918.33,0.00249,72918.78,0.00018,72918.8,0.00095,72918.81,0.02623,72918.035,0.00999999999476131,0.0013714028353563434,-0.10131250915322366,3.018030000000001,3.3821099999999995,-0.05688625561315824,0.0
2026-05-28 15:29:24.081191,72918.03,2.71909,72918.02,0.00062,72918.01,0.00014,72918.0,0.00848,72917.26,0.00016,72917.25,0.21583,72917.24,0.06097,72916.79,7e-05,72916.46,0.00152,72916.45,0.0609,72918.04,2.88998,72918.05,0.00133,72918.06,0.00014,72918.09,0.00016,72918.1,0.0793,72918.19,0.00014,72918.33,0.00249,72918.78,0.00026,72918.8,0.00095,72918.81,0.02623,72918.035,0.00999999999476131,0.0013714028353563434,-0.030466726213079883,3.067780000000001,3.0009799999999998,0.011007190925329239,0.0
2026-05-28 15:29:24.580878,72918.03,2.76174,72918.02,0.00062,72918.01,0.00014,72918.0,0.00848,72917.26,0.00016,72917.25,0.21583,72917.24,0.06097,72916.79,7e-05,72916.46,0.00152,72916.45,0.0609,72918.04,2.68612,72918.05,0.00133,72918.06,0.00014,72918.09,0.00016,72918.1,0.0793,72918.19,0.00014,72918.33,0.00249,72918.78,0.00026,72918.8,0.00105,72918.81,0.02623,72918.035,0.00999999999476131,0.0013714028353563434,0.013880679753150823,3.110430000000001,2.79722,0.053017697392364324,0.0
2026-05-28 15:29:25.124914,72918.03,2.761,72918.02,0.0007,72918.01,0.00014,72918.0,0.00848,72917.26,0.00016,72917.25,0.21583,72917.24,0.06097,72916.79,7e-05,72916.46,0.00152,72916.45,0.06097,72918.04,2.68612,72918.05,0.00133,72918.06,0.00014,72918.09,0.00016,72918.1,0.0793,72918.19,0.00014,72918.33,0.00249,72918.78,0.00026,72918.8,0.00113,72918.81,0.02623,72918.035,0.00999999999476131,0.0013714028353563434,0.013746713859801194,3.109840000000001,2.7972999999999995,0.05290885267659165,0.0
2026-05-28 15:29:25.881320,72918.03,2.691,72918.02,0.0007,72918.01,0.00014,72918.0,0.00848,72917.26,0.00016,72917.25,0.21583,72917.24,0.06097,72916.79,7e-05,72916.46,0.00152,72916.45,0.06097,72918.04,2.70875,72918.05,0.00133,72918.06,0.00014,72918.09,0.00016,72918.1,0.0793,72918.19,0.00014,72918.33,0.00249,72918.78,0.00026,72918.8,0.00113,72918.81,0.02623,72918.035,0.00999999999476131,0.0013714028353563434,-0.0032871892217232975,3.0398400000000008,2.81993,0.03752877672673175,0.0
2026-05-28 15:29:26.096679,72918.03,2.691,72918.02,0.0047,72918.01,0.00014,72918.0,0.00848,72917.26,0.00016,72917.25,0.21583,72917.24,0.06097,72916.79,7e-05,72916.46,0.00152,72916.45,0.06097,72918.04,2.54984,72918.05,0.00133,72918.06,0.00014,72918.09,0.00016,72918.1,0.0793,72918.19,0.00014,72918.33,0.00249,72918.78,0.00026,72918.8,0.00113,72918.81,0.02623,72918.035,0.00999999999476131,0.0013714028353563434,0.026934613535234755,3.0438400000000008,2.6610199999999997,0.06710418835869786,0.0
2026-05-28 15:29:26.591211,72918.03,2.76223,72918.02,0.00486,72918.01,0.00014,72918.0,0.00848,72917.26,0.00016,72917.25,0.21583,72917.24,0.06097,72916.79,7e-05,72916.75,0.00205,72916.46,0.00152,72918.04,2.69193,72918.05,0.00133,72918.06,0.00014,72918.09,0.00016,72918.1,0.0793,72918.19,0.00014,72918.33,0.00249,72918.78,0.00026,72918.8,0.00113,72918.81,0.02623,72918.035,0.00999999999476131,0.0013714028353563434,0.012889244173254915,3.0563100000000007,2.8031099999999998,0.04321246812824494,0.0
2026-05-28 15:29:27.088574,72918.03,2.76084,72918.02,0.00422,72918.01,0.00014,72918.0,0.00848,72917.46,0.09022,72917.26,8e-05,72917.25,0.36049,72917.24,0.06097,72916.79,7e-05,72916.75,0.00205,72918.04,2.33597,72918.05,0.00117,72918.06,0.00014,72918.19,0.00014,72918.33,0.00249,72918.78,0.00026,72918.8,0.00121,72918.81,0.02623,72918.97,7e-05,72919.34,0.00016,72918.035,0.00999999999476131,0.0013714028353563434,0.08335998398998587,3.2875600000000005,2.36784,0.1626268698942604,0.0
2026-05-28 15:29:27.621582,72918.03,2.78405,72918.02,0.00422,72918.01,0.00014,72918.0,0.00848,72917.46,0.07922,72917.4,0.01108,72917.26,8e-05,72917.25,0.36049,72917.24,0.06227,72916.79,7e-05,72918.04,2.3379,72918.05,0.00225,72918.06,0.00014,72918.19,0.00014,72918.33,0.00117,72918.78,0.00015,72918.8,0.00111,72918.81,0.02623,72918.97,7e-05,72919.34,0.00016,72918.035,0.00999999999476131,0.0013714028353563434,0.08710549692988027,3.3101000000000003,2.3693200000000005,0.16564719636864322,0.0
2026-05-28 15:29:28.103495,72918.03,2.79749,72918.02,0.00422,72918.01,0.00014,72918.0,0.00848,72917.47,8e-05,72917.46,0.07922,72917.4,0.01108,72917.26,0.00016,72917.25,0.36201,72917.24,0.06097,72918.04,2.33925,72918.05,0.00217,72918.06,0.00014,72918.19,0.00014,72918.33,0.00014,72918.78,7e-05,72918.8,0.00095,72918.81,0.02623,72918.97,7e-05,72919.34,0.00016,72918.035,0.00999999999476131,0.0013714028353563434,0.08920833057542332,3.3238500000000006,2.36932,0.167662304129334,0.0
2026-05-28 15:29:28.604551,72920.98,8.36379,72920.97,0.0003,72920.96,0.00014,72920.6,0.08774,72920.19,0.06082,72920.01,0.004,72920.0,8e-05,72919.99,0.13878,72919.4,0.06082,72919.39,0.1372,72920.99,0.0014,72921.0,0.00072,72921.3,0.00205,72922.0,0.00148,72922.01,0.0163,72922.09,0.00015,72922.1,7e-05,72922.52,0.00014,72922.55,7e-05,72922.64,0.00014,72920.985,0.010000000009313226,0.0013713473575971617,0.9996652795692625,8.85367,0.022520000000000002,0.9949257508007376,4.045638366423354e-05
2026-05-28 15:29:29.172190,72932.05,4.63914,72932.04,0.0003,72932.03,0.00014,72931.25,0.06151,72931.2,0.02342,72930.99,0.004,72930.71,0.0747,72930.45,0.06151,72930.31,0.011,72930.3,0.07914,72932.06,0.55028,72932.07,0.00086,72932.08,0.00014,72932.09,8e-05,72932.1,0.07921,72932.22,0.00011,72932.62,8e-05,72932.91,0.00016,72933.01,0.00026,72933.22,0.00016,72932.055,0.00999999999476131,0.0013711392054921957,0.7879223497038205,4.95486,0.6313400000000001,0.7739644123017436,0.00015180815234461242
2026-05-28 15:29:29.601824,72935.39,7.66417,72935.38,0.00288,72935.37,0.00014,72934.8,0.06158,72934.65,0.004,72934.31,7e-05,72933.79,0.19881,72933.74,0.00015,72933.72,8e-05,72933.71,8e-05,72935.4,0.28221,72935.41,0.00072,72935.79,8e-05,72936.0,0.0014,72936.01,0.00716,72936.48,8e-05,72936.73,0.00558,72936.8,8e-05,72936.81,0.07914,72936.88,0.00016,72935.39499999999,0.00999999999476131,0.0013710764156088153,0.9289714310163874,7.931959999999999,0.37661000000000006,0.9093442072462529,4.579604948728999e-05
2026-05-28 15:29:30.078302,72935.39,8.16923,72935.38,0.00288,72935.37,0.00014,72934.8,0.06151,72934.65,0.004,72934.31,7e-05,72933.79,0.06171,72933.74,7e-05,72933.72,8e-05,72933.7,0.22952,72935.4,0.00177,72935.41,0.00096,72936.0,0.00252,72936.01,0.00716,72936.48,8e-05,72936.73,0.00558,72936.8,8e-05,72936.81,0.0793,72936.88,0.00016,72936.89,0.00244,72935.39499999999,0.00999999999476131,0.0013710764156088153,0.9995667604944314,8.529209999999999,0.10004999999999999,0.9768114531257606,0.0
2026-05-28 15:29:30.586209,72935.39,8.25415,72935.38,0.00288,72935.37,0.00014,72935.09,0.0075,72934.8,0.06151,72934.65,0.004,72934.31,7e-05,72934.05,9e-05,72934.0,0.009,72933.8,8e-05,72935.4,0.00204,72935.41,0.00102,72935.42,0.00014,72935.84,7e-05,72936.0,0.00252,72936.01,0.00716,72936.48,8e-05,72936.73,0.00558,72936.8,8e-05,72936.81,0.0793,72935.39499999999,0.00999999999476131,0.0013710764156088153,0.99950582532621,8.339419999999999,0.09799,0.976772492980666,0.0
2026-05-28 15:29:31.132688,72935.39,8.27301,72935.38,0.00288,72935.37,0.00014,72935.09,0.0075,72934.8,0.06158,72934.79,0.00205,72934.65,0.004,72934.31,7e-05,72934.05,0.00153,72934.0,0.00908,72935.4,0.13664,72935.41,0.00094,72935.42,0.00014,72935.84,7e-05,72936.0,0.00252,72936.01,0.00716,72936.48,8e-05,72936.73,0.00558,72936.8,0.00016,72936.81,0.0793,72935.39499999999,0.00999999999476131,0.0013710764156088153,0.9675039983828102,8.361839999999999,0.23258999999999996,0.9458742464596256,0.0
2026-05-28 15:29:32.010017,72935.39,8.23519,72935.38,0.00288,72935.37,0.00014,72935.09,0.0075,72934.81,8e-05,72934.8,0.06158,72934.79,0.00205,72934.65,0.004,72934.31,0.00133,72934.05,9e-05,72935.4,0.21314,72935.41,0.00294,72935.42,0.00014,72935.84,7e-05,72936.0,0.00252,72936.01,0.00716,72936.48,8e-05,72936.73,0.00558,72936.8,0.00016,72936.81,0.0793,72935.39499999999,0.00999999999476131,0.0013710764156088153,0.9495426906856149,8.314839999999998,0.31109,0.9278709657973111,0.0
2026-05-28 15:29:32.300456,72935.39,7.56416,72935.38,0.00288,72935.37,0.00014,72935.09,0.0075,72934.81,8e-05,72934.8,0.06158,72934.79,0.00205,72934.65,0.004,72934.32,0.00694,72934.31,7e-05,72935.4,0.21333,72935.41,0.00302,72935.42,0.00014,72935.84,7e-05,72936.0,0.00252,72936.01,0.00716,72936.41,7e-05,72936.48,8e-05,72936.73,0.00558,72936.8,0.00016,72935.39499999999,0.00999999999476131,0.0013710764156088153,0.9451416845280418,7.6494,0.23212999999999995,0.9410951934459427,0.0
2026-05-28 15:29:32.602497,72939.55,3.97498,72939.54,8e-05,72939.0,2.00976,72938.99,2.31482,72938.74,6.09092,72938.73,1.37863,72938.31,0.004,72938.04,8e-05,72938.03,0.00015,72937.92,0.06256,72939.56,0.00314,72939.57,8e-05,72940.0,0.0014,72940.01,0.00716,72940.37,8e-05,72940.62,0.00023,72940.71,8e-05,72941.17,0.00076,72941.22,7e-05,72941.25,8e-05,72939.555,0.00999999999476131,0.0013709982182865403,0.9984213648658159,15.83598,0.01308,0.9983494289251224,5.703677891921721e-05
2026-05-28 15:29:33.129992,72939.55,5.9399,72939.54,0.0003,72939.53,0.00014,72939.02,2.30559,72939.01,2.46201,72938.74,0.99303,72938.73,0.74578,72938.31,0.004,72938.03,7e-05,72937.96,7e-05,72939.56,0.129,72939.57,0.00072,72939.99,0.00014,72940.0,0.0014,72940.01,0.00716,72940.37,8e-05,72940.62,7e-05,72941.17,0.00076,72941.22,7e-05,72941.25,8e-05,72939.555,0.00999999999476131,0.0013709982182865403,0.9574881774291883,12.450889999999996,0.13948,0.9778433834748302,0.0
2026-05-28 15:29:33.610536,72939.55,5.85029,72939.54,0.0003,72939.53,0.00014,72939.02,2.30559,72939.01,2.46201,72938.74,0.99303,72938.73,0.74578,72938.31,0.004,72938.03,7e-05,72937.96,7e-05,72939.56,0.12906,72939.57,0.0008,72939.99,0.00014,72940.0,0.0014,72940.01,0.00716,72940.37,8e-05,72940.62,7e-05,72941.17,0.00076,72941.22,0.00138,72941.25,8e-05,72939.555,0.00999999999476131,0.0013709982182865403,0.9568314281652688,12.361279999999997,0.14093,0.9774551859231286,0.0
2026-05-28 15:29:34.111612,72939.55,5.85018,72939.54,0.0003,72939.53,0.00014,72939.02,2.30567,72939.01,2.46193,72938.74,0.99303,72938.73,0.74578,72938.31,0.004,72938.03,7e-05,72937.96,7e-05,72939.56,0.12736,72939.57,0.0008,72939.99,0.00014,72940.0,0.0014,72940.01,0.00716,72940.37,8e-05,72940.62,7e-05,72941.17,0.00076,72941.22,0.00138,72941.25,8e-05,72939.555,0.00999999999476131,0.0013709982182865403,0.9573871525744703,12.361169999999998,0.13923,0.9777239128347893,0.0
2026-05-28 15:29:34.623821,72939.55,5.88475,72939.54,0.0003,72939.53,0.00014,72939.02,2.30567,72939.01,2.46193,72938.74,0.99303,72938.73,0.74585,72938.31,0.004,72938.03,7e-05,72937.96,0.11497,72939.56,0.10878,72939.57,0.0011,72939.58,0.00014,72939.99,0.00014,72940.0,0.0014,72940.01,0.00716,72940.37,8e-05,72940.62,7e-05,72941.17,0.00076,72941.22,7e-05,72939.555,0.00999999999476131,0.0013709982182865403,0.9637008574245894,12.51071,0.1197,0.981045745941739,0.0
2026-05-28 15:29:35.088613,72939.55,4.57708,72939.54,0.0003,72939.53,0.00014,72939.02,2.30567,72939.01,2.46193,72938.74,0.13378,72938.73,0.43148,72938.31,0.004,72938.03,7e-05,72937.96,0.11497,72939.56,0.27438,72939.57,0.00126,72939.58,0.00014,72939.99,0.00014,72940.0,0.0014,72940.01,0.0078,72940.37,8e-05,72940.62,7e-05,72941.17,0.00218,72941.22,7e-05,72939.555,0.00999999999476131,0.0013709982182865403,0.8868876585605159,10.029419999999998,0.28752,0.9442625429633204,0.0
2026-05-28 15:29:35.654666,72939.55,4.5762,72939.54,0.0003,72939.53,0.00014,72939.02,2.30567,72939.01,2.46193,72938.74,0.13378,72938.73,0.43148,72938.31,0.004,72938.03,7e-05,72938.0,0.004,72939.56,0.27459,72939.57,0.00134,72939.58,0.00014,72939.99,0.00014,72940.0,0.0014,72940.01,0.0078,72940.37,8e-05,72940.62,7e-05,72941.17,0.00218,72941.22,7e-05,72939.555,0.00999999999476131,0.0013709982182865403,0.8867854514419301,9.91757,0.28781,0.9435964167919273,0.0
2026-05-28 15:29:36.900437,72942.15,2.66977,72942.14,0.00092,72942.13,0.00014,72942.02,2.8617,72942.01,0.00016,72942.0,4.09009,72941.99,0.00075,72941.97,0.004,72941.93,0.08486,72941.76,0.00015,72942.16,0.8245,72942.17,0.00072,72942.39,0.00205,72942.49,7e-05,72942.6,0.00042,72942.62,0.00434,72943.02,7e-05,72943.27,8e-05,72943.28,0.02431,72943.5,8e-05,72942.155,0.010000000009313226,0.0013709493514845051,0.5280845498487524,9.712539999999999,0.85664,0.8378984935444376,3.564595369409673e-05
2026-05-28 15:29:37.066115,72942.15,2.67279,72942.14,0.001,72942.13,0.00014,72942.02,2.86178,72942.01,8e-05,72942.0,3.62463,72941.99,0.00075,72941.97,0.004,72941.93,0.08624,72941.76,7e-05,72942.16,0.80823,72942.17,0.00072,72942.39,0.00205,72942.49,7e-05,72942.6,0.00042,72942.62,0.00434,72943.02,7e-05,72943.27,0.00016,72943.28,0.02431,72943.51,7e-05,72942.155,0.010000000009313226,0.0013709493514845051,0.5356361066583932,9.251479999999997,0.8404400000000001,0.833442992017376,0.0
2026-05-28 15:29:37.228932,72942.15,2.61151,72942.14,0.001,72942.13,0.00014,72942.02,2.86178,72942.01,8e-05,72942.0,3.62463,72941.99,0.00075,72941.97,0.004,72941.93,0.08631,72941.76,7e-05,72942.16,0.82039,72942.17,0.00072,72942.39,0.00205,72942.49,7e-05,72942.6,0.00042,72942.62,0.00434,72943.02,7e-05,72943.27,0.00016,72943.28,0.02431,72943.51,7e-05,72942.155,0.010000000009313226,0.0013709493514845051,0.5219033188612723,9.190269999999996,0.8526,0.8302078987381095,0.0
2026-05-28 15:29:37.605489,72942.15,2.64486,72942.14,0.001,72942.13,0.00014,72942.02,2.86178,72942.01,8e-05,72942.0,3.52463,72941.99,0.00075,72941.97,0.004,72941.93,0.08631,72941.76,7e-05,72942.16,0.66706,72942.17,0.00072,72942.39,0.00216,72942.49,7e-05,72942.6,0.00042,72942.62,0.00434,72943.02,7e-05,72943.27,0.00016,72943.28,0.02431,72943.51,7e-05,72942.155,0.010000000009313226,0.0013709493514845051,0.5971762602961425,9.123619999999997,0.6993800000000001,0.8576035834266518,0.0
2026-05-28 15:29:38.096440,72942.15,2.74874,72942.14,0.00084,72942.13,0.00014,72942.02,2.86178,72942.01,8e-05,72942.0,3.51913,72941.99,0.00075,72941.97,0.004,72941.93,0.00159,72941.76,7e-05,72942.16,0.39479,72942.17,0.0008,72942.39,0.00227,72942.49,7e-05,72942.6,0.00042,72942.62,0.00434,72943.02,7e-05,72943.27,0.00016,72943.28,0.02431,72943.51,7e-05,72942.155,0.010000000009313226,0.0013709493514845051,0.7488237745464494,9.13712,0.4273,0.9106480058383047,0.0
2026-05-28 15:29:38.585240,72950.06,5.17504,72950.05,0.0003,72950.04,0.00014,72950.0,0.00015,72949.8,0.06245,72948.7,7e-05,72948.42,0.0628,72948.0,3.37206,72947.99,0.40015,72947.89,0.00015,72950.07,1.47363,72950.08,0.00056,72950.29,0.08236,72950.36,7e-05,72950.84,0.00185,72950.96,0.00542,72951.09,0.00047,72951.17,8e-05,72951.18,7e-05,72951.5,8e-05,72950.065,0.010000000009313226,0.0013708006989867965,0.5567143503888747,9.07331,1.56459,0.7058460786433414,0.00010844209360150181
2026-05-28 15:29:39.093161,72950.06,5.31201,72950.05,0.0003,72950.04,0.00014,72950.0,7e-05,72949.8,0.06245,72949.29,0.004,72948.91,7e-05,72948.75,9e-05,72948.7,0.00137,72948.42,0.06302,72950.07,1.47477,72950.08,0.0008,72950.36,7e-05,72950.84,0.00185,72950.96,0.00558,72951.17,8e-05,72951.18,7e-05,72951.5,8e-05,72951.52,8e-05,72951.64,8e-05,72950.065,0.010000000009313226,0.0013708006989867965,0.5653992025673441,5.4435199999999995,1.48346,0.5716863625995744,0.0
2026-05-28 15:29:39.661915,72950.06,5.22468,72950.05,0.0003,72950.04,0.00014,72950.0,7e-05,72949.81,8e-05,72949.8,0.06252,72949.29,0.004,72948.91,7e-05,72948.75,9e-05,72948.7,7e-05,72950.07,1.36154,72950.08,0.0008,72950.36,7e-05,72950.84,0.00185,72950.96,0.00558,72951.17,8e-05,72951.18,7e-05,72951.5,8e-05,72951.52,8e-05,72951.64,8e-05,72950.065,0.010000000009313226,0.0013708006989867965,0.5865488854001234,5.29202,1.37023,0.5886584862471387,0.0
2026-05-28 15:29:40.098936,72950.06,5.75664,72950.05,0.0003,72950.04,0.00014,72950.0,7e-05,72949.81,8e-05,72949.8,0.06252,72949.29,0.004,72948.91,7e-05,72948.79,0.0737,72948.75,9e-05,72950.07,0.74184,72950.08,0.00088,72950.36,7e-05,72950.84,0.00185,72950.96,0.00558,72951.17,8e-05,72951.18,7e-05,72951.5,8e-05,72951.52,8e-05,72951.64,0.00122,72950.065,0.010000000009313226,0.0013708006989867965,0.7716881486132142,5.897609999999999,0.75175,0.7738880132824812,0.0
2026-05-28 15:29:40.639296,72950.06,6.1817,72950.05,0.0003,72950.04,0.00014,72950.0,7e-05,72949.81,8e-05,72949.8,0.06252,72949.29,0.004,72948.91,7e-05,72948.79,0.0737,72948.75,9e-05,72950.07,0.74678,72950.08,0.00104,72950.09,0.00014,72950.36,7e-05,72950.84,0.00185,72950.96,0.00558,72951.17,8e-05,72951.18,7e-05,72951.5,8e-05,72951.52,8e-05,72950.065,0.010000000009313226,0.0013708006989867965,0.784431794563887,6.32267,0.75577,0.7864585982222071,0.0
2026-05-28 15:29:41.091345,72950.06,6.17361,72950.05,0.0003,72950.04,0.00014,72950.0,7e-05,72949.8,0.15266,72949.29,0.004,72948.91,7e-05,72948.8,8e-05,72948.79,0.07378,72948.75,9e-05,72950.07,0.74695,72950.08,0.0012,72950.09,0.00022,72950.36,7e-05,72950.84,0.00185,72950.96,0.00558,72951.17,8e-05,72951.18,7e-05,72951.5,8e-05,72951.52,8e-05,72950.065,0.010000000009313226,0.0013708006989867965,0.7841359658755939,6.4048,0.75618,0.7888054428304506,0.0
2026-05-28 15:29:41.612662,72950.06,6.58575,72950.05,0.00086,72950.04,0.00014,72950.0,7e-05,72949.8,0.15266,72949.29,0.004,72948.91,7e-05,72948.79,0.07378,72948.75,9e-05,72948.7,7e-05,72950.07,0.86439,72950.08,0.0012,72950.09,0.00033,72950.36,7e-05,72950.84,0.00185,72950.96,0.00558,72951.17,8e-05,72951.18,7e-05,72951.5,8e-05,72951.52,8e-05,72950.065,0.010000000009313226,0.0013708006989867965,0.7679533538967053,6.81749,0.87373,0.7727980736476138,0.0
2026-05-28 15:29:42.303792,72957.59,5.27095,72957.58,0.16119,72957.57,0.13788,72957.53,1.93442,72957.52,0.44384,72957.51,3.46793,72957.48,0.003,72956.68,0.0637,72956.61,0.004,72956.59,7e-05,72957.6,0.11411,72957.61,0.00064,72957.67,0.00962,72957.75,0.00205,72958.0,0.0014,72958.01,0.00716,72958.07,0.00028,72958.19,8e-05,72958.3,0.00033,72958.9,8e-05,72957.595,0.010000000009313226,0.0013706592177707099,0.9576197851091723,11.486979999999999,0.13575,0.9766405999279,0.00010322129253759194
